{"speed":0,"notes":[{"$id":"1","type":0,"sounds":[{"w":0,"d":0,"p":80,"v":0}],"pos":-1.5,"size":1,"_time":9.58305,"shift":0,"time":9.58305},{"$id":"2","type":0,"sounds":[{"w":0,"d":0,"p":80,"v":0}],"pos":0.5,"size":1,"_time":9.821145,"shift":0,"time":9.821145},{"$id":"3","type":0,"sounds":[{"w":0,"d":0,"p":80,"v":0}],"pos":0.5,"size":1,"_time":10.17829,"shift":0,"time":10.17829},{"$id":"4","type":0,"sounds":[{"w":0,"d":0,"p":80,"v":0}],"pos":0.5,"size":1,"_time":10.41638,"shift":0,"time":10.41638},{"$id":"5","type":0,"sounds":[{"w":0,"d":0,"p":80,"v":0}],"pos":0.5,"size":1,"_time":10.77353,"shift":0,"time":10.77353},{"$id":"6","type":0,"sounds":[{"w":0,"d":0,"p":80,"v":0}],"pos":-1.5,"size":1,"_time":11.01162,"shift":0,"time":11.01162},{"$id":"7","type":0,"sounds":[{"w":0,"d":0,"p":80,"v":0}],"pos":-0.5,"size":1,"_time":11.13067,"shift":0,"time":11.13067},{"$id":"8","type":0,"sounds":[{"w":0,"d":0,"p":80,"v":0}],"pos":0.5,"size":1,"_time":11.24972,"shift":0,"time":11.24972},{"$id":"9","type":0,"sounds":[{"w":0,"d":0,"p":80,"v":0}],"pos":1.5,"size":1,"_time":11.36876,"shift":0,"time":11.36876},{"$id":"10","type":0,"sounds":[{"w":0,"d":0,"p":80,"v":0}],"pos":-1,"size":1,"_time":11.48781,"shift":0,"time":11.48781},{"$id":"11","type":0,"sounds":[{"w":0,"d":0,"p":80,"v":0}],"pos":1.5,"size":1,"_time":11.72591,"shift":0,"time":11.72591},{"$id":"12","type":0,"sounds":[{"w":0,"d":0,"p":80,"v":0}],"pos":1.5,"size":1,"_time":12.08305,"shift":0,"time":12.08305},{"$id":"13","type":0,"sounds":[{"w":0,"d":0,"p":80,"v":0}],"pos":1.5,"size":1,"_time":12.32115,"shift":0,"time":12.32115},{"$id":"14","type":0,"sounds":[{"w":0,"d":0,"p":80,"v":0}],"pos":1.5,"size":1,"_time":12.67829,"shift":0,"time":12.67829},{"$id":"15","type":0,"sounds":[{"w":0,"d":0,"p":80,"v":0}],"pos":-1.5,"size":1,"_time":12.91638,"shift":0,"time":12.91638},{"$id":"16","type":0,"sounds":[{"w":0,"d":0,"p":80,"v":0}],"pos":-1,"size":1,"_time":13.03543,"shift":0,"time":13.03543},{"$id":"17","type":0,"sounds":[{"w":0,"d":0,"p":80,"v":0}],"pos":0,"size":1,"_time":13.15448,"shift":0,"time":13.15448},{"$id":"18","type":0,"sounds":[{"w":0,"d":0,"p":80,"v":0}],"pos":1.5,"size":1,"_time":13.27353,"shift":0,"time":13.27353},{"$id":"19","type":0,"sounds":[{"w":0,"d":0,"p":80,"v":0}],"pos":-2,"size":1,"_time":13.39257,"shift":0,"time":13.39257},{"$id":"20","type":0,"sounds":[{"w":0,"d":0,"p":80,"v":0}],"pos":1,"size":1,"_time":13.63067,"shift":0,"time":13.63067},{"$id":"21","type":0,"sounds":[{"w":0,"d":0,"p":80,"v":0}],"pos":1,"size":1,"_time":13.98781,"shift":0,"time":13.98781},{"$id":"22","type":0,"sounds":[{"w":0,"d":0,"p":80,"v":0}],"pos":1,"size":1,"_time":14.22591,"shift":0,"time":14.22591},{"$id":"23","type":0,"sounds":[{"w":0,"d":0,"p":80,"v":0}],"pos":0,"size":1,"_time":14.58305,"shift":0,"time":14.58305},{"$id":"24","type":0,"sounds":[{"w":0,"d":0,"p":80,"v":0}],"pos":-0.5,"size":1,"_time":14.82115,"shift":0,"time":14.82115},{"$id":"25","type":0,"sounds":[{"w":0,"d":0,"p":80,"v":0}],"pos":-1.5,"size":1,"_time":15.05924,"shift":0,"time":15.05924},{"$id":"26","type":0,"sounds":[{"w":0,"d":0,"p":80,"v":0}],"pos":-2,"size":1,"_time":15.29734,"shift":0,"time":15.29734},{"$id":"27","type":0,"sounds":[{"w":0,"d":0,"p":80,"v":0}],"pos":0.5,"size":1,"_time":15.53543,"shift":0,"time":15.53543},{"$id":"28","type":0,"sounds":[{"w":0,"d":0,"p":80,"v":0}],"pos":0.5,"size":1,"_time":15.89258,"shift":0,"time":15.89258},{"$id":"29","type":0,"sounds":[{"w":0,"d":0,"p":79,"v":0}],"pos":1.5,"size":1,"_time":16.13067,"shift":0,"time":16.13067},{"$id":"30","type":0,"sounds":[{"w":0,"d":0,"p":79,"v":0}],"pos":1.5,"size":1,"_time":16.36876,"shift":0,"time":16.36876},{"$id":"31","type":0,"sounds":[{"w":0,"d":0,"p":79,"v":0}],"pos":0.5,"size":1,"_time":16.60686,"shift":0,"time":16.60686},{"$id":"32","type":0,"sounds":[{"w":0,"d":0,"p":79,"v":0}],"pos":-0.5,"size":1,"_time":16.84495,"shift":0,"time":16.84495},{"$id":"33","type":0,"sounds":[{"w":0,"d":0,"p":77,"v":0}],"pos":1.5,"size":1.2,"_time":17.2021,"shift":0,"time":17.2021},{"$id":"34","type":0,"sounds":[{"w":0,"d":0,"p":77,"v":0}],"pos":-1,"size":1.2,"_time":17.2021,"shift":0,"time":17.2021},{"$id":"35","type":0,"sounds":[{"w":0,"d":0,"p":77,"v":0}],"pos":-2,"size":1,"_time":18.39257,"shift":0,"time":18.39257},{"$id":"36","type":0,"sounds":[{"w":0,"d":0,"p":77,"v":0}],"pos":-1,"size":1,"_time":18.51162,"shift":0,"time":18.51162},{"$id":"37","type":0,"sounds":[{"w":0,"d":0,"p":77,"v":0}],"pos":0,"size":1,"_time":18.63067,"shift":0,"time":18.63067},{"$id":"38","type":0,"sounds":[{"w":0,"d":0,"p":77,"v":0}],"pos":1,"size":1,"_time":18.74972,"shift":0,"time":18.74972},{"$id":"39","type":0,"sounds":[{"w":0,"d":0,"p":77,"v":0}],"pos":2,"size":1,"_time":18.86876,"shift":0,"time":18.86876},{"$id":"40","type":0,"sounds":[{"w":0,"d":0,"p":77,"v":0}],"pos":0.5,"size":1.2,"_time":19.10686,"shift":0,"time":19.10686},{"$id":"41","type":0,"sounds":[{"w":0,"d":0,"p":80,"v":0}],"pos":1.5,"size":1,"_time":20.02868,"shift":0,"time":20.02868},{"$id":"42","type":0,"sounds":[{"w":0,"d":0,"p":80,"v":0}],"pos":2,"size":1,"_time":20.05924,"shift":0,"time":20.05924},{"$id":"43","type":0,"sounds":[{"w":0,"d":0,"p":80,"v":0}],"pos":1,"size":1,"_time":20.29733,"shift":0,"time":20.29733},{"$id":"44","type":0,"sounds":[{"w":0,"d":0,"p":80,"v":0}],"pos":0,"size":1,"_time":20.53543,"shift":0,"time":20.53543},{"$id":"45","type":0,"sounds":[{"w":0,"d":0,"p":80,"v":0}],"pos":-1,"size":1,"_time":20.77353,"shift":0,"time":20.77353},{"$id":"46","type":0,"sounds":[{"w":0,"d":0,"p":80,"v":0}],"pos":0,"size":1,"_time":21.01162,"shift":0,"time":21.01162},{"$id":"47","type":0,"sounds":[{"w":0,"d":0,"p":80,"v":0}],"pos":-2,"size":1,"_time":21.24972,"shift":0,"time":21.24972},{"$id":"48","type":0,"sounds":[{"w":0,"d":0,"p":77,"v":0}],"pos":2,"size":1,"_time":21.72591,"shift":0,"time":21.72591},{"$id":"49","type":0,"sounds":[{"w":0,"d":0,"p":77,"v":0}],"pos":1,"size":1,"_time":21.964,"shift":0,"time":21.964},{"$id":"50","type":0,"sounds":[{"w":0,"d":0,"p":77,"v":0}],"pos":0,"size":1,"_time":22.2021,"shift":0,"time":22.2021},{"$id":"51","type":0,"sounds":[{"w":0,"d":0,"p":77,"v":0}],"pos":-1,"size":1,"_time":22.44019,"shift":0,"time":22.44019},{"$id":"52","type":0,"sounds":[{"w":0,"d":0,"p":77,"v":0}],"pos":-2,"size":1,"_time":22.67829,"shift":0,"time":22.67829},{"$id":"53","type":0,"sounds":[{"w":0,"d":0,"p":77,"v":0}],"pos":-1,"size":1,"_time":22.91638,"shift":0,"time":22.91638},{"$id":"54","type":0,"sounds":[{"w":0,"d":0,"p":77,"v":0}],"pos":1,"size":1,"_time":23.27352,"shift":0,"time":23.27352},{"$id":"55","type":0,"sounds":[{"w":0,"d":0,"p":77,"v":0}],"pos":-1,"size":1,"_time":23.63067,"shift":0,"time":23.63067},{"$id":"56","type":0,"sounds":[{"w":0,"d":0,"p":77,"v":0}],"pos":1,"size":1,"_time":23.86876,"shift":0,"time":23.86876},{"$id":"57","type":0,"sounds":[{"w":0,"d":0,"p":77,"v":0}],"pos":-0.5,"size":1,"_time":24.10686,"shift":0,"time":24.10686},{"$id":"58","type":0,"sounds":[{"w":0,"d":0,"p":77,"v":0}],"pos":-2,"size":1,"_time":24.34495,"shift":0,"time":24.34495},{"$id":"59","type":0,"sounds":[{"w":0,"d":0,"p":77,"v":0}],"pos":0,"size":1,"_time":24.58305,"shift":0,"time":24.58305},{"$id":"60","type":0,"sounds":[{"w":0,"d":0,"p":79,"v":0}],"pos":2,"size":1.2,"_time":24.82114,"shift":0,"time":24.82114},{"$id":"61","type":0,"sounds":[{"w":0,"d":0,"p":77,"v":0}],"pos":1.5,"size":1,"_time":25.05924,"shift":0,"time":25.05924},{"$id":"62","type":0,"sounds":[{"w":0,"d":0,"p":77,"v":0}],"pos":0.5,"size":1,"_time":25.29733,"shift":0,"time":25.29733},{"$id":"63","type":0,"sounds":[{"w":0,"d":0,"p":77,"v":0}],"pos":-2,"size":1,"_time":25.65448,"shift":0,"time":25.65448},{"$id":"64","type":0,"sounds":[{"w":0,"d":0,"p":77,"v":0}],"pos":-2,"size":1,"_time":26.01162,"shift":0,"time":26.01162},{"$id":"65","type":0,"sounds":[{"w":0,"d":0,"p":77,"v":0}],"pos":-1,"size":1,"_time":26.13067,"shift":0,"time":26.13067},{"$id":"66","type":0,"sounds":[{"w":0,"d":0,"p":77,"v":0}],"pos":0,"size":1,"_time":26.24972,"shift":0,"time":26.24972},{"$id":"67","type":0,"sounds":[{"w":0,"d":0,"p":77,"v":0}],"pos":1,"size":1,"_time":26.36876,"shift":0,"time":26.36876},{"$id":"68","type":0,"sounds":[{"w":0,"d":0,"p":77,"v":0}],"pos":2,"size":1,"_time":26.48781,"shift":0,"time":26.48781},{"$id":"69","type":0,"sounds":[{"w":0,"d":0,"p":77,"v":0}],"pos":0.5,"size":1.2,"_time":26.7259,"shift":0,"time":26.7259},{"$id":"70","type":0,"pos":1.5,"size":1,"_time":27.6573,"shift":0,"time":27.6573},{"$id":"71","type":0,"sounds":[{"w":0,"d":0,"p":80,"v":0}],"pos":2,"size":1,"_time":27.67829,"shift":0,"time":27.67829},{"$id":"72","type":0,"sounds":[{"w":0,"d":0,"p":80,"v":0}],"pos":1,"size":1,"_time":27.91638,"shift":0,"time":27.91638},{"$id":"73","type":0,"sounds":[{"w":0,"d":0,"p":80,"v":0}],"pos":0,"size":1,"_time":28.15448,"shift":0,"time":28.15448},{"$id":"74","type":0,"sounds":[{"w":0,"d":0,"p":80,"v":0}],"pos":-1,"size":1,"_time":28.39257,"shift":0,"time":28.39257},{"$id":"75","type":0,"sounds":[{"w":0,"d":0,"p":80,"v":0}],"pos":0,"size":1,"_time":28.63067,"shift":0,"time":28.63067},{"$id":"76","type":0,"sounds":[{"w":0,"d":0,"p":77,"v":0}],"pos":2,"size":1.2,"_time":28.86876,"shift":0,"time":28.86876},{"$id":"77","type":0,"sounds":[{"w":0,"d":0,"p":77,"v":0}],"pos":1,"size":1.2,"_time":29.464,"shift":0,"time":29.464},{"$id":"78","type":0,"sounds":[{"w":0,"d":0,"p":77,"v":0}],"pos":0,"size":1.2,"_time":30.17829,"shift":0,"time":30.17829},{"$id":"79","type":0,"sounds":[{"w":0,"d":0,"p":77,"v":0}],"pos":-1,"size":1.2,"_time":30.89257,"shift":0,"time":30.89257},{"$id":"80","type":0,"sounds":[{"w":0,"d":0,"p":77,"v":0}],"pos":-2,"size":1.2,"_time":31.60686,"shift":0,"time":31.60686},{"$id":"81","type":0,"sounds":[{"w":0,"d":0,"p":79,"v":0}],"pos":-1.5,"size":1.1,"_time":31.964,"shift":0,"time":31.964},{"$id":"82","type":0,"sounds":[{"w":0,"d":0,"p":79,"v":0}],"pos":-0.3800001,"size":1,"_time":32.08305,"shift":0,"time":32.08305},{"$id":"83","type":0,"sounds":[{"w":0,"d":0,"p":79,"v":0}],"pos":0.6999999,"size":1,"_time":32.2021,"shift":0,"time":32.2021},{"$id":"84","type":0,"sounds":[{"w":0,"d":0,"p":79,"v":0}],"pos":-0.3800001,"size":1,"_time":32.32114,"shift":0,"time":32.32114},{"$id":"85","type":0,"sounds":[{"w":0,"d":0,"p":79,"v":0}],"pos":-1.5,"size":1.1,"_time":32.44019,"shift":0,"time":32.44019},{"$id":"86","type":0,"sounds":[{"w":0,"d":0,"p":81,"v":0}],"pos":1,"size":1,"_time":32.67828,"shift":0,"time":32.67828},{"$id":"87","type":0,"sounds":[{"w":0,"d":0,"p":81,"v":0}],"pos":-1,"size":1,"_time":33.03542,"shift":0,"time":33.03542},{"$id":"88","type":0,"sounds":[{"w":0,"d":0,"p":81,"v":0}],"pos":1,"size":1,"_time":33.39257,"shift":0,"time":33.39257},{"$id":"89","type":0,"sounds":[{"w":0,"d":0,"p":81,"v":0}],"pos":-1.5,"size":1.1,"_time":33.63066,"shift":0,"time":33.63066},{"$id":"90","type":0,"sounds":[{"w":0,"d":0,"p":81,"v":0}],"pos":0,"size":1,"_time":33.86876,"shift":0,"time":33.86876},{"$id":"91","type":0,"sounds":[{"w":0,"d":0,"p":81,"v":0}],"pos":1,"size":1,"_time":34.10686,"shift":0,"time":34.10686},{"$id":"92","type":0,"sounds":[{"w":0,"d":0,"p":81,"v":0}],"pos":-2,"size":1.1,"_time":34.34496,"shift":0,"time":34.34496},{"$id":"93","type":0,"sounds":[{"w":0,"d":0,"p":81,"v":0}],"pos":0.5,"size":1.1,"_time":34.7021,"shift":0,"time":34.7021},{"$id":"94","type":0,"sounds":[{"w":0,"d":0,"p":81,"v":0}],"pos":-2,"size":1.1,"_time":35.05923,"shift":0,"time":35.05923},{"$id":"95","type":0,"sounds":[{"w":0,"d":0,"p":81,"v":0}],"pos":-1,"size":1,"_time":35.29733,"shift":0,"time":35.29733},{"$id":"96","type":0,"sounds":[{"w":0,"d":0,"p":81,"v":0}],"pos":0,"size":1.1,"_time":35.53543,"shift":0,"time":35.53543},{"$id":"97","type":0,"sounds":[{"w":0,"d":0,"p":81,"v":0}],"pos":2,"size":1.1,"_time":35.77352,"shift":0,"time":35.77352},{"$id":"98","type":0,"sounds":[{"w":0,"d":0,"p":81,"v":0}],"pos":0,"size":1.1,"_time":36.01162,"shift":0,"time":36.01162},{"$id":"99","type":0,"sounds":[{"w":0,"d":0,"p":80,"v":0}],"pos":-1.5,"size":1,"_time":36.24971,"shift":0,"time":36.24971},{"$id":"100","type":0,"sounds":[{"w":0,"d":0,"p":80,"v":0}],"pos":0.5,"size":1,"_time":36.60686,"shift":0,"time":36.60686},{"$id":"101","type":0,"sounds":[{"w":0,"d":0,"p":80,"v":0}],"pos":-1.5,"size":1,"_time":36.964,"shift":0,"time":36.964},{"$id":"102","type":0,"sounds":[{"w":0,"d":0,"p":80,"v":0}],"pos":-1.5,"size":1,"_time":37.2021,"shift":0,"time":37.2021},{"$id":"103","type":0,"sounds":[{"w":0,"d":0,"p":80,"v":0}],"pos":-2,"size":1.1,"_time":37.44019,"shift":0,"time":37.44019},{"$id":"104","type":0,"sounds":[{"w":0,"d":0,"p":80,"v":0}],"pos":-0.5,"size":1.1,"_time":37.44019,"shift":0,"time":37.44019},{"$id":"105","type":0,"sounds":[{"w":0,"d":0,"p":80,"v":0}],"pos":0.5,"size":1.1,"_time":37.67828,"shift":0,"time":37.67828},{"$id":"106","type":0,"sounds":[{"w":0,"d":0,"p":80,"v":0}],"pos":-1,"size":1.1,"_time":37.67829,"shift":0,"time":37.67829},{"$id":"107","type":0,"sounds":[{"w":0,"d":0,"p":80,"v":0}],"pos":0,"size":1.1,"_time":37.91638,"shift":0,"time":37.91638},{"$id":"108","type":0,"sounds":[{"w":0,"d":0,"p":80,"v":0}],"pos":1.5,"size":1.1,"_time":37.91638,"shift":0,"time":37.91638},{"$id":"109","type":0,"sounds":[{"w":0,"d":0,"p":80,"v":0}],"pos":-1,"size":1.1,"_time":38.15447,"shift":0,"time":38.15447},{"$id":"110","type":0,"sounds":[{"w":0,"d":0,"p":80,"v":0}],"pos":2,"size":1.1,"_time":38.51162,"shift":0,"time":38.51162},{"$id":"111","type":0,"sounds":[{"w":0,"d":0,"p":80,"v":0}],"pos":-1,"size":1.1,"_time":38.86876,"shift":0,"time":38.86876},{"$id":"112","type":0,"pos":0,"size":1,"_time":38.98781,"shift":0,"time":38.98781},{"$id":"113","type":0,"pos":1,"size":1,"_time":39.10685,"shift":0,"time":39.10685},{"$id":"114","type":0,"pos":-2,"size":1,"_time":39.34495,"shift":0,"time":39.34495},{"$id":"115","type":0,"pos":-1.199995,"size":1,"_time":39.464,"shift":0,"time":39.464},{"$id":"116","type":0,"pos":-0.3999898,"size":1,"_time":39.58305,"shift":0,"time":39.58305},{"$id":"117","type":0,"pos":0.3999898,"size":1,"_time":39.70209,"shift":0,"time":39.70209},{"$id":"118","type":0,"pos":1.199995,"size":1,"_time":39.82114,"shift":0,"time":39.82114},{"$id":"119","type":0,"pos":2,"size":1,"_time":39.94019,"shift":0,"time":39.94019},{"$id":"120","type":0,"sounds":[{"w":0,"d":0,"p":80,"v":0}],"pos":-1.399996,"size":1,"_time":40.05923,"shift":0,"time":40.05923},{"$id":"121","type":0,"sounds":[{"w":0,"d":0,"p":80,"v":0}],"pos":2,"size":1,"_time":40.41638,"shift":0,"time":40.41638},{"$id":"122","type":0,"sounds":[{"w":0,"d":0,"p":80,"v":0}],"pos":-1.399996,"size":1,"_time":40.77352,"shift":0,"time":40.77352},{"$id":"123","type":0,"sounds":[{"w":0,"d":0,"p":77,"v":0}],"pos":-2,"size":1.1,"_time":41.01162,"shift":0,"time":41.01162},{"$id":"124","type":0,"sounds":[{"w":0,"d":0,"p":77,"v":0}],"pos":-1,"size":1.1,"_time":41.24971,"shift":0,"time":41.24971},{"$id":"125","type":0,"sounds":[{"w":0,"d":0,"p":77,"v":0}],"pos":0.5,"size":1.1,"_time":41.48781,"shift":0,"time":41.48781},{"$id":"126","type":0,"sounds":[{"w":0,"d":0,"p":77,"v":0}],"pos":2,"size":1.1,"_time":41.7259,"shift":0,"time":41.7259},{"$id":"127","type":0,"sounds":[{"w":0,"d":0,"p":76,"v":0}],"pos":-1,"size":1.2,"_time":41.964,"shift":0,"time":41.964},{"$id":"128","type":0,"sounds":[{"w":0,"d":0,"p":77,"v":0}],"pos":1.5,"size":1.1,"_time":41.964,"shift":0,"time":41.964},{"$id":"129","type":0,"sounds":[{"w":0,"d":0,"p":79,"v":0}],"pos":-1,"size":1,"_time":42.32114,"shift":0,"time":42.32114},{"$id":"130","type":0,"sounds":[{"w":0,"d":0,"p":79,"v":0}],"pos":-2,"size":1.1,"_time":42.55923,"shift":0,"time":42.55923},{"$id":"131","type":0,"sounds":[{"w":0,"d":0,"p":79,"v":0}],"pos":0.5,"size":1,"_time":42.91638,"shift":0,"time":42.91638},{"$id":"132","type":0,"sounds":[{"w":0,"d":0,"p":83,"v":0}],"pos":-0.1999999,"size":1,"_time":43.15447,"shift":0,"time":43.15447},{"$id":"133","type":0,"sounds":[{"w":0,"d":0,"p":83,"v":0}],"pos":0.9000001,"size":1,"_time":43.39257,"shift":0,"time":43.39257},{"$id":"134","type":0,"sounds":[{"w":0,"d":0,"p":83,"v":0}],"pos":2,"size":1,"_time":43.63066,"shift":0,"time":43.63066},{"$id":"135","type":0,"sounds":[{"w":0,"d":0,"p":78,"v":0}],"pos":2,"size":1.2,"_time":43.86876,"shift":0,"time":43.86876},{"$id":"136","type":0,"sounds":[{"w":0,"d":0,"p":78,"v":0}],"pos":-2,"size":1,"_time":44.10686,"shift":0,"time":44.10686},{"$id":"137","type":0,"sounds":[{"w":0,"d":0,"p":78,"v":0}],"pos":0.5,"size":1,"_time":44.34496,"shift":0,"time":44.34496},{"$id":"138","type":0,"sounds":[{"w":0,"d":0,"p":78,"v":0}],"pos":-1.5,"size":1,"_time":44.58305,"shift":0,"time":44.58305},{"$id":"139","type":0,"sounds":[{"w":0,"d":0,"p":78,"v":0}],"pos":1.5,"size":1,"_time":44.82114,"shift":0,"time":44.82114},{"$id":"140","type":0,"sounds":[{"w":0,"d":0,"p":78,"v":0}],"pos":-1,"size":1,"_time":45.05923,"shift":0,"time":45.05923},{"$id":"141","type":0,"sounds":[{"w":0,"d":0,"p":78,"v":0}],"pos":1,"size":1,"_time":45.29733,"shift":0,"time":45.29733},{"$id":"142","type":0,"sounds":[{"w":0,"d":0,"p":78,"v":0}],"pos":-2,"size":1,"_time":45.53543,"shift":0,"time":45.53543},{"$id":"143","type":0,"sounds":[{"w":0,"d":0,"p":78,"v":0}],"pos":2,"size":1,"_time":45.77352,"shift":0,"time":45.77352},{"$id":"144","type":0,"sounds":[{"w":0,"d":0,"p":78,"v":0}],"pos":-2,"size":1,"_time":46.01162,"shift":0,"time":46.01162},{"$id":"145","type":0,"sounds":[{"w":0,"d":0,"p":78,"v":0}],"pos":-1,"size":1,"_time":46.09098,"shift":0,"time":46.09098},{"$id":"146","type":0,"sounds":[{"w":0,"d":0,"p":78,"v":0}],"pos":0,"size":1,"_time":46.17035,"shift":0,"time":46.17035},{"$id":"147","type":0,"sounds":[{"w":0,"d":0,"p":78,"v":0}],"pos":1,"size":1,"_time":46.24971,"shift":0,"time":46.24971},{"$id":"148","type":0,"sounds":[{"w":0,"d":0,"p":78,"v":0}],"pos":-1,"size":1,"_time":46.48781,"shift":0,"time":46.48781},{"$id":"149","type":0,"sounds":[{"w":0,"d":0,"p":78,"v":0}],"pos":0,"size":1,"_time":46.56718,"shift":0,"time":46.56718},{"$id":"150","type":0,"sounds":[{"w":0,"d":0,"p":78,"v":0}],"pos":1,"size":1,"_time":46.64654,"shift":0,"time":46.64654},{"$id":"151","type":0,"sounds":[{"w":0,"d":0,"p":78,"v":0}],"pos":2,"size":1,"_time":46.72591,"shift":0,"time":46.72591},{"$id":"152","type":0,"sounds":[{"w":0,"d":0,"p":83,"v":0}],"pos":-1.5,"size":1.2,"_time":46.964,"shift":0,"time":46.964},{"$id":"153","type":0,"sounds":[{"w":0,"d":0,"p":83,"v":0}],"pos":2,"size":1,"_time":47.2021,"shift":0,"time":47.2021},{"$id":"154","type":0,"pos":1.4,"size":1,"_time":47.32114,"shift":0,"time":47.32114},{"$id":"155","type":0,"pos":0.8,"size":1,"_time":47.44019,"shift":0,"time":47.44019},{"$id":"156","type":0,"pos":0.2,"size":1,"_time":47.55924,"shift":0,"time":47.55924},{"$id":"157","type":0,"sounds":[{"w":0,"d":0,"p":78,"v":0}],"pos":-0.5,"size":1,"_time":47.67829,"shift":0,"time":47.67829},{"$id":"158","type":0,"sounds":[{"w":0,"d":0,"p":78,"v":0}],"pos":-2,"size":1.05,"_time":47.91638,"shift":0,"time":47.91638},{"$id":"159","type":0,"sounds":[{"w":0,"d":0,"p":78,"v":0}],"pos":-0.5,"size":1.05,"_time":48.15448,"shift":0,"time":48.15448},{"$id":"160","type":0,"sounds":[{"w":0,"d":0,"p":78,"v":0}],"pos":1,"size":1.05,"_time":48.39257,"shift":0,"time":48.39257},{"$id":"161","type":0,"sounds":[{"w":0,"d":0,"p":78,"v":0}],"pos":-0.5,"size":1.05,"_time":48.63067,"shift":0,"time":48.63067},{"$id":"162","type":0,"sounds":[{"w":0,"d":0,"p":78,"v":0}],"pos":-2,"size":1.05,"_time":48.86876,"shift":0,"time":48.86876},{"$id":"163","type":0,"sounds":[{"w":0,"d":0,"p":78,"v":0}],"pos":1.5,"size":1.05,"_time":49.10686,"shift":0,"time":49.10686},{"$id":"164","type":0,"sounds":[{"w":0,"d":0,"p":78,"v":0}],"pos":-1,"size":1.05,"_time":49.34495,"shift":0,"time":49.34495},{"$id":"165","type":0,"sounds":[{"w":0,"d":0,"p":78,"v":0}],"pos":2,"size":1,"_time":49.58305,"shift":0,"time":49.58305},{"$id":"166","type":0,"sounds":[{"w":0,"d":0,"p":77,"v":0}],"pos":1,"size":1,"_time":49.82114,"shift":0,"time":49.82114},{"$id":"167","type":0,"sounds":[{"w":0,"d":0,"p":77,"v":0}],"pos":-0.5,"size":1,"_time":50.05924,"shift":0,"time":50.05924},{"$id":"168","type":0,"sounds":[{"w":0,"d":0,"p":77,"v":0}],"pos":0.5,"size":1,"_time":50.29733,"shift":0,"time":50.29733},{"$id":"169","type":0,"sounds":[{"w":0,"d":0,"p":77,"v":0}],"pos":-2,"size":1,"_time":50.53543,"shift":0,"time":50.53543},{"$id":"170","type":0,"sounds":[{"w":0,"d":0,"p":77,"v":0}],"pos":0,"size":1,"_time":50.77352,"shift":0,"time":50.77352},{"$id":"171","type":0,"sounds":[{"w":0,"d":0,"p":77,"v":0}],"pos":-1.5,"size":1,"_time":51.01162,"shift":0,"time":51.01162},{"$id":"172","type":0,"sounds":[{"w":0,"d":0,"p":77,"v":0}],"pos":-1,"size":1,"_time":51.24971,"shift":0,"time":51.24971},{"$id":"173","type":0,"sounds":[{"w":0,"d":0,"p":78,"v":0}],"pos":1,"size":1,"_time":51.48781,"shift":0,"time":51.48781},{"$id":"174","type":0,"sounds":[{"w":0,"d":0,"p":78,"v":0}],"pos":-1.12,"size":1,"_time":51.964,"shift":0,"time":51.964},{"$id":"175","type":0,"sounds":[{"w":0,"d":0,"p":78,"v":0}],"pos":-0.5799999,"size":1,"_time":52.04337,"shift":0,"time":52.04337},{"$id":"176","type":0,"sounds":[{"w":0,"d":0,"p":78,"v":0}],"pos":-0.04,"size":1,"_time":52.12273,"shift":0,"time":52.12273},{"$id":"177","type":0,"sounds":[{"w":0,"d":0,"p":78,"v":0}],"pos":0.54,"size":1,"_time":52.2021,"shift":0,"time":52.2021},{"$id":"178","type":0,"sounds":[{"w":0,"d":0,"p":78,"v":0}],"pos":1.08,"size":1,"_time":52.28146,"shift":0,"time":52.28146},{"$id":"179","type":0,"sounds":[{"w":0,"d":0,"p":78,"v":0}],"pos":1.62,"size":1,"_time":52.36082,"shift":0,"time":52.36082},{"$id":"180","type":0,"sounds":[{"w":0,"d":0,"p":76,"v":0}],"pos":-0.5,"size":1,"_time":52.44019,"shift":0,"time":52.44019},{"$id":"181","type":0,"sounds":[{"w":0,"d":0,"p":78,"v":0}],"pos":1.5,"size":1,"_time":52.75765,"shift":0,"time":52.75765},{"$id":"182","type":0,"sounds":[{"w":0,"d":0,"p":78,"v":0}],"pos":2,"size":1,"_time":52.83702,"shift":0,"time":52.83702},{"$id":"183","type":0,"sounds":[{"w":0,"d":0,"p":78,"v":0}],"pos":1.5,"size":1,"_time":52.91638,"shift":0,"time":52.91638},{"$id":"184","type":0,"sounds":[{"w":0,"d":0,"p":77,"v":0}],"pos":2,"size":1,"_time":53.03542,"shift":0,"time":53.03542},{"$id":"185","type":0,"sounds":[{"w":0,"d":0,"p":77,"v":0}],"pos":1.5,"size":1,"_time":53.15447,"shift":0,"time":53.15447},{"$id":"186","type":0,"sounds":[{"w":0,"d":0,"p":77,"v":0}],"pos":0.5,"size":1,"_time":53.27352,"shift":0,"time":53.27352},{"$id":"187","type":0,"pos":2,"size":1,"_time":53.39257,"shift":0,"time":53.39257},{"$id":"188","type":0,"pos":1.3,"size":1,"_time":53.47194,"shift":0,"time":53.47194},{"$id":"189","type":0,"pos":0.5999999,"size":1,"_time":53.5513,"shift":0,"time":53.5513},{"$id":"190","type":0,"pos":-0.09999999,"size":1,"_time":53.63067,"shift":0,"time":53.63067},{"$id":"191","type":0,"pos":-0.8000001,"size":1,"_time":53.71003,"shift":0,"time":53.71003},{"$id":"192","type":0,"pos":-1.5,"size":1,"_time":53.7894,"shift":0,"time":53.7894},{"$id":"193","type":0,"pos":-0.4,"size":1,"_time":53.86876,"shift":0,"time":53.86876},{"$id":"194","type":0,"pos":0.2999999,"size":1,"_time":53.94813,"shift":0,"time":53.94813},{"$id":"195","type":0,"pos":-0.4,"size":1,"_time":54.02749,"shift":0,"time":54.02749},{"$id":"196","type":0,"pos":-1.1,"size":1,"_time":54.10686,"shift":0,"time":54.10686},{"$id":"197","type":0,"pos":-1.8,"size":1,"_time":54.18622,"shift":0,"time":54.18622},{"$id":"198","type":0,"pos":-1.1,"size":1,"_time":54.26559,"shift":0,"time":54.26559},{"$id":"199","type":0,"sounds":[{"w":0,"d":0,"p":84,"v":0}],"pos":1.9,"size":1,"_time":54.464,"shift":0,"time":54.464},{"$id":"200","type":0,"sounds":[{"w":0,"d":0,"p":84,"v":0}],"pos":1.6,"size":1,"_time":54.58305,"shift":0,"time":54.58305},{"$id":"201","type":0,"sounds":[{"w":0,"d":0,"p":84,"v":0}],"pos":1,"size":1,"_time":54.66241,"shift":0,"time":54.66241},{"$id":"202","type":0,"sounds":[{"w":0,"d":0,"p":84,"v":0}],"pos":1.6,"size":1,"_time":54.74178,"shift":0,"time":54.74178},{"$id":"203","type":0,"sounds":[{"w":0,"d":0,"p":84,"v":0}],"pos":1,"size":1,"_time":54.88066,"shift":0,"time":54.88066},{"$id":"204","type":0,"sounds":[{"w":0,"d":0,"p":84,"v":0}],"pos":1.6,"size":1,"_time":54.99971,"shift":0,"time":54.99971},{"$id":"205","type":0,"sounds":[{"w":0,"d":0,"p":84,"v":0}],"pos":1,"size":1,"_time":55.11876,"shift":0,"time":55.11876},{"$id":"206","type":0,"sounds":[{"w":0,"d":0,"p":84,"v":0}],"pos":1.6,"size":1,"_time":55.23781,"shift":0,"time":55.23781},{"$id":"207","type":0,"sounds":[{"w":0,"d":0,"p":83,"v":0}],"pos":0.4999999,"size":1.05,"_time":55.29734,"shift":0,"time":55.29734},{"$id":"208","type":0,"sounds":[{"w":0,"d":0,"p":83,"v":0}],"pos":-2,"size":1.05,"_time":55.53543,"shift":0,"time":55.53543},{"$id":"209","type":0,"sounds":[{"w":0,"d":0,"p":76,"v":0}],"pos":1,"size":1.05,"_time":55.77353,"shift":0,"time":55.77353},{"$id":"210","type":0,"sounds":[{"w":0,"d":0,"p":76,"v":0}],"pos":0,"size":1.05,"_time":56.01162,"shift":0,"time":56.01162},{"$id":"211","type":0,"sounds":[{"w":0,"d":0,"p":76,"v":0}],"pos":-1,"size":1.05,"_time":56.24972,"shift":0,"time":56.24972},{"$id":"212","type":0,"sounds":[{"w":0,"d":0,"p":76,"v":0}],"pos":-2,"size":1.05,"_time":56.48781,"shift":0,"time":56.48781},{"$id":"213","type":0,"sounds":[{"w":0,"d":0,"p":76,"v":0}],"pos":1.5,"size":1.05,"_time":56.72591,"shift":0,"time":56.72591},{"$id":"214","type":0,"sounds":[{"w":0,"d":0,"p":76,"v":0}],"pos":-1.5,"size":1.05,"_time":56.964,"shift":0,"time":56.964},{"$id":"215","type":0,"sounds":[{"w":0,"d":0,"p":74,"v":0}],"pos":0.5,"size":1.05,"_time":57.2021,"shift":0,"time":57.2021},{"$id":"216","type":0,"sounds":[{"w":0,"d":0,"p":74,"v":0}],"pos":-2,"size":1.05,"_time":57.44019,"shift":0,"time":57.44019},{"$id":"217","type":0,"sounds":[{"w":0,"d":0,"p":74,"v":0}],"pos":1,"size":1.05,"_time":57.67829,"shift":0,"time":57.67829},{"$id":"218","type":0,"sounds":[{"w":0,"d":0,"p":74,"v":0}],"pos":-0.5,"size":1.05,"_time":57.91638,"shift":0,"time":57.91638},{"$id":"219","type":0,"sounds":[{"w":0,"d":0,"p":74,"v":0}],"pos":1.7,"size":1.05,"_time":58.15448,"shift":0,"time":58.15448},{"$id":"220","type":0,"sounds":[{"w":0,"d":0,"p":74,"v":0}],"pos":-1,"size":1.05,"_time":58.39257,"shift":0,"time":58.39257},{"$id":"221","type":0,"sounds":[{"w":0,"d":0,"p":74,"v":0}],"pos":2,"size":1.05,"_time":58.63067,"shift":0,"time":58.63067},{"$id":"222","type":0,"sounds":[{"w":0,"d":0,"p":74,"v":0}],"pos":0.1,"size":1.05,"_time":58.86876,"shift":0,"time":58.86876},{"$id":"223","type":0,"sounds":[{"w":0,"d":0,"p":74,"v":0}],"pos":1.5,"size":0.95,"_time":59.02749,"shift":0,"time":59.02749},{"$id":"224","type":0,"pos":2,"size":0.85,"_time":59.10686,"shift":0,"time":59.10686},{"$id":"225","type":0,"pos":1.733334,"size":0.8749999,"_time":59.18622,"shift":0,"time":59.18622},{"$id":"226","type":0,"pos":1.466668,"size":0.8999998,"_time":59.26559,"shift":0,"time":59.26559},{"$id":"227","type":0,"pos":1.200002,"size":0.9249997,"_time":59.34495,"shift":0,"time":59.34495},{"$id":"228","type":0,"pos":0.9333359,"size":0.9499996,"_time":59.42432,"shift":0,"time":59.42432},{"$id":"229","type":0,"pos":0.6666698,"size":0.9749995,"_time":59.50368,"shift":0,"time":59.50368},{"$id":"230","type":0,"pos":0.4000039,"size":0.9999994,"_time":59.58305,"shift":0,"time":59.58305},{"$id":"231","type":0,"pos":0.1333299,"size":1.025,"_time":59.66241,"shift":0,"time":59.66241},{"$id":"232","type":0,"pos":-0.133336,"size":1.05,"_time":59.74178,"shift":0,"time":59.74178},{"$id":"233","type":0,"pos":-0.400002,"size":1.075,"_time":59.82114,"shift":0,"time":59.82114},{"$id":"234","type":0,"pos":-0.666668,"size":1.1,"_time":59.90051,"shift":0,"time":59.90051},{"$id":"235","type":0,"pos":-0.9333341,"size":1.125,"_time":59.97987,"shift":0,"time":59.97987},{"$id":"236","type":0,"pos":-1.2,"size":1.15,"_time":60.05924,"shift":0,"time":60.05924},{"$id":"237","type":0,"sounds":[{"w":0,"d":0,"p":73,"v":0}],"pos":0.5,"size":1,"_time":60.29733,"shift":0,"time":60.29733},{"$id":"238","type":0,"sounds":[{"w":0,"d":0,"p":81,"v":0}],"pos":-1,"size":1,"_time":60.53543,"shift":0,"time":60.53543},{"$id":"239","type":0,"sounds":[{"w":0,"d":0,"p":81,"v":0}],"pos":0.5,"size":1,"_time":60.77352,"shift":0,"time":60.77352},{"$id":"240","type":0,"sounds":[{"w":0,"d":0,"p":81,"v":0}],"pos":2,"size":1.1,"_time":61.01162,"shift":0,"time":61.01162},{"$id":"241","type":0,"sounds":[{"w":0,"d":0,"p":81,"v":0}],"pos":0,"size":1.1,"_time":61.24971,"shift":0,"time":61.24971},{"$id":"242","type":0,"sounds":[{"w":0,"d":0,"p":81,"v":0}],"pos":-1.5,"size":1.1,"_time":61.48781,"shift":0,"time":61.48781},{"$id":"243","type":0,"sounds":[{"w":0,"d":0,"p":81,"v":0}],"pos":2,"size":1.1,"_time":61.72591,"shift":0,"time":61.72591},{"$id":"244","type":0,"sounds":[{"w":0,"d":0,"p":81,"v":0}],"pos":0.5,"size":1.1,"_time":61.964,"shift":0,"time":61.964},{"$id":"245","type":0,"sounds":[{"w":0,"d":0,"p":80,"v":0}],"pos":1.2,"size":1.2,"_time":62.2021,"shift":0,"time":62.2021},{"$id":"246","type":0,"sounds":[{"w":0,"d":0,"p":80,"v":0}],"pos":-1.3,"size":1.2,"_time":62.2021,"shift":0,"time":62.2021},{"$id":"247","type":0,"sounds":[{"w":0,"d":0,"p":80,"v":0}],"pos":2,"size":1.2,"_time":62.44019,"shift":0,"time":62.44019},{"$id":"248","type":0,"sounds":[{"w":0,"d":0,"p":80,"v":0}],"pos":-0.5,"size":1.2,"_time":62.44019,"shift":0,"time":62.44019},{"$id":"249","type":0,"sounds":[{"w":0,"d":0,"p":80,"v":0}],"pos":0.5,"size":1.2,"_time":62.67828,"shift":0,"time":62.67828},{"$id":"250","type":0,"sounds":[{"w":0,"d":0,"p":80,"v":0}],"pos":-2,"size":1.2,"_time":62.67828,"shift":0,"time":62.67828},{"$id":"251","type":0,"sounds":[{"w":0,"d":0,"p":83,"v":0}],"pos":1.5,"size":1.1,"_time":62.91637,"shift":0,"time":62.91637},{"$id":"252","type":0,"sounds":[{"w":0,"d":0,"p":83,"v":0}],"pos":-1,"size":1,"_time":63.27352,"shift":0,"time":63.27352},{"$id":"253","type":0,"sounds":[{"w":0,"d":0,"p":83,"v":0}],"pos":0.5,"size":1,"_time":63.51162,"shift":0,"time":63.51162},{"$id":"254","type":0,"sounds":[{"w":0,"d":0,"p":83,"v":0}],"pos":-2,"size":1,"_time":63.63066,"shift":0,"time":63.63066},{"$id":"255","type":0,"sounds":[{"w":0,"d":0,"p":83,"v":0}],"pos":-1,"size":1,"_time":63.74971,"shift":0,"time":63.74971},{"$id":"256","type":0,"sounds":[{"w":0,"d":0,"p":83,"v":0}],"pos":0,"size":1,"_time":63.86876,"shift":0,"time":63.86876},{"$id":"257","type":0,"sounds":[{"w":0,"d":0,"p":83,"v":0}],"pos":-2,"size":1,"_time":64.10686,"shift":0,"time":64.10686},{"$id":"258","type":0,"sounds":[{"w":0,"d":0,"p":83,"v":0}],"pos":-2,"size":1,"_time":64.34496,"shift":0,"time":64.34496},{"$id":"259","type":0,"sounds":[{"w":0,"d":0,"p":83,"v":0}],"pos":-1,"size":1,"_time":64.58305,"shift":0,"time":64.58305},{"$id":"260","type":0,"sounds":[{"w":0,"d":0,"p":83,"v":0}],"pos":0,"size":1,"_time":64.82114,"shift":0,"time":64.82114},{"$id":"261","type":0,"sounds":[{"w":0,"d":0,"p":83,"v":0}],"pos":2,"size":1,"_time":65.05923,"shift":0,"time":65.05923},{"$id":"262","type":0,"sounds":[{"w":0,"d":0,"p":83,"v":0}],"pos":-1.490116E-08,"size":1,"_time":65.41638,"shift":0,"time":65.41638},{"$id":"263","type":0,"sounds":[{"w":0,"d":0,"p":83,"v":0}],"pos":-0.4,"size":1,"_time":65.53543,"shift":0,"time":65.53543},{"$id":"264","type":0,"sounds":[{"w":0,"d":0,"p":83,"v":0}],"pos":0.5,"size":1,"_time":65.65447,"shift":0,"time":65.65447},{"$id":"265","type":0,"sounds":[{"w":0,"d":0,"p":83,"v":0}],"pos":1.4,"size":1,"_time":65.77352,"shift":0,"time":65.77352},{"$id":"266","type":0,"sounds":[{"w":0,"d":0,"p":78,"v":0}],"pos":0.5,"size":1,"_time":66.01162,"shift":0,"time":66.01162},{"$id":"267","type":0,"sounds":[{"w":0,"d":0,"p":78,"v":0}],"pos":-0.5,"size":1,"_time":66.24972,"shift":0,"time":66.24972},{"$id":"268","type":0,"sounds":[{"w":0,"d":0,"p":78,"v":0}],"pos":0.5,"size":1,"_time":66.48781,"shift":0,"time":66.48781},{"$id":"269","type":0,"sounds":[{"w":0,"d":0,"p":78,"v":0}],"pos":-1.8,"size":1.05,"_time":66.72591,"shift":0,"time":66.72591},{"$id":"270","type":0,"sounds":[{"w":0,"d":0,"p":78,"v":0}],"pos":-1.8,"size":1.05,"_time":66.964,"shift":0,"time":66.964},{"$id":"271","type":0,"sounds":[{"w":0,"d":0,"p":78,"v":0}],"pos":-1,"size":1.05,"_time":67.20209,"shift":0,"time":67.20209},{"$id":"272","type":0,"sounds":[{"w":0,"d":0,"p":78,"v":0}],"pos":0,"size":1.05,"_time":67.44019,"shift":0,"time":67.44019},{"$id":"273","type":0,"sounds":[{"w":0,"d":0,"p":78,"v":0}],"pos":1,"size":1.05,"_time":67.67827,"shift":0,"time":67.67827},{"$id":"274","type":0,"sounds":[{"w":0,"d":0,"p":78,"v":0}],"pos":2,"size":1.05,"_time":67.91637,"shift":0,"time":67.91637},{"$id":"275","type":0,"sounds":[{"w":0,"d":0,"p":77,"v":0}],"pos":-1,"size":1.05,"_time":68.15448,"shift":0,"time":68.15448},{"$id":"276","type":0,"sounds":[{"w":0,"d":0,"p":77,"v":0}],"pos":0,"size":1.05,"_time":68.39258,"shift":0,"time":68.39258},{"$id":"277","type":0,"sounds":[{"w":0,"d":0,"p":72,"v":0}],"pos":1,"size":1.05,"_time":68.63066,"shift":0,"time":68.63066},{"$id":"278","type":0,"sounds":[{"w":0,"d":0,"p":72,"v":0}],"pos":2,"size":1.2,"_time":68.86877,"shift":0,"time":68.86877},{"$id":"279","type":0,"sounds":[{"w":0,"d":0,"p":72,"v":0}],"pos":1,"size":1.2,"_time":69.10686,"shift":0,"time":69.10686},{"$id":"280","type":0,"sounds":[{"w":0,"d":0,"p":72,"v":0}],"pos":0,"size":1.2,"_time":69.34496,"shift":0,"time":69.34496},{"$id":"281","type":0,"sounds":[{"w":0,"d":0,"p":72,"v":0}],"pos":1,"size":1.2,"_time":69.58304,"shift":0,"time":69.58304},{"$id":"282","type":0,"sounds":[{"w":0,"d":0,"p":72,"v":0}],"pos":0,"size":1.2,"_time":69.82115,"shift":0,"time":69.82115},{"$id":"283","type":0,"sounds":[{"w":0,"d":0,"p":72,"v":0}],"pos":-1.5,"size":1.2,"_time":70.05922,"shift":0,"time":70.05922},{"$id":"284","type":0,"sounds":[{"w":0,"d":0,"p":72,"v":0}],"pos":-0.5,"size":1.2,"_time":70.29733,"shift":0,"time":70.29733},{"$id":"285","type":0,"sounds":[{"w":0,"d":0,"p":77,"v":0}],"pos":1.490116E-08,"size":1.1,"_time":70.53545,"shift":0,"time":70.53545},{"$id":"286","type":0,"sounds":[{"w":0,"d":0,"p":73,"v":0}],"pos":-2,"size":1,"_time":70.89257,"shift":0,"time":70.89257},{"$id":"287","type":0,"sounds":[{"w":0,"d":0,"p":77,"v":0}],"pos":0.4999999,"size":1.1,"_time":70.89257,"shift":0,"time":70.89257},{"$id":"288","type":0,"sounds":[{"w":0,"d":0,"p":77,"v":0}],"pos":0,"size":1.1,"_time":71.4878,"shift":0,"time":71.4878},{"$id":"289","type":0,"sounds":[{"w":0,"d":0,"p":77,"v":0}],"pos":1,"size":1.1,"_time":71.84492,"shift":0,"time":71.84492},{"$id":"290","type":0,"sounds":[{"w":0,"d":0,"p":73,"v":0}],"pos":-2,"size":1,"_time":71.84495,"shift":0,"time":71.84495},{"$id":"291","type":0,"sounds":[{"w":0,"d":0,"p":77,"v":0}],"pos":1.490116E-08,"size":1.1,"_time":72.44019,"shift":0,"time":72.44019},{"$id":"292","type":0,"sounds":[{"w":0,"d":0,"p":77,"v":0}],"pos":1.5,"size":1.1,"_time":72.79731,"shift":0,"time":72.79731},{"$id":"293","type":0,"sounds":[{"w":0,"d":0,"p":73,"v":0}],"pos":-2,"size":1,"_time":72.79733,"shift":0,"time":72.79733},{"$id":"294","type":0,"sounds":[{"w":0,"d":0,"p":77,"v":0}],"pos":0,"size":1.1,"_time":73.39257,"shift":0,"time":73.39257},{"$id":"295","type":0,"sounds":[{"w":0,"d":0,"p":77,"v":0}],"pos":2,"size":1.1,"_time":73.74969,"shift":0,"time":73.74969},{"$id":"296","type":0,"sounds":[{"w":0,"d":0,"p":73,"v":0}],"pos":-2,"size":1,"_time":73.74971,"shift":0,"time":73.74971},{"$id":"297","type":0,"sounds":[{"w":0,"d":0,"p":80,"v":0}],"pos":0.8000001,"size":1,"_time":73.98781,"shift":0,"time":73.98781},{"$id":"298","type":0,"sounds":[{"w":0,"d":0,"p":80,"v":0}],"pos":0.2999999,"size":1,"_time":74.10686,"shift":0,"time":74.10686},{"$id":"299","type":0,"sounds":[{"w":0,"d":0,"p":80,"v":0}],"pos":0.8000001,"size":1,"_time":74.22591,"shift":0,"time":74.22591},{"$id":"300","type":0,"sounds":[{"w":0,"d":0,"p":80,"v":0}],"pos":-1.8,"size":1.2,"_time":74.34495,"shift":0,"time":74.34495},{"$id":"301","type":0,"sounds":[{"w":0,"d":0,"p":65,"v":0}],"pos":2,"size":1,"_time":75.77352,"shift":0,"time":75.77352},{"$id":"302","type":0,"sounds":[{"w":0,"d":0,"p":65,"v":0}],"pos":1,"size":1,"_time":75.89257,"shift":0,"time":75.89257},{"$id":"303","type":0,"sounds":[{"w":0,"d":0,"p":65,"v":0}],"pos":0,"size":1,"_time":76.01162,"shift":0,"time":76.01162},{"$id":"304","type":0,"sounds":[{"w":0,"d":0,"p":65,"v":0}],"pos":1,"size":1,"_time":76.13067,"shift":0,"time":76.13067},{"$id":"305","type":0,"sounds":[{"w":0,"d":0,"p":65,"v":0}],"pos":-1.4,"size":1,"_time":76.24971,"shift":0,"time":76.24971},{"$id":"306","type":0,"sounds":[{"w":0,"d":0,"p":65,"v":0}],"pos":-0.5,"size":1,"_time":76.48781,"shift":0,"time":76.48781},{"$id":"307","type":0,"sounds":[{"w":0,"d":0,"p":65,"v":0}],"pos":0.5,"size":1,"_time":76.7259,"shift":0,"time":76.7259},{"$id":"308","type":0,"sounds":[{"w":0,"d":0,"p":65,"v":0}],"pos":1.5,"size":1,"_time":76.964,"shift":0,"time":76.964},{"$id":"309","type":0,"sounds":[{"w":0,"d":0,"p":78,"v":0}],"pos":-0.5,"size":1.2,"_time":77.20209,"shift":0,"time":77.20209},{"$id":"310","type":0,"sounds":[{"w":0,"d":0,"p":78,"v":0}],"pos":2,"size":1.2,"_time":77.20209,"shift":0,"time":77.20209},{"$id":"311","type":0,"sounds":[{"w":0,"d":0,"p":78,"v":0}],"pos":-1.3,"size":1.2,"_time":77.44019,"shift":0,"time":77.44019},{"$id":"312","type":0,"sounds":[{"w":0,"d":0,"p":78,"v":0}],"pos":1.2,"size":1.2,"_time":77.44019,"shift":0,"time":77.44019},{"$id":"313","type":0,"sounds":[{"w":0,"d":0,"p":78,"v":0}],"pos":-2,"size":1.2,"_time":77.67828,"shift":0,"time":77.67828},{"$id":"314","type":0,"sounds":[{"w":0,"d":0,"p":78,"v":0}],"pos":0.5,"size":1.2,"_time":77.67828,"shift":0,"time":77.67828},{"$id":"315","type":0,"sounds":[{"w":0,"d":0,"p":78,"v":0}],"pos":-1.3,"size":1.2,"_time":77.91638,"shift":0,"time":77.91638},{"$id":"316","type":0,"sounds":[{"w":0,"d":0,"p":78,"v":0}],"pos":1.2,"size":1.2,"_time":77.91638,"shift":0,"time":77.91638},{"$id":"317","type":0,"sounds":[{"w":0,"d":0,"p":70,"v":0}],"pos":-2,"size":1,"_time":78.15448,"shift":0,"time":78.15448},{"$id":"318","type":0,"sounds":[{"w":0,"d":0,"p":70,"v":0}],"pos":0,"size":1,"_time":78.39258,"shift":0,"time":78.39258},{"$id":"319","type":0,"sounds":[{"w":0,"d":0,"p":70,"v":0}],"pos":-2,"size":1,"_time":78.74971,"shift":0,"time":78.74971},{"$id":"320","type":0,"sounds":[{"w":0,"d":0,"p":70,"v":0}],"pos":1.5,"size":1,"_time":79.10687,"shift":0,"time":79.10687},{"$id":"321","type":0,"sounds":[{"w":0,"d":0,"p":70,"v":0}],"pos":-1,"size":1,"_time":79.34496,"shift":0,"time":79.34496},{"$id":"322","type":0,"sounds":[{"w":0,"d":0,"p":70,"v":0}],"pos":1.5,"size":1,"_time":79.70209,"shift":0,"time":79.70209},{"$id":"323","type":0,"sounds":[{"w":0,"d":0,"p":70,"v":0}],"pos":-0.5,"size":1,"_time":80.05923,"shift":0,"time":80.05923},{"$id":"324","type":0,"sounds":[{"w":0,"d":0,"p":70,"v":0}],"pos":2,"size":1,"_time":80.29733,"shift":0,"time":80.29733},{"$id":"325","type":0,"sounds":[{"w":0,"d":0,"p":70,"v":0}],"pos":-0.5,"size":1,"_time":80.65446,"shift":0,"time":80.65446},{"$id":"326","type":0,"sounds":[{"w":0,"d":0,"p":70,"v":0}],"pos":1,"size":1,"_time":81.01163,"shift":0,"time":81.01163},{"$id":"327","type":0,"sounds":[{"w":0,"d":0,"p":70,"v":0}],"pos":-1,"size":1,"_time":81.24971,"shift":0,"time":81.24971},{"$id":"328","type":0,"sounds":[{"w":0,"d":0,"p":70,"v":0}],"pos":1,"size":1,"_time":81.60684,"shift":0,"time":81.60684},{"$id":"329","type":0,"sounds":[{"w":0,"d":0,"p":70,"v":0}],"pos":-2,"size":1,"_time":81.964,"shift":0,"time":81.964},{"$id":"330","type":0,"sounds":[{"w":0,"d":0,"p":70,"v":0}],"pos":0,"size":1,"_time":82.2021,"shift":0,"time":82.2021},{"$id":"331","type":0,"sounds":[{"w":0,"d":0,"p":70,"v":0}],"pos":-2,"size":1,"_time":82.55923,"shift":0,"time":82.55923},{"$id":"332","type":0,"sounds":[{"w":0,"d":0,"p":70,"v":0}],"pos":1.5,"size":1,"_time":82.9164,"shift":0,"time":82.9164},{"$id":"333","type":0,"sounds":[{"w":0,"d":0,"p":70,"v":0}],"pos":-1,"size":1,"_time":83.15448,"shift":0,"time":83.15448},{"$id":"334","type":0,"sounds":[{"w":0,"d":0,"p":70,"v":0}],"pos":1.5,"size":1,"_time":83.51161,"shift":0,"time":83.51161},{"$id":"335","type":0,"sounds":[{"w":0,"d":0,"p":70,"v":0}],"pos":-0.5,"size":1,"_time":83.86876,"shift":0,"time":83.86876},{"$id":"336","type":0,"sounds":[{"w":0,"d":0,"p":70,"v":0}],"pos":2,"size":1,"_time":84.10686,"shift":0,"time":84.10686},{"$id":"337","type":0,"sounds":[{"w":0,"d":0,"p":70,"v":0}],"pos":-0.5,"size":1,"_time":84.46399,"shift":0,"time":84.46399},{"$id":"338","type":0,"sounds":[{"w":0,"d":0,"p":70,"v":0}],"pos":1,"size":1,"_time":84.82116,"shift":0,"time":84.82116},{"$id":"339","type":0,"sounds":[{"w":0,"d":0,"p":70,"v":0}],"pos":-1,"size":1,"_time":85.05924,"shift":0,"time":85.05924},{"$id":"340","type":0,"sounds":[{"w":0,"d":0,"p":70,"v":0}],"pos":1,"size":1,"_time":85.41637,"shift":0,"time":85.41637},{"$id":"341","type":0,"sounds":[{"w":0,"d":0,"p":70,"v":0}],"pos":-2,"size":1,"_time":85.77352,"shift":0,"time":85.77352},{"$id":"342","type":0,"sounds":[{"w":0,"d":0,"p":70,"v":0}],"pos":0,"size":1,"_time":86.01162,"shift":0,"time":86.01162},{"$id":"343","type":0,"sounds":[{"w":0,"d":0,"p":70,"v":0}],"pos":-2,"size":1,"_time":86.36875,"shift":0,"time":86.36875},{"$id":"344","type":0,"sounds":[{"w":0,"d":0,"p":70,"v":0}],"pos":1.5,"size":1,"_time":86.72591,"shift":0,"time":86.72591},{"$id":"345","type":0,"sounds":[{"w":0,"d":0,"p":70,"v":0}],"pos":-1,"size":1,"_time":86.964,"shift":0,"time":86.964},{"$id":"346","type":0,"sounds":[{"w":0,"d":0,"p":70,"v":0}],"pos":1.5,"size":1,"_time":87.32113,"shift":0,"time":87.32113},{"$id":"347","type":0,"sounds":[{"w":0,"d":0,"p":70,"v":0}],"pos":-0.5,"size":1,"_time":87.67828,"shift":0,"time":87.67828},{"$id":"348","type":0,"sounds":[{"w":0,"d":0,"p":70,"v":0}],"pos":2,"size":1,"_time":87.91637,"shift":0,"time":87.91637},{"$id":"349","type":0,"sounds":[{"w":0,"d":0,"p":70,"v":0}],"pos":-0.5,"size":1,"_time":88.27351,"shift":0,"time":88.27351},{"$id":"350","type":0,"sounds":[{"w":0,"d":0,"p":70,"v":0}],"pos":1,"size":1,"_time":88.63067,"shift":0,"time":88.63067},{"$id":"351","type":0,"sounds":[{"w":0,"d":0,"p":70,"v":0}],"pos":-1,"size":1,"_time":88.86875,"shift":0,"time":88.86875},{"$id":"352","type":0,"sounds":[{"w":0,"d":0,"p":70,"v":0}],"pos":1,"size":1,"_time":89.22588,"shift":0,"time":89.22588},{"$id":"353","type":0,"sounds":[{"w":0,"d":0,"p":70,"v":0}],"pos":-2,"size":1,"_time":89.58304,"shift":0,"time":89.58304},{"$id":"354","type":0,"sounds":[{"w":0,"d":0,"p":70,"v":0}],"pos":0,"size":1,"_time":89.82114,"shift":0,"time":89.82114},{"$id":"355","type":0,"sounds":[{"w":0,"d":0,"p":70,"v":0}],"pos":-2,"size":1,"_time":90.17827,"shift":0,"time":90.17827},{"$id":"356","type":0,"sounds":[{"w":0,"d":0,"p":70,"v":0}],"pos":1.5,"size":1,"_time":90.53544,"shift":0,"time":90.53544},{"$id":"357","type":0,"sounds":[{"w":0,"d":0,"p":70,"v":0}],"pos":-0.5,"size":1,"_time":90.77352,"shift":0,"time":90.77352},{"$id":"358","type":0,"sounds":[{"w":0,"d":0,"p":70,"v":0}],"pos":1.5,"size":1,"_time":91.13065,"shift":0,"time":91.13065},{"$id":"359","type":0,"sounds":[{"w":0,"d":0,"p":70,"v":0}],"pos":-2,"size":1.2,"_time":91.4878,"shift":0,"time":91.4878},{"$id":"360","type":0,"sounds":[{"w":0,"d":0,"p":70,"v":0}],"pos":0.5,"size":1.2,"_time":91.48782,"shift":0,"time":91.48782},{"$id":"361","type":0,"sounds":[{"w":0,"d":0,"p":80,"v":0}],"pos":-1.5,"size":1,"_time":93.39257,"shift":0,"time":93.39257},{"$id":"362","type":0,"sounds":[{"w":0,"d":0,"p":80,"v":0}],"pos":0.5,"size":1,"_time":93.63067,"shift":0,"time":93.63067},{"$id":"363","type":0,"sounds":[{"w":0,"d":0,"p":80,"v":0}],"pos":0.5,"size":1,"_time":93.98781,"shift":0,"time":93.98781},{"$id":"364","type":0,"sounds":[{"w":0,"d":0,"p":80,"v":0}],"pos":0.5,"size":1,"_time":94.22591,"shift":0,"time":94.22591},{"$id":"365","type":0,"sounds":[{"w":0,"d":0,"p":80,"v":0}],"pos":0.5,"size":1,"_time":94.58305,"shift":0,"time":94.58305},{"$id":"366","type":0,"sounds":[{"w":0,"d":0,"p":80,"v":0}],"pos":-1.5,"size":1,"_time":94.82114,"shift":0,"time":94.82114},{"$id":"367","type":0,"sounds":[{"w":0,"d":0,"p":80,"v":0}],"pos":-0.5,"size":1,"_time":94.94019,"shift":0,"time":94.94019},{"$id":"368","type":0,"sounds":[{"w":0,"d":0,"p":80,"v":0}],"pos":0.5,"size":1,"_time":95.05923,"shift":0,"time":95.05923},{"$id":"369","type":0,"sounds":[{"w":0,"d":0,"p":80,"v":0}],"pos":1.5,"size":1,"_time":95.17828,"shift":0,"time":95.17828},{"$id":"370","type":0,"sounds":[{"w":0,"d":0,"p":80,"v":0}],"pos":-1,"size":1,"_time":95.29733,"shift":0,"time":95.29733},{"$id":"371","type":0,"sounds":[{"w":0,"d":0,"p":80,"v":0}],"pos":1.5,"size":1,"_time":95.53543,"shift":0,"time":95.53543},{"$id":"372","type":0,"sounds":[{"w":0,"d":0,"p":80,"v":0}],"pos":1.5,"size":1,"_time":95.89257,"shift":0,"time":95.89257},{"$id":"373","type":0,"sounds":[{"w":0,"d":0,"p":80,"v":0}],"pos":1.5,"size":1,"_time":96.13067,"shift":0,"time":96.13067},{"$id":"374","type":0,"sounds":[{"w":0,"d":0,"p":80,"v":0}],"pos":1.5,"size":1,"_time":96.48781,"shift":0,"time":96.48781},{"$id":"375","type":0,"sounds":[{"w":0,"d":0,"p":80,"v":0}],"pos":-1.5,"size":1,"_time":96.72591,"shift":0,"time":96.72591},{"$id":"376","type":0,"sounds":[{"w":0,"d":0,"p":80,"v":0}],"pos":-1,"size":1,"_time":96.84496,"shift":0,"time":96.84496},{"$id":"377","type":0,"sounds":[{"w":0,"d":0,"p":80,"v":0}],"pos":0,"size":1,"_time":96.964,"shift":0,"time":96.964},{"$id":"378","type":0,"sounds":[{"w":0,"d":0,"p":80,"v":0}],"pos":1.5,"size":1,"_time":97.08305,"shift":0,"time":97.08305},{"$id":"379","type":0,"sounds":[{"w":0,"d":0,"p":80,"v":0}],"pos":-2,"size":1,"_time":97.2021,"shift":0,"time":97.2021},{"$id":"380","type":0,"sounds":[{"w":0,"d":0,"p":80,"v":0}],"pos":1,"size":1,"_time":97.44019,"shift":0,"time":97.44019},{"$id":"381","type":0,"sounds":[{"w":0,"d":0,"p":80,"v":0}],"pos":1,"size":1,"_time":97.79733,"shift":0,"time":97.79733},{"$id":"382","type":0,"sounds":[{"w":0,"d":0,"p":80,"v":0}],"pos":1,"size":1,"_time":98.03543,"shift":0,"time":98.03543},{"$id":"383","type":0,"sounds":[{"w":0,"d":0,"p":80,"v":0}],"pos":0,"size":1,"_time":98.39257,"shift":0,"time":98.39257},{"$id":"384","type":0,"sounds":[{"w":0,"d":0,"p":80,"v":0}],"pos":-0.5,"size":1,"_time":98.63067,"shift":0,"time":98.63067},{"$id":"385","type":0,"sounds":[{"w":0,"d":0,"p":80,"v":0}],"pos":-1.5,"size":1,"_time":98.86876,"shift":0,"time":98.86876},{"$id":"386","type":0,"sounds":[{"w":0,"d":0,"p":80,"v":0}],"pos":-2,"size":1,"_time":99.10686,"shift":0,"time":99.10686},{"$id":"387","type":0,"sounds":[{"w":0,"d":0,"p":80,"v":0}],"pos":0.5,"size":1,"_time":99.34496,"shift":0,"time":99.34496},{"$id":"388","type":0,"sounds":[{"w":0,"d":0,"p":80,"v":0}],"pos":0.5,"size":1,"_time":99.7021,"shift":0,"time":99.7021},{"$id":"389","type":0,"sounds":[{"w":0,"d":0,"p":85,"v":0}],"pos":0.5,"size":1,"_time":99.94019,"shift":0,"time":99.94019},{"$id":"390","type":0,"sounds":[{"w":0,"d":0,"p":85,"v":0}],"pos":0.5,"size":1,"_time":100.2973,"shift":0,"time":100.2973},{"$id":"391","type":0,"sounds":[{"w":0,"d":0,"p":85,"v":0}],"pos":-1.5,"size":1,"_time":100.5354,"shift":0,"time":100.5354},{"$id":"392","type":0,"sounds":[{"w":0,"d":0,"p":85,"v":0}],"pos":-0.5,"size":1,"_time":100.6545,"shift":0,"time":100.6545},{"$id":"393","type":0,"sounds":[{"w":0,"d":0,"p":85,"v":0}],"pos":0.5,"size":1,"_time":100.7735,"shift":0,"time":100.7735},{"$id":"394","type":0,"sounds":[{"w":0,"d":0,"p":77,"v":0}],"pos":1.5,"size":1.2,"_time":101.0116,"shift":0,"time":101.0116},{"$id":"395","type":0,"sounds":[{"w":0,"d":0,"p":77,"v":0}],"pos":-1,"size":1.2,"_time":101.0116,"shift":0,"time":101.0116},{"$id":"396","type":0,"sounds":[{"w":0,"d":0,"p":77,"v":0}],"pos":-2,"size":1,"_time":102.2021,"shift":0,"time":102.2021},{"$id":"397","type":0,"sounds":[{"w":0,"d":0,"p":77,"v":0}],"pos":-1,"size":1,"_time":102.3211,"shift":0,"time":102.3211},{"$id":"398","type":0,"sounds":[{"w":0,"d":0,"p":77,"v":0}],"pos":0,"size":1,"_time":102.4402,"shift":0,"time":102.4402},{"$id":"399","type":0,"sounds":[{"w":0,"d":0,"p":77,"v":0}],"pos":1,"size":1,"_time":102.5592,"shift":0,"time":102.5592},{"$id":"400","type":0,"sounds":[{"w":0,"d":0,"p":77,"v":0}],"pos":2,"size":1,"_time":102.6783,"shift":0,"time":102.6783},{"$id":"401","type":0,"sounds":[{"w":0,"d":0,"p":77,"v":0}],"pos":0.5,"size":1.2,"_time":102.9164,"shift":0,"time":102.9164},{"$id":"402","type":0,"sounds":[{"w":0,"d":0,"p":80,"v":0}],"pos":1.5,"size":1,"_time":103.8382,"shift":0,"time":103.8382},{"$id":"403","type":0,"sounds":[{"w":0,"d":0,"p":80,"v":0}],"pos":2,"size":1,"_time":103.8688,"shift":0,"time":103.8688},{"$id":"404","type":0,"sounds":[{"w":0,"d":0,"p":80,"v":0}],"pos":1,"size":1,"_time":104.1068,"shift":0,"time":104.1068},{"$id":"405","type":0,"sounds":[{"w":0,"d":0,"p":80,"v":0}],"pos":0,"size":1,"_time":104.3449,"shift":0,"time":104.3449},{"$id":"406","type":0,"sounds":[{"w":0,"d":0,"p":80,"v":0}],"pos":-1,"size":1,"_time":104.583,"shift":0,"time":104.583},{"$id":"407","type":0,"sounds":[{"w":0,"d":0,"p":80,"v":0}],"pos":0,"size":1,"_time":104.8211,"shift":0,"time":104.8211},{"$id":"408","type":0,"sounds":[{"w":0,"d":0,"p":75,"v":0}],"pos":1,"size":1,"_time":105.0592,"shift":0,"time":105.0592},{"$id":"409","type":0,"sounds":[{"w":0,"d":0,"p":75,"v":0}],"pos":-0.5,"size":1,"_time":105.4164,"shift":0,"time":105.4164},{"$id":"410","type":0,"sounds":[{"w":0,"d":0,"p":78,"v":0}],"pos":-2,"size":1,"_time":105.7735,"shift":0,"time":105.7735},{"$id":"411","type":0,"sounds":[{"w":0,"d":0,"p":78,"v":0}],"pos":-1,"size":1,"_time":106.0116,"shift":0,"time":106.0116},{"$id":"412","type":0,"sounds":[{"w":0,"d":0,"p":78,"v":0}],"pos":0.5,"size":1,"_time":106.2497,"shift":0,"time":106.2497},{"$id":"413","type":0,"sounds":[{"w":0,"d":0,"p":78,"v":0}],"pos":1.5,"size":1,"_time":106.4878,"shift":0,"time":106.4878},{"$id":"414","type":0,"sounds":[{"w":0,"d":0,"p":76,"v":0}],"pos":-2,"size":1.2,"_time":106.7259,"shift":0,"time":106.7259},{"$id":"415","type":0,"sounds":[{"w":0,"d":0,"p":76,"v":0}],"pos":-0.5,"size":1.2,"_time":107.2021,"shift":0,"time":107.2021},{"$id":"416","type":0,"sounds":[{"w":0,"d":0,"p":76,"v":0}],"pos":0.5,"size":1.2,"_time":107.6783,"shift":0,"time":107.6783},{"$id":"417","type":0,"sounds":[{"w":0,"d":0,"p":76,"v":0}],"pos":2,"size":1.2,"_time":108.1545,"shift":0,"time":108.1545},{"$id":"418","type":0,"sounds":[{"w":0,"d":0,"p":83,"v":0}],"pos":1.5,"size":1.1,"_time":108.6307,"shift":0,"time":108.6307},{"$id":"419","type":0,"sounds":[{"w":0,"d":0,"p":83,"v":0}],"pos":-1,"size":1,"_time":108.9878,"shift":0,"time":108.9878},{"$id":"420","type":0,"sounds":[{"w":0,"d":0,"p":83,"v":0}],"pos":0.5,"size":1,"_time":109.2259,"shift":0,"time":109.2259},{"$id":"421","type":0,"sounds":[{"w":0,"d":0,"p":83,"v":0}],"pos":-2,"size":1,"_time":109.345,"shift":0,"time":109.345},{"$id":"422","type":0,"sounds":[{"w":0,"d":0,"p":83,"v":0}],"pos":-1,"size":1,"_time":109.464,"shift":0,"time":109.464},{"$id":"423","type":0,"sounds":[{"w":0,"d":0,"p":83,"v":0}],"pos":0,"size":1,"_time":109.583,"shift":0,"time":109.583},{"$id":"424","type":0,"sounds":[{"w":0,"d":0,"p":83,"v":0}],"pos":-2,"size":1,"_time":109.8211,"shift":0,"time":109.8211},{"$id":"425","type":0,"sounds":[{"w":0,"d":0,"p":83,"v":0}],"pos":-2,"size":1,"_time":110.0592,"shift":0,"time":110.0592},{"$id":"426","type":0,"sounds":[{"w":0,"d":0,"p":83,"v":0}],"pos":-1,"size":1,"_time":110.2973,"shift":0,"time":110.2973},{"$id":"427","type":0,"sounds":[{"w":0,"d":0,"p":83,"v":0}],"pos":0,"size":1,"_time":110.5354,"shift":0,"time":110.5354},{"$id":"428","type":0,"sounds":[{"w":0,"d":0,"p":83,"v":0}],"pos":2,"size":1,"_time":110.7735,"shift":0,"time":110.7735},{"$id":"429","type":0,"sounds":[{"w":0,"d":0,"p":83,"v":0}],"pos":0,"size":1,"_time":111.1307,"shift":0,"time":111.1307},{"$id":"430","type":0,"sounds":[{"w":0,"d":0,"p":83,"v":0}],"pos":-0.5,"size":1,"_time":111.2497,"shift":0,"time":111.2497},{"$id":"431","type":0,"sounds":[{"w":0,"d":0,"p":83,"v":0}],"pos":0.5,"size":1,"_time":111.3688,"shift":0,"time":111.3688},{"$id":"432","type":0,"sounds":[{"w":0,"d":0,"p":83,"v":0}],"pos":1.5,"size":1,"_time":111.4878,"shift":0,"time":111.4878},{"$id":"433","type":0,"sounds":[{"w":0,"d":0,"p":78,"v":0}],"pos":0.5,"size":1,"_time":111.7259,"shift":0,"time":111.7259},{"$id":"434","type":0,"sounds":[{"w":0,"d":0,"p":78,"v":0}],"pos":-0.5,"size":1,"_time":111.964,"shift":0,"time":111.964},{"$id":"435","type":0,"sounds":[{"w":0,"d":0,"p":78,"v":0}],"pos":0.5,"size":1,"_time":112.2021,"shift":0,"time":112.2021},{"$id":"436","type":0,"sounds":[{"w":0,"d":0,"p":78,"v":0}],"pos":-1.8,"size":1.05,"_time":112.4402,"shift":0,"time":112.4402},{"$id":"437","type":0,"sounds":[{"w":0,"d":0,"p":78,"v":0}],"pos":-1.8,"size":1.05,"_time":112.6783,"shift":0,"time":112.6783},{"$id":"438","type":0,"sounds":[{"w":0,"d":0,"p":78,"v":0}],"pos":-1,"size":1.05,"_time":112.9164,"shift":0,"time":112.9164},{"$id":"439","type":0,"sounds":[{"w":0,"d":0,"p":78,"v":0}],"pos":0,"size":1.05,"_time":113.1545,"shift":0,"time":113.1545},{"$id":"440","type":0,"sounds":[{"w":0,"d":0,"p":78,"v":0}],"pos":1,"size":1.05,"_time":113.3926,"shift":0,"time":113.3926},{"$id":"441","type":0,"sounds":[{"w":0,"d":0,"p":78,"v":0}],"pos":2,"size":1.05,"_time":113.6307,"shift":0,"time":113.6307},{"$id":"442","type":0,"sounds":[{"w":0,"d":0,"p":77,"v":0}],"pos":-1,"size":1.05,"_time":113.8688,"shift":0,"time":113.8688},{"$id":"443","type":0,"sounds":[{"w":0,"d":0,"p":77,"v":0}],"pos":0,"size":1.05,"_time":114.1069,"shift":0,"time":114.1069},{"$id":"444","type":0,"sounds":[{"w":0,"d":0,"p":72,"v":0}],"pos":1,"size":1.05,"_time":114.3449,"shift":0,"time":114.3449},{"$id":"445","type":0,"sounds":[{"w":0,"d":0,"p":78,"v":0}],"pos":2,"size":1.2,"_time":114.583,"shift":0,"time":114.583},{"$id":"446","type":0,"sounds":[{"w":0,"d":0,"p":78,"v":0}],"pos":1,"size":1.2,"_time":114.8211,"shift":0,"time":114.8211},{"$id":"447","type":0,"sounds":[{"w":0,"d":0,"p":78,"v":0}],"pos":0,"size":1.2,"_time":115.0592,"shift":0,"time":115.0592},{"$id":"448","type":0,"sounds":[{"w":0,"d":0,"p":78,"v":0}],"pos":1,"size":1.2,"_time":115.2973,"shift":0,"time":115.2973},{"$id":"449","type":0,"sounds":[{"w":0,"d":0,"p":78,"v":0}],"pos":0,"size":1.2,"_time":115.5354,"shift":0,"time":115.5354},{"$id":"450","type":0,"sounds":[{"w":0,"d":0,"p":78,"v":0}],"pos":-1.5,"size":1.2,"_time":115.7735,"shift":0,"time":115.7735},{"$id":"451","type":0,"sounds":[{"w":0,"d":0,"p":78,"v":0}],"pos":-0.5,"size":1.2,"_time":116.0116,"shift":0,"time":116.0116},{"$id":"452","type":0,"sounds":[{"w":0,"d":0,"p":76,"v":0}],"pos":1.5,"size":1.1,"_time":116.2497,"shift":0,"time":116.2497},{"$id":"453","type":0,"sounds":[{"w":0,"d":0,"p":73,"v":0}],"pos":-2,"size":1,"_time":116.6069,"shift":0,"time":116.6069},{"$id":"454","type":0,"sounds":[{"w":0,"d":0,"p":76,"v":0}],"pos":0.7999997,"size":1,"_time":116.8449,"shift":0,"time":116.8449},{"$id":"455","type":0,"sounds":[{"w":0,"d":0,"p":76,"v":0}],"pos":-1.2,"size":1,"_time":116.964,"shift":0,"time":116.964},{"$id":"456","type":0,"sounds":[{"w":0,"d":0,"p":76,"v":0}],"pos":-0.5000001,"size":1,"_time":117.083,"shift":0,"time":117.083},{"$id":"457","type":0,"sounds":[{"w":0,"d":0,"p":76,"v":0}],"pos":0.2999999,"size":1,"_time":117.2021,"shift":0,"time":117.2021},{"$id":"458","type":0,"sounds":[{"w":0,"d":0,"p":76,"v":0}],"pos":-0.7,"size":1,"_time":117.4402,"shift":0,"time":117.4402},{"$id":"459","type":0,"sounds":[{"w":0,"d":0,"p":76,"v":0}],"pos":0.2999999,"size":1,"_time":117.6783,"shift":0,"time":117.6783},{"$id":"460","type":0,"sounds":[{"w":0,"d":0,"p":76,"v":0}],"pos":1.5,"size":1,"_time":117.9164,"shift":0,"time":117.9164},{"$id":"461","type":0,"sounds":[{"w":0,"d":0,"p":76,"v":0}],"pos":2,"size":1,"_time":118.1545,"shift":0,"time":118.1545},{"$id":"462","type":0,"sounds":[{"w":0,"d":0,"p":76,"v":0}],"pos":0,"size":1,"_time":118.3926,"shift":0,"time":118.3926},{"$id":"463","type":0,"sounds":[{"w":0,"d":0,"p":76,"v":0}],"pos":0,"size":1,"_time":118.7497,"shift":0,"time":118.7497},{"$id":"464","type":0,"sounds":[{"w":0,"d":0,"p":76,"v":0}],"pos":1.5,"size":1,"_time":119.0473,"shift":0,"time":119.0473},{"$id":"465","type":0,"sounds":[{"w":0,"d":0,"p":76,"v":0}],"pos":2,"size":1,"_time":119.1069,"shift":0,"time":119.1069},{"$id":"466","type":0,"sounds":[{"w":0,"d":0,"p":85,"v":0}],"pos":1,"size":1,"_time":119.3449,"shift":0,"time":119.3449},{"$id":"467","type":0,"sounds":[{"w":0,"d":0,"p":85,"v":0}],"pos":0.3,"size":1,"_time":119.583,"shift":0,"time":119.583},{"$id":"468","type":0,"sounds":[{"w":0,"d":0,"p":85,"v":0}],"pos":-0.6,"size":1,"_time":119.8211,"shift":0,"time":119.8211},{"$id":"469","type":0,"sounds":[{"w":0,"d":0,"p":85,"v":0}],"pos":1.5,"size":1,"_time":120.0592,"shift":0,"time":120.0592},{"$id":"470","type":0,"sounds":[{"w":0,"d":0,"p":85,"v":0}],"pos":-1.5,"size":1,"_time":120.0592,"shift":0,"time":120.0592},{"$id":"471","type":0,"sounds":[{"w":0,"d":0,"p":76,"v":0}],"pos":-0.8000001,"size":1,"_time":121.964,"shift":0,"time":121.964},{"$id":"472","type":0,"sounds":[{"w":0,"d":0,"p":84,"v":0}],"pos":1,"size":1,"_time":122.2021,"shift":0,"time":122.2021},{"$id":"473","type":0,"sounds":[{"w":0,"d":0,"p":84,"v":0}],"pos":-0.8,"size":1,"_time":122.4402,"shift":0,"time":122.4402},{"$id":"474","type":0,"sounds":[{"w":0,"d":0,"p":76,"v":0}],"pos":-2,"size":1,"_time":122.6783,"shift":0,"time":122.6783},{"$id":"475","type":0,"sounds":[{"w":0,"d":0,"p":76,"v":0}],"pos":2,"size":1,"_time":122.9164,"shift":0,"time":122.9164},{"$id":"476","type":0,"sounds":[{"w":0,"d":0,"p":76,"v":0}],"pos":1,"size":1,"_time":123.1545,"shift":0,"time":123.1545},{"$id":"477","type":0,"sounds":[{"w":0,"d":0,"p":76,"v":0}],"pos":0,"size":1,"_time":123.3926,"shift":0,"time":123.3926},{"$id":"478","type":0,"sounds":[{"w":0,"d":0,"p":76,"v":0}],"pos":-1,"size":1,"_time":123.6307,"shift":0,"time":123.6307},{"$id":"479","type":0,"pos":-1.5,"size":0.9,"_time":123.8688,"shift":0,"time":123.8688},{"$id":"480","type":0,"sounds":[{"w":0,"d":0,"p":78,"v":0}],"pos":2,"size":1.1,"_time":123.8688,"shift":0,"time":123.8688},{"$id":"481","type":0,"pos":0.5,"size":0.9,"_time":124.1069,"shift":0,"time":124.1069},{"$id":"482","type":0,"pos":0.5,"size":0.9,"_time":124.464,"shift":0,"time":124.464},{"$id":"483","type":0,"pos":0.5,"size":0.9,"_time":124.7021,"shift":0,"time":124.7021},{"$id":"484","type":0,"pos":0.5,"size":0.9,"_time":125.0592,"shift":0,"time":125.0592},{"$id":"485","type":0,"pos":-1.5,"size":0.9,"_time":125.2973,"shift":0,"time":125.2973},{"$id":"486","type":0,"pos":-0.5,"size":0.9,"_time":125.4164,"shift":0,"time":125.4164},{"$id":"487","type":0,"pos":0.5,"size":0.9,"_time":125.5354,"shift":0,"time":125.5354},{"$id":"488","type":0,"pos":1.5,"size":0.9,"_time":125.6545,"shift":0,"time":125.6545},{"$id":"489","type":0,"sounds":[{"w":0,"d":0,"p":80,"v":0}],"pos":1,"size":1.1,"_time":125.7735,"shift":0,"time":125.7735},{"$id":"490","type":0,"pos":-1,"size":0.9,"_time":125.7735,"shift":0,"time":125.7735},{"$id":"491","type":0,"pos":1.5,"size":0.9,"_time":126.0116,"shift":0,"time":126.0116},{"$id":"492","type":0,"pos":1.5,"size":0.9,"_time":126.3688,"shift":0,"time":126.3688},{"$id":"493","type":0,"pos":1.5,"size":0.9,"_time":126.6069,"shift":0,"time":126.6069},{"$id":"494","type":0,"pos":1.5,"size":0.9,"_time":126.964,"shift":0,"time":126.964},{"$id":"495","type":0,"pos":-1.5,"size":0.9,"_time":127.2021,"shift":0,"time":127.2021},{"$id":"496","type":0,"pos":-1,"size":0.9,"_time":127.3211,"shift":0,"time":127.3211},{"$id":"497","type":0,"pos":0,"size":0.9,"_time":127.4402,"shift":0,"time":127.4402},{"$id":"498","type":0,"pos":1.5,"size":0.9,"_time":127.5592,"shift":0,"time":127.5592},{"$id":"499","type":0,"sounds":[{"w":0,"d":0,"p":78,"v":0}],"pos":0,"size":1.1,"_time":127.6783,"shift":0,"time":127.6783},{"$id":"500","type":0,"pos":-2,"size":0.9,"_time":127.6783,"shift":0,"time":127.6783},{"$id":"501","type":0,"pos":0.5,"size":0.9,"_time":127.9164,"shift":0,"time":127.9164},{"$id":"502","type":0,"pos":0.5,"size":0.9,"_time":128.2735,"shift":0,"time":128.2735},{"$id":"503","type":0,"pos":0.5,"size":0.9,"_time":128.5116,"shift":0,"time":128.5116},{"$id":"504","type":0,"pos":0,"size":0.9,"_time":128.8688,"shift":0,"time":128.8688},{"$id":"505","type":0,"pos":1.5,"size":0.9,"_time":129.1069,"shift":0,"time":129.1069},{"$id":"506","type":0,"pos":-1.5,"size":0.9,"_time":129.345,"shift":0,"time":129.345},{"$id":"507","type":0,"pos":-2,"size":0.9,"_time":129.583,"shift":0,"time":129.583},{"$id":"508","type":0,"sounds":[{"w":0,"d":0,"p":79,"v":0}],"pos":-0.5,"size":1.1,"_time":129.5831,"shift":0,"time":129.5831},{"$id":"509","type":0,"pos":1.5,"size":0.9,"_time":129.8211,"shift":0,"time":129.8211},{"$id":"510","type":0,"pos":1.5,"size":0.9,"_time":130.1783,"shift":0,"time":130.1783},{"$id":"511","type":0,"pos":0,"size":0.9,"_time":130.4164,"shift":0,"time":130.4164},{"$id":"512","type":0,"pos":0,"size":0.9,"_time":130.7735,"shift":0,"time":130.7735},{"$id":"513","type":0,"pos":-1,"size":0.9,"_time":131.0116,"shift":0,"time":131.0116},{"$id":"514","type":0,"pos":-2,"size":0.9,"_time":131.2497,"shift":0,"time":131.2497},{"$id":"515","type":0,"pos":-1.5,"size":0.9,"_time":131.4878,"shift":0,"time":131.4878},{"$id":"516","type":0,"pos":0.5,"size":0.9,"_time":131.7259,"shift":0,"time":131.7259},{"$id":"517","type":0,"pos":0.5,"size":0.9,"_time":132.083,"shift":0,"time":132.083},{"$id":"518","type":0,"pos":0.5,"size":0.9,"_time":132.3211,"shift":0,"time":132.3211},{"$id":"519","type":0,"pos":0.5,"size":0.9,"_time":132.6783,"shift":0,"time":132.6783},{"$id":"520","type":0,"pos":-1.5,"size":0.9,"_time":132.9164,"shift":0,"time":132.9164},{"$id":"521","type":0,"pos":-0.5,"size":0.9,"_time":133.0354,"shift":0,"time":133.0354},{"$id":"522","type":0,"pos":0.5,"size":0.9,"_time":133.1545,"shift":0,"time":133.1545},{"$id":"523","type":0,"pos":1.5,"size":0.9,"_time":133.2735,"shift":0,"time":133.2735},{"$id":"524","type":0,"pos":-1,"size":0.9,"_time":133.3926,"shift":0,"time":133.3926},{"$id":"525","type":0,"pos":2,"size":0.9,"_time":133.6307,"shift":0,"time":133.6307},{"$id":"526","type":0,"pos":2,"size":0.9,"_time":133.9878,"shift":0,"time":133.9878},{"$id":"527","type":0,"pos":2,"size":0.9,"_time":134.2259,"shift":0,"time":134.2259},{"$id":"528","type":0,"pos":2,"size":0.9,"_time":134.583,"shift":0,"time":134.583},{"$id":"529","type":0,"pos":0.5,"size":0.9,"_time":134.8211,"shift":0,"time":134.8211},{"$id":"530","type":0,"pos":-2,"size":0.9,"_time":135.0592,"shift":0,"time":135.0592},{"$id":"531","type":0,"pos":-1,"size":1,"_time":135.2973,"shift":0,"time":135.2973},{"$id":"532","type":0,"pos":1,"size":1,"_time":135.2973,"shift":0,"time":135.2973},{"$id":"533","type":0,"pos":-1,"size":1,"_time":137.2021,"shift":0,"time":137.2021},{"$id":"534","type":0,"pos":2,"size":1,"_time":137.2021,"shift":0,"time":137.2021},{"$id":"535","type":0,"pos":-2,"size":1.2,"_time":139.1069,"shift":0,"time":139.1069},{"$id":"536","type":0,"pos":2,"size":1.2,"_time":139.1069,"shift":0,"time":139.1069}],"links":[{"notes":[{"$ref":"6"},{"$ref":"7"},{"$ref":"8"},{"$ref":"9"}]},{"notes":[{"$ref":"15"},{"$ref":"16"},{"$ref":"17"},{"$ref":"18"}]},{"notes":[{"$ref":"35"},{"$ref":"36"},{"$ref":"37"},{"$ref":"38"},{"$ref":"39"}]},{"notes":[{"$ref":"41"},{"$ref":"42"}]},{"notes":[{"$ref":"64"},{"$ref":"65"},{"$ref":"66"},{"$ref":"67"},{"$ref":"68"}]},{"notes":[{"$ref":"70"},{"$ref":"71"}]},{"notes":[{"$ref":"81"},{"$ref":"82"},{"$ref":"83"},{"$ref":"84"},{"$ref":"85"}]},{"notes":[{"$ref":"111"},{"$ref":"112"},{"$ref":"113"}]},{"notes":[{"$ref":"114"},{"$ref":"115"},{"$ref":"116"},{"$ref":"117"},{"$ref":"118"},{"$ref":"119"}]},{"notes":[{"$ref":"144"},{"$ref":"145"},{"$ref":"146"},{"$ref":"147"}]},{"notes":[{"$ref":"148"},{"$ref":"149"},{"$ref":"150"},{"$ref":"151"}]},{"notes":[{"$ref":"153"},{"$ref":"154"},{"$ref":"155"},{"$ref":"156"}]},{"notes":[{"$ref":"174"},{"$ref":"175"},{"$ref":"176"},{"$ref":"177"},{"$ref":"178"},{"$ref":"179"}]},{"notes":[{"$ref":"181"},{"$ref":"182"}]},{"notes":[{"$ref":"183"},{"$ref":"184"},{"$ref":"185"},{"$ref":"186"}]},{"notes":[{"$ref":"187"},{"$ref":"188"},{"$ref":"189"},{"$ref":"190"},{"$ref":"191"},{"$ref":"192"}]},{"notes":[{"$ref":"193"},{"$ref":"194"},{"$ref":"195"},{"$ref":"196"},{"$ref":"197"},{"$ref":"198"}]},{"notes":[{"$ref":"199"},{"$ref":"200"},{"$ref":"201"},{"$ref":"202"},{"$ref":"203"},{"$ref":"204"},{"$ref":"205"},{"$ref":"206"}]},{"notes":[{"$ref":"223"},{"$ref":"224"},{"$ref":"225"},{"$ref":"226"},{"$ref":"227"},{"$ref":"228"},{"$ref":"229"},{"$ref":"230"},{"$ref":"231"},{"$ref":"232"},{"$ref":"233"},{"$ref":"234"},{"$ref":"235"},{"$ref":"236"}]},{"notes":[{"$ref":"254"},{"$ref":"255"},{"$ref":"256"}]},{"notes":[{"$ref":"262"},{"$ref":"263"},{"$ref":"264"},{"$ref":"265"}]},{"notes":[{"$ref":"297"},{"$ref":"298"},{"$ref":"299"}]},{"notes":[{"$ref":"301"},{"$ref":"302"},{"$ref":"303"},{"$ref":"304"}]},{"notes":[{"$ref":"366"},{"$ref":"367"},{"$ref":"368"},{"$ref":"369"}]},{"notes":[{"$ref":"375"},{"$ref":"376"},{"$ref":"377"},{"$ref":"378"}]},{"notes":[{"$ref":"391"},{"$ref":"392"},{"$ref":"393"}]},{"notes":[{"$ref":"396"},{"$ref":"397"},{"$ref":"398"},{"$ref":"399"},{"$ref":"400"}]},{"notes":[{"$ref":"402"},{"$ref":"403"}]},{"notes":[{"$ref":"421"},{"$ref":"422"},{"$ref":"423"}]},{"notes":[{"$ref":"429"},{"$ref":"430"},{"$ref":"431"},{"$ref":"432"}]},{"notes":[{"$ref":"455"},{"$ref":"456"},{"$ref":"457"}]},{"notes":[{"$ref":"464"},{"$ref":"465"}]},{"notes":[{"$ref":"485"},{"$ref":"486"},{"$ref":"487"},{"$ref":"488"}]},{"notes":[{"$ref":"495"},{"$ref":"496"},{"$ref":"497"},{"$ref":"498"}]},{"notes":[{"$ref":"520"},{"$ref":"521"},{"$ref":"522"},{"$ref":"523"}]}]}