{"speed":0,"notes":[{"$id":"1","type":0,"sounds":[{"w":0,"d":0,"p":80,"v":0}],"pos":-1.5,"size":0.9,"_time":1.964,"shift":0,"time":1.964},{"$id":"2","type":0,"sounds":[{"w":0,"d":0,"p":80,"v":0}],"pos":0.5,"size":0.9,"_time":2.202095,"shift":0,"time":2.202095},{"$id":"3","type":0,"sounds":[{"w":0,"d":0,"p":80,"v":0}],"pos":-1.5,"size":0.9,"_time":2.44019,"shift":0,"time":2.44019},{"$id":"4","type":0,"sounds":[{"w":0,"d":0,"p":80,"v":0}],"pos":0.5,"size":0.9,"_time":2.559238,"shift":0,"time":2.559238},{"$id":"5","type":0,"sounds":[{"w":0,"d":0,"p":80,"v":0}],"pos":0.5,"size":0.9,"_time":2.797333,"shift":0,"time":2.797333},{"$id":"6","type":0,"sounds":[{"w":0,"d":0,"p":80,"v":0}],"pos":-1.5,"size":0.9,"_time":3.035429,"shift":0,"time":3.035429},{"$id":"7","type":0,"sounds":[{"w":0,"d":0,"p":80,"v":0}],"pos":0.5,"size":0.9,"_time":3.154476,"shift":0,"time":3.154476},{"$id":"8","type":0,"sounds":[{"w":0,"d":0,"p":80,"v":0}],"pos":-1.5,"size":0.9,"_time":3.392571,"shift":0,"time":3.392571},{"$id":"9","type":0,"sounds":[{"w":0,"d":0,"p":80,"v":0}],"pos":0.5,"size":0.9,"_time":3.511619,"shift":0,"time":3.511619},{"$id":"10","type":0,"sounds":[{"w":0,"d":0,"p":80,"v":0}],"pos":-0.5,"size":0.9,"_time":3.630666,"shift":0,"time":3.630666},{"$id":"11","type":0,"sounds":[{"w":0,"d":0,"p":80,"v":0}],"pos":1.5,"size":0.9,"_time":3.749714,"shift":0,"time":3.749714},{"$id":"12","type":0,"sounds":[{"w":0,"d":0,"p":80,"v":0}],"pos":-1,"size":0.9,"_time":3.868762,"shift":0,"time":3.868762},{"$id":"13","type":0,"sounds":[{"w":0,"d":0,"p":80,"v":0}],"pos":2,"size":0.9,"_time":4.106857,"shift":0,"time":4.106857},{"$id":"14","type":0,"sounds":[{"w":0,"d":0,"p":80,"v":0}],"pos":-1,"size":0.9,"_time":4.344952,"shift":0,"time":4.344952},{"$id":"15","type":0,"sounds":[{"w":0,"d":0,"p":80,"v":0}],"pos":2,"size":0.9,"_time":4.464,"shift":0,"time":4.464},{"$id":"16","type":0,"sounds":[{"w":0,"d":0,"p":80,"v":0}],"pos":2,"size":0.9,"_time":4.702095,"shift":0,"time":4.702095},{"$id":"17","type":0,"sounds":[{"w":0,"d":0,"p":80,"v":0}],"pos":-1,"size":0.9,"_time":4.94019,"shift":0,"time":4.94019},{"$id":"18","type":0,"sounds":[{"w":0,"d":0,"p":80,"v":0}],"pos":2,"size":0.9,"_time":5.059238,"shift":0,"time":5.059238},{"$id":"19","type":0,"sounds":[{"w":0,"d":0,"p":80,"v":0}],"pos":-1.5,"size":0.9,"_time":5.297333,"shift":0,"time":5.297333},{"$id":"20","type":0,"sounds":[{"w":0,"d":0,"p":80,"v":0}],"pos":0,"size":0.9,"_time":5.416381,"shift":0,"time":5.416381},{"$id":"21","type":0,"sounds":[{"w":0,"d":0,"p":80,"v":0}],"pos":-1,"size":0.9,"_time":5.535429,"shift":0,"time":5.535429},{"$id":"22","type":0,"sounds":[{"w":0,"d":0,"p":80,"v":0}],"pos":1.5,"size":0.9,"_time":5.654476,"shift":0,"time":5.654476},{"$id":"23","type":0,"sounds":[{"w":0,"d":0,"p":80,"v":0}],"pos":-2,"size":0.9,"_time":5.773524,"shift":0,"time":5.773524},{"$id":"24","type":0,"sounds":[{"w":0,"d":0,"p":80,"v":0}],"pos":0.5,"size":0.9,"_time":6.011619,"shift":0,"time":6.011619},{"$id":"25","type":0,"sounds":[{"w":0,"d":0,"p":80,"v":0}],"pos":-2,"size":0.9,"_time":6.249714,"shift":0,"time":6.249714},{"$id":"26","type":0,"sounds":[{"w":0,"d":0,"p":80,"v":0}],"pos":0.5,"size":0.9,"_time":6.368762,"shift":0,"time":6.368762},{"$id":"27","type":0,"sounds":[{"w":0,"d":0,"p":80,"v":0}],"pos":0.5,"size":0.9,"_time":6.606857,"shift":0,"time":6.606857},{"$id":"28","type":0,"sounds":[{"w":0,"d":0,"p":80,"v":0}],"pos":-2,"size":0.9,"_time":6.844952,"shift":0,"time":6.844952},{"$id":"29","type":0,"sounds":[{"w":0,"d":0,"p":80,"v":0}],"pos":0,"size":0.9,"_time":6.964,"shift":0,"time":6.964},{"$id":"30","type":0,"sounds":[{"w":0,"d":0,"p":80,"v":0}],"pos":-0.5,"size":0.9,"_time":7.202095,"shift":0,"time":7.202095},{"$id":"31","type":0,"sounds":[{"w":0,"d":0,"p":80,"v":0}],"pos":1.5,"size":0.9,"_time":7.321142,"shift":0,"time":7.321142},{"$id":"32","type":0,"sounds":[{"w":0,"d":0,"p":80,"v":0}],"pos":-1.5,"size":0.9,"_time":7.44019,"shift":0,"time":7.44019},{"$id":"33","type":0,"sounds":[{"w":0,"d":0,"p":80,"v":0}],"pos":-2,"size":0.9,"_time":7.678286,"shift":0,"time":7.678286},{"$id":"34","type":0,"sounds":[{"w":0,"d":0,"p":80,"v":0}],"pos":0.5,"size":0.9,"_time":7.916381,"shift":0,"time":7.916381},{"$id":"35","type":0,"sounds":[{"w":0,"d":0,"p":80,"v":0}],"pos":-2,"size":0.9,"_time":8.154478,"shift":0,"time":8.154478},{"$id":"36","type":0,"sounds":[{"w":0,"d":0,"p":80,"v":0}],"pos":0.5,"size":0.9,"_time":8.273525,"shift":0,"time":8.273525},{"$id":"37","type":0,"sounds":[{"w":0,"d":0,"p":80,"v":0}],"pos":0,"size":0.9,"_time":8.51162,"shift":0,"time":8.51162},{"$id":"38","type":0,"sounds":[{"w":0,"d":0,"p":80,"v":0}],"pos":-2,"size":0.9,"_time":8.749716,"shift":0,"time":8.749716},{"$id":"39","type":0,"sounds":[{"w":0,"d":0,"p":80,"v":0}],"pos":0,"size":0.9,"_time":8.868763,"shift":0,"time":8.868763},{"$id":"40","type":0,"pos":-1.1,"size":0.9,"_time":9.106859,"shift":0,"time":9.106859},{"$id":"41","type":0,"pos":1.1,"size":0.9,"_time":9.225906,"shift":0,"time":9.225906},{"$id":"42","type":0,"pos":0.4000001,"size":1,"_time":9.344954,"shift":0,"time":9.344954},{"$id":"43","type":0,"pos":0.8,"size":1,"_time":9.404477,"shift":0,"time":9.404477},{"$id":"44","type":0,"pos":0.4000001,"size":1.05,"_time":9.464001,"shift":0,"time":9.464001},{"$id":"45","type":0,"pos":0.8,"size":1.05,"_time":9.523524,"shift":0,"time":9.523524},{"$id":"46","type":0,"sounds":[{"w":0,"d":0,"p":80,"v":0}],"pos":-1.5,"size":1,"_time":9.58305,"shift":0,"time":9.58305},{"$id":"47","type":0,"sounds":[{"w":0,"d":0,"p":80,"v":0}],"pos":0.5,"size":1,"_time":9.821145,"shift":0,"time":9.821145},{"$id":"48","type":0,"sounds":[{"w":0,"d":0,"p":80,"v":0}],"pos":-1.5,"size":1,"_time":10.05924,"shift":0,"time":10.05924},{"$id":"49","type":0,"sounds":[{"w":0,"d":0,"p":80,"v":0}],"pos":0.5,"size":1,"_time":10.17829,"shift":0,"time":10.17829},{"$id":"50","type":0,"sounds":[{"w":0,"d":0,"p":80,"v":0}],"pos":0.5,"size":1,"_time":10.41638,"shift":0,"time":10.41638},{"$id":"51","type":0,"sounds":[{"w":0,"d":0,"p":80,"v":0}],"pos":-1.5,"size":1,"_time":10.65448,"shift":0,"time":10.65448},{"$id":"52","type":0,"sounds":[{"w":0,"d":0,"p":80,"v":0}],"pos":0.5,"size":1,"_time":10.77353,"shift":0,"time":10.77353},{"$id":"53","type":0,"sounds":[{"w":0,"d":0,"p":80,"v":0}],"pos":-1.5,"size":1,"_time":11.01162,"shift":0,"time":11.01162},{"$id":"54","type":0,"sounds":[{"w":0,"d":0,"p":80,"v":0}],"pos":0.5,"size":1,"_time":11.13067,"shift":0,"time":11.13067},{"$id":"55","type":0,"sounds":[{"w":0,"d":0,"p":80,"v":0}],"pos":-0.5,"size":1,"_time":11.24972,"shift":0,"time":11.24972},{"$id":"56","type":0,"sounds":[{"w":0,"d":0,"p":80,"v":0}],"pos":1.5,"size":1,"_time":11.36876,"shift":0,"time":11.36876},{"$id":"57","type":0,"sounds":[{"w":0,"d":0,"p":80,"v":0}],"pos":-1,"size":1,"_time":11.48781,"shift":0,"time":11.48781},{"$id":"58","type":0,"sounds":[{"w":0,"d":0,"p":80,"v":0}],"pos":2,"size":1,"_time":11.72591,"shift":0,"time":11.72591},{"$id":"59","type":0,"sounds":[{"w":0,"d":0,"p":80,"v":0}],"pos":-1,"size":1,"_time":11.964,"shift":0,"time":11.964},{"$id":"60","type":0,"sounds":[{"w":0,"d":0,"p":80,"v":0}],"pos":2,"size":1,"_time":12.08305,"shift":0,"time":12.08305},{"$id":"61","type":0,"sounds":[{"w":0,"d":0,"p":80,"v":0}],"pos":2,"size":1,"_time":12.32115,"shift":0,"time":12.32115},{"$id":"62","type":0,"sounds":[{"w":0,"d":0,"p":80,"v":0}],"pos":-1,"size":1,"_time":12.55924,"shift":0,"time":12.55924},{"$id":"63","type":0,"sounds":[{"w":0,"d":0,"p":80,"v":0}],"pos":2,"size":1,"_time":12.67829,"shift":0,"time":12.67829},{"$id":"64","type":0,"sounds":[{"w":0,"d":0,"p":80,"v":0}],"pos":-1.5,"size":1,"_time":12.91638,"shift":0,"time":12.91638},{"$id":"65","type":0,"sounds":[{"w":0,"d":0,"p":80,"v":0}],"pos":0,"size":1,"_time":13.03543,"shift":0,"time":13.03543},{"$id":"66","type":0,"sounds":[{"w":0,"d":0,"p":80,"v":0}],"pos":-1,"size":1,"_time":13.15448,"shift":0,"time":13.15448},{"$id":"67","type":0,"sounds":[{"w":0,"d":0,"p":80,"v":0}],"pos":1.5,"size":1,"_time":13.27353,"shift":0,"time":13.27353},{"$id":"68","type":0,"sounds":[{"w":0,"d":0,"p":80,"v":0}],"pos":-2,"size":1,"_time":13.39257,"shift":0,"time":13.39257},{"$id":"69","type":0,"sounds":[{"w":0,"d":0,"p":80,"v":0}],"pos":0.5,"size":1,"_time":13.63067,"shift":0,"time":13.63067},{"$id":"70","type":0,"sounds":[{"w":0,"d":0,"p":80,"v":0}],"pos":-2,"size":1,"_time":13.86876,"shift":0,"time":13.86876},{"$id":"71","type":0,"sounds":[{"w":0,"d":0,"p":80,"v":0}],"pos":0.5,"size":1,"_time":13.98781,"shift":0,"time":13.98781},{"$id":"72","type":0,"sounds":[{"w":0,"d":0,"p":80,"v":0}],"pos":0.5,"size":1,"_time":14.22591,"shift":0,"time":14.22591},{"$id":"73","type":0,"sounds":[{"w":0,"d":0,"p":80,"v":0}],"pos":-2,"size":1,"_time":14.464,"shift":0,"time":14.464},{"$id":"74","type":0,"sounds":[{"w":0,"d":0,"p":80,"v":0}],"pos":0,"size":1,"_time":14.58305,"shift":0,"time":14.58305},{"$id":"75","type":0,"sounds":[{"w":0,"d":0,"p":80,"v":0}],"pos":-0.5,"size":1,"_time":14.82115,"shift":0,"time":14.82115},{"$id":"76","type":0,"sounds":[{"w":0,"d":0,"p":80,"v":0}],"pos":1.5,"size":1,"_time":14.94019,"shift":0,"time":14.94019},{"$id":"77","type":0,"sounds":[{"w":0,"d":0,"p":80,"v":0}],"pos":-1.5,"size":1,"_time":15.05924,"shift":0,"time":15.05924},{"$id":"78","type":0,"sounds":[{"w":0,"d":0,"p":80,"v":0}],"pos":-2,"size":1,"_time":15.29734,"shift":0,"time":15.29734},{"$id":"79","type":0,"sounds":[{"w":0,"d":0,"p":80,"v":0}],"pos":0.5,"size":1,"_time":15.53543,"shift":0,"time":15.53543},{"$id":"80","type":0,"sounds":[{"w":0,"d":0,"p":80,"v":0}],"pos":-2,"size":1,"_time":15.77353,"shift":0,"time":15.77353},{"$id":"81","type":0,"sounds":[{"w":0,"d":0,"p":80,"v":0}],"pos":0.5,"size":1,"_time":15.89258,"shift":0,"time":15.89258},{"$id":"82","type":0,"sounds":[{"w":0,"d":0,"p":79,"v":0}],"pos":1.5,"size":1,"_time":16.13067,"shift":0,"time":16.13067},{"$id":"83","type":0,"sounds":[{"w":0,"d":0,"p":79,"v":0}],"pos":1.5,"size":1,"_time":16.36876,"shift":0,"time":16.36876},{"$id":"84","type":0,"sounds":[{"w":0,"d":0,"p":79,"v":0}],"pos":0.5,"size":1,"_time":16.60686,"shift":0,"time":16.60686},{"$id":"85","type":0,"sounds":[{"w":0,"d":0,"p":79,"v":0}],"pos":-0.5,"size":1,"_time":16.84495,"shift":0,"time":16.84495},{"$id":"86","type":0,"sounds":[{"w":0,"d":0,"p":79,"v":0}],"pos":-1.5,"size":1,"_time":16.964,"shift":0,"time":16.964},{"$id":"87","type":0,"sounds":[{"w":0,"d":0,"p":77,"v":0}],"pos":1.5,"size":1.2,"_time":17.2021,"shift":0,"time":17.2021},{"$id":"88","type":0,"sounds":[{"w":0,"d":0,"p":77,"v":0}],"pos":-1,"size":1.2,"_time":17.2021,"shift":0,"time":17.2021},{"$id":"89","type":0,"sounds":[{"w":0,"d":0,"p":77,"v":0}],"pos":2,"size":1,"_time":17.44019,"shift":0,"time":17.44019},{"$id":"90","type":0,"sounds":[{"w":0,"d":0,"p":77,"v":0}],"pos":0.5,"size":1,"_time":17.55924,"shift":0,"time":17.55924},{"$id":"91","type":0,"sounds":[{"w":0,"d":0,"p":77,"v":0}],"pos":-0.5,"size":1,"_time":17.79733,"shift":0,"time":17.79733},{"$id":"92","type":0,"sounds":[{"w":0,"d":0,"p":77,"v":0}],"pos":-2,"size":1,"_time":18.39257,"shift":0,"time":18.39257},{"$id":"93","type":0,"sounds":[{"w":0,"d":0,"p":77,"v":0}],"pos":1,"size":1,"_time":18.51162,"shift":0,"time":18.51162},{"$id":"94","type":0,"sounds":[{"w":0,"d":0,"p":77,"v":0}],"pos":-1,"size":1,"_time":18.63067,"shift":0,"time":18.63067},{"$id":"95","type":0,"sounds":[{"w":0,"d":0,"p":77,"v":0}],"pos":2,"size":1,"_time":18.74972,"shift":0,"time":18.74972},{"$id":"96","type":0,"sounds":[{"w":0,"d":0,"p":77,"v":0}],"pos":0,"size":1,"_time":18.86876,"shift":0,"time":18.86876},{"$id":"97","type":0,"sounds":[{"w":0,"d":0,"p":77,"v":0}],"pos":0.5,"size":1.2,"_time":19.10686,"shift":0,"time":19.10686},{"$id":"98","type":0,"sounds":[{"w":0,"d":0,"p":80,"v":0}],"pos":1.5,"size":1,"_time":20.02868,"shift":0,"time":20.02868},{"$id":"99","type":0,"sounds":[{"w":0,"d":0,"p":80,"v":0}],"pos":2,"size":1,"_time":20.05924,"shift":0,"time":20.05924},{"$id":"100","type":0,"sounds":[{"w":0,"d":0,"p":80,"v":0}],"pos":1,"size":1,"_time":20.29733,"shift":0,"time":20.29733},{"$id":"101","type":0,"sounds":[{"w":0,"d":0,"p":80,"v":0}],"pos":0,"size":1,"_time":20.53543,"shift":0,"time":20.53543},{"$id":"102","type":0,"sounds":[{"w":0,"d":0,"p":80,"v":0}],"pos":-1,"size":1,"_time":20.77353,"shift":0,"time":20.77353},{"$id":"103","type":0,"sounds":[{"w":0,"d":0,"p":80,"v":0}],"pos":0,"size":1,"_time":21.01162,"shift":0,"time":21.01162},{"$id":"104","type":0,"sounds":[{"w":0,"d":0,"p":80,"v":0}],"pos":-2,"size":1,"_time":21.24972,"shift":0,"time":21.24972},{"$id":"105","type":0,"sounds":[{"w":0,"d":0,"p":77,"v":0}],"pos":2,"size":1,"_time":21.72591,"shift":0,"time":21.72591},{"$id":"106","type":0,"sounds":[{"w":0,"d":0,"p":77,"v":0}],"pos":1,"size":1,"_time":21.964,"shift":0,"time":21.964},{"$id":"107","type":0,"sounds":[{"w":0,"d":0,"p":77,"v":0}],"pos":0,"size":1,"_time":22.2021,"shift":0,"time":22.2021},{"$id":"108","type":0,"sounds":[{"w":0,"d":0,"p":77,"v":0}],"pos":-1,"size":1,"_time":22.44019,"shift":0,"time":22.44019},{"$id":"109","type":0,"sounds":[{"w":0,"d":0,"p":77,"v":0}],"pos":-2,"size":1,"_time":22.67829,"shift":0,"time":22.67829},{"$id":"110","type":0,"sounds":[{"w":0,"d":0,"p":77,"v":0}],"pos":-1,"size":1,"_time":22.91638,"shift":0,"time":22.91638},{"$id":"111","type":0,"sounds":[{"w":0,"d":0,"p":77,"v":0}],"pos":1,"size":1,"_time":23.15448,"shift":0,"time":23.15448},{"$id":"112","type":0,"sounds":[{"w":0,"d":0,"p":77,"v":0}],"pos":-1,"size":1,"_time":23.27352,"shift":0,"time":23.27352},{"$id":"113","type":0,"sounds":[{"w":0,"d":0,"p":77,"v":0}],"pos":1,"size":1,"_time":23.51162,"shift":0,"time":23.51162},{"$id":"114","type":0,"sounds":[{"w":0,"d":0,"p":77,"v":0}],"pos":-1,"size":1,"_time":23.63067,"shift":0,"time":23.63067},{"$id":"115","type":0,"sounds":[{"w":0,"d":0,"p":77,"v":0}],"pos":-0.5,"size":1,"_time":23.86876,"shift":0,"time":23.86876},{"$id":"116","type":0,"sounds":[{"w":0,"d":0,"p":77,"v":0}],"pos":1,"size":1,"_time":23.98781,"shift":0,"time":23.98781},{"$id":"117","type":0,"sounds":[{"w":0,"d":0,"p":77,"v":0}],"pos":-1.5,"size":1,"_time":24.10686,"shift":0,"time":24.10686},{"$id":"118","type":0,"sounds":[{"w":0,"d":0,"p":77,"v":0}],"pos":-2,"size":1,"_time":24.34495,"shift":0,"time":24.34495},{"$id":"119","type":0,"sounds":[{"w":0,"d":0,"p":77,"v":0}],"pos":0.5,"size":1,"_time":24.34495,"shift":0,"time":24.34495},{"$id":"120","type":0,"sounds":[{"w":0,"d":0,"p":77,"v":0}],"pos":-1,"size":1,"_time":24.58305,"shift":0,"time":24.58305},{"$id":"121","type":0,"sounds":[{"w":0,"d":0,"p":77,"v":0}],"pos":1,"size":1,"_time":24.58305,"shift":0,"time":24.58305},{"$id":"122","type":0,"sounds":[{"w":0,"d":0,"p":79,"v":0}],"pos":-0.5,"size":1.2,"_time":24.82114,"shift":0,"time":24.82114},{"$id":"123","type":0,"sounds":[{"w":0,"d":0,"p":79,"v":0}],"pos":2,"size":1.2,"_time":24.82114,"shift":0,"time":24.82114},{"$id":"124","type":0,"sounds":[{"w":0,"d":0,"p":77,"v":0}],"pos":1.5,"size":1,"_time":25.05924,"shift":0,"time":25.05924},{"$id":"125","type":0,"sounds":[{"w":0,"d":0,"p":77,"v":0}],"pos":0.5,"size":1,"_time":25.29733,"shift":0,"time":25.29733},{"$id":"126","type":0,"sounds":[{"w":0,"d":0,"p":77,"v":0}],"pos":-0.5,"size":1,"_time":25.41638,"shift":0,"time":25.41638},{"$id":"127","type":0,"sounds":[{"w":0,"d":0,"p":77,"v":0}],"pos":-2,"size":1,"_time":25.65448,"shift":0,"time":25.65448},{"$id":"128","type":0,"sounds":[{"w":0,"d":0,"p":77,"v":0}],"pos":-2,"size":1,"_time":26.01162,"shift":0,"time":26.01162},{"$id":"129","type":0,"sounds":[{"w":0,"d":0,"p":77,"v":0}],"pos":0.5,"size":1,"_time":26.13067,"shift":0,"time":26.13067},{"$id":"130","type":0,"sounds":[{"w":0,"d":0,"p":77,"v":0}],"pos":-1,"size":1,"_time":26.24972,"shift":0,"time":26.24972},{"$id":"131","type":0,"sounds":[{"w":0,"d":0,"p":77,"v":0}],"pos":2,"size":1,"_time":26.36876,"shift":0,"time":26.36876},{"$id":"132","type":0,"sounds":[{"w":0,"d":0,"p":77,"v":0}],"pos":0,"size":1,"_time":26.48781,"shift":0,"time":26.48781},{"$id":"133","type":0,"sounds":[{"w":0,"d":0,"p":77,"v":0}],"pos":0.5,"size":1.2,"_time":26.7259,"shift":0,"time":26.7259},{"$id":"134","type":0,"pos":1.5,"size":1,"_time":27.6573,"shift":0,"time":27.6573},{"$id":"135","type":0,"sounds":[{"w":0,"d":0,"p":80,"v":0}],"pos":2,"size":1,"_time":27.67829,"shift":0,"time":27.67829},{"$id":"136","type":0,"sounds":[{"w":0,"d":0,"p":80,"v":0}],"pos":1,"size":1,"_time":27.91638,"shift":0,"time":27.91638},{"$id":"137","type":0,"sounds":[{"w":0,"d":0,"p":80,"v":0}],"pos":0,"size":1,"_time":28.15448,"shift":0,"time":28.15448},{"$id":"138","type":0,"sounds":[{"w":0,"d":0,"p":80,"v":0}],"pos":-1,"size":1,"_time":28.39257,"shift":0,"time":28.39257},{"$id":"139","type":0,"sounds":[{"w":0,"d":0,"p":80,"v":0}],"pos":0,"size":1,"_time":28.63067,"shift":0,"time":28.63067},{"$id":"140","type":0,"sounds":[{"w":0,"d":0,"p":77,"v":0}],"pos":2,"size":1.2,"_time":28.86876,"shift":0,"time":28.86876},{"$id":"141","type":0,"sounds":[{"w":0,"d":0,"p":77,"v":0}],"pos":-1,"size":1,"_time":29.10686,"shift":0,"time":29.10686},{"$id":"142","type":0,"sounds":[{"w":0,"d":0,"p":77,"v":0}],"pos":0,"size":1,"_time":29.22591,"shift":0,"time":29.22591},{"$id":"143","type":0,"sounds":[{"w":0,"d":0,"p":77,"v":0}],"pos":1.5,"size":1.2,"_time":29.464,"shift":0,"time":29.464},{"$id":"144","type":0,"sounds":[{"w":0,"d":0,"p":77,"v":0}],"pos":-1.5,"size":1,"_time":29.82114,"shift":0,"time":29.82114},{"$id":"145","type":0,"sounds":[{"w":0,"d":0,"p":77,"v":0}],"pos":-0.5,"size":1,"_time":29.94019,"shift":0,"time":29.94019},{"$id":"146","type":0,"sounds":[{"w":0,"d":0,"p":77,"v":0}],"pos":1,"size":1.2,"_time":30.17829,"shift":0,"time":30.17829},{"$id":"147","type":0,"sounds":[{"w":0,"d":0,"p":77,"v":0}],"pos":-2,"size":1,"_time":30.53543,"shift":0,"time":30.53543},{"$id":"148","type":0,"sounds":[{"w":0,"d":0,"p":77,"v":0}],"pos":-1,"size":1,"_time":30.65448,"shift":0,"time":30.65448},{"$id":"149","type":0,"sounds":[{"w":0,"d":0,"p":77,"v":0}],"pos":0.5,"size":1.2,"_time":30.89257,"shift":0,"time":30.89257},{"$id":"150","type":0,"sounds":[{"w":0,"d":0,"p":77,"v":0}],"pos":-1,"size":1,"_time":31.24972,"shift":0,"time":31.24972},{"$id":"151","type":0,"sounds":[{"w":0,"d":0,"p":77,"v":0}],"pos":0,"size":1,"_time":31.36876,"shift":0,"time":31.36876},{"$id":"152","type":0,"sounds":[{"w":0,"d":0,"p":77,"v":0}],"pos":1.5,"size":1.2,"_time":31.60686,"shift":0,"time":31.60686},{"$id":"153","type":0,"sounds":[{"w":0,"d":0,"p":79,"v":0}],"pos":-1.5,"size":1.1,"_time":31.964,"shift":0,"time":31.964},{"$id":"154","type":0,"sounds":[{"w":0,"d":0,"p":79,"v":0}],"pos":-0.3800001,"size":1,"_time":32.08305,"shift":0,"time":32.08305},{"$id":"155","type":0,"sounds":[{"w":0,"d":0,"p":79,"v":0}],"pos":0.6999999,"size":1,"_time":32.2021,"shift":0,"time":32.2021},{"$id":"156","type":0,"sounds":[{"w":0,"d":0,"p":79,"v":0}],"pos":-0.3800001,"size":1,"_time":32.32114,"shift":0,"time":32.32114},{"$id":"157","type":0,"sounds":[{"w":0,"d":0,"p":79,"v":0}],"pos":-1.5,"size":1.1,"_time":32.44019,"shift":0,"time":32.44019},{"$id":"158","type":0,"sounds":[{"w":0,"d":0,"p":81,"v":0}],"pos":1,"size":1,"_time":32.67828,"shift":0,"time":32.67828},{"$id":"159","type":0,"sounds":[{"w":0,"d":0,"p":81,"v":0}],"pos":-1.5,"size":1.1,"_time":32.79733,"shift":0,"time":32.79733},{"$id":"160","type":0,"sounds":[{"w":0,"d":0,"p":81,"v":0}],"pos":1,"size":1,"_time":33.03542,"shift":0,"time":33.03542},{"$id":"161","type":0,"sounds":[{"w":0,"d":0,"p":81,"v":0}],"pos":-1.5,"size":1.1,"_time":33.15447,"shift":0,"time":33.15447},{"$id":"162","type":0,"sounds":[{"w":0,"d":0,"p":81,"v":0}],"pos":1,"size":1,"_time":33.39257,"shift":0,"time":33.39257},{"$id":"163","type":0,"sounds":[{"w":0,"d":0,"p":81,"v":0}],"pos":-1.5,"size":1.1,"_time":33.63066,"shift":0,"time":33.63066},{"$id":"164","type":0,"sounds":[{"w":0,"d":0,"p":81,"v":0}],"pos":0,"size":1,"_time":33.86876,"shift":0,"time":33.86876},{"$id":"165","type":0,"sounds":[{"w":0,"d":0,"p":81,"v":0}],"pos":1,"size":1,"_time":34.10686,"shift":0,"time":34.10686},{"$id":"166","type":0,"sounds":[{"w":0,"d":0,"p":81,"v":0}],"pos":-2,"size":1.1,"_time":34.34496,"shift":0,"time":34.34496},{"$id":"167","type":0,"sounds":[{"w":0,"d":0,"p":81,"v":0}],"pos":1,"size":1,"_time":34.58305,"shift":0,"time":34.58305},{"$id":"168","type":0,"sounds":[{"w":0,"d":0,"p":81,"v":0}],"pos":-2,"size":1.1,"_time":34.7021,"shift":0,"time":34.7021},{"$id":"169","type":0,"sounds":[{"w":0,"d":0,"p":81,"v":0}],"pos":1,"size":1,"_time":34.94019,"shift":0,"time":34.94019},{"$id":"170","type":0,"sounds":[{"w":0,"d":0,"p":81,"v":0}],"pos":-0.5,"size":1.1,"_time":35.05923,"shift":0,"time":35.05923},{"$id":"171","type":0,"sounds":[{"w":0,"d":0,"p":81,"v":0}],"pos":-2,"size":1,"_time":35.17828,"shift":0,"time":35.17828},{"$id":"172","type":0,"sounds":[{"w":0,"d":0,"p":81,"v":0}],"pos":0,"size":1,"_time":35.29733,"shift":0,"time":35.29733},{"$id":"173","type":0,"sounds":[{"w":0,"d":0,"p":81,"v":0}],"pos":-1.5,"size":1.1,"_time":35.53543,"shift":0,"time":35.53543},{"$id":"174","type":0,"sounds":[{"w":0,"d":0,"p":81,"v":0}],"pos":1,"size":1.1,"_time":35.53543,"shift":0,"time":35.53543},{"$id":"175","type":0,"sounds":[{"w":0,"d":0,"p":81,"v":0}],"pos":2,"size":1.1,"_time":35.77352,"shift":0,"time":35.77352},{"$id":"176","type":0,"sounds":[{"w":0,"d":0,"p":81,"v":0}],"pos":-0.5,"size":1.1,"_time":35.77353,"shift":0,"time":35.77353},{"$id":"177","type":0,"sounds":[{"w":0,"d":0,"p":81,"v":0}],"pos":-1,"size":1.1,"_time":36.01162,"shift":0,"time":36.01162},{"$id":"178","type":0,"sounds":[{"w":0,"d":0,"p":81,"v":0}],"pos":1.5,"size":1.1,"_time":36.01162,"shift":0,"time":36.01162},{"$id":"179","type":0,"sounds":[{"w":0,"d":0,"p":80,"v":0}],"pos":-1.5,"size":1,"_time":36.24971,"shift":0,"time":36.24971},{"$id":"180","type":0,"sounds":[{"w":0,"d":0,"p":80,"v":0}],"pos":0.5,"size":1,"_time":36.48781,"shift":0,"time":36.48781},{"$id":"181","type":0,"sounds":[{"w":0,"d":0,"p":80,"v":0}],"pos":-1.5,"size":1,"_time":36.60686,"shift":0,"time":36.60686},{"$id":"182","type":0,"sounds":[{"w":0,"d":0,"p":80,"v":0}],"pos":0.5,"size":1,"_time":36.84495,"shift":0,"time":36.84495},{"$id":"183","type":0,"sounds":[{"w":0,"d":0,"p":80,"v":0}],"pos":-1.5,"size":1,"_time":36.964,"shift":0,"time":36.964},{"$id":"184","type":0,"sounds":[{"w":0,"d":0,"p":80,"v":0}],"pos":-1.5,"size":1,"_time":37.2021,"shift":0,"time":37.2021},{"$id":"185","type":0,"sounds":[{"w":0,"d":0,"p":80,"v":0}],"pos":-2,"size":1.1,"_time":37.44019,"shift":0,"time":37.44019},{"$id":"186","type":0,"sounds":[{"w":0,"d":0,"p":80,"v":0}],"pos":-0.5,"size":1.1,"_time":37.44019,"shift":0,"time":37.44019},{"$id":"187","type":0,"sounds":[{"w":0,"d":0,"p":80,"v":0}],"pos":0.5,"size":1.1,"_time":37.67828,"shift":0,"time":37.67828},{"$id":"188","type":0,"sounds":[{"w":0,"d":0,"p":80,"v":0}],"pos":-1,"size":1.1,"_time":37.67829,"shift":0,"time":37.67829},{"$id":"189","type":0,"sounds":[{"w":0,"d":0,"p":80,"v":0}],"pos":0,"size":1.1,"_time":37.91638,"shift":0,"time":37.91638},{"$id":"190","type":0,"sounds":[{"w":0,"d":0,"p":80,"v":0}],"pos":1.5,"size":1.1,"_time":37.91638,"shift":0,"time":37.91638},{"$id":"191","type":0,"sounds":[{"w":0,"d":0,"p":80,"v":0}],"pos":-1,"size":1.1,"_time":38.15447,"shift":0,"time":38.15447},{"$id":"192","type":0,"sounds":[{"w":0,"d":0,"p":80,"v":0}],"pos":2,"size":1,"_time":38.39257,"shift":0,"time":38.39257},{"$id":"193","type":0,"sounds":[{"w":0,"d":0,"p":80,"v":0}],"pos":-1,"size":1.1,"_time":38.51162,"shift":0,"time":38.51162},{"$id":"194","type":0,"sounds":[{"w":0,"d":0,"p":80,"v":0}],"pos":2,"size":1,"_time":38.74971,"shift":0,"time":38.74971},{"$id":"195","type":0,"sounds":[{"w":0,"d":0,"p":80,"v":0}],"pos":-1,"size":1.1,"_time":38.86876,"shift":0,"time":38.86876},{"$id":"196","type":0,"sounds":[{"w":0,"d":0,"p":80,"v":0}],"pos":0,"size":1,"_time":38.98781,"shift":0,"time":38.98781},{"$id":"197","type":0,"sounds":[{"w":0,"d":0,"p":80,"v":0}],"pos":2,"size":1,"_time":39.10685,"shift":0,"time":39.10685},{"$id":"198","type":0,"sounds":[{"w":0,"d":0,"p":80,"v":0}],"pos":-2,"size":1,"_time":39.34495,"shift":0,"time":39.34495},{"$id":"199","type":0,"sounds":[{"w":0,"d":0,"p":80,"v":0}],"pos":-1,"size":1,"_time":39.34495,"shift":0,"time":39.34495},{"$id":"200","type":0,"sounds":[{"w":0,"d":0,"p":80,"v":0}],"pos":-1.399996,"size":1,"_time":39.464,"shift":0,"time":39.464},{"$id":"201","type":0,"sounds":[{"w":0,"d":0,"p":80,"v":0}],"pos":-0.3999962,"size":1,"_time":39.464,"shift":0,"time":39.464},{"$id":"202","type":0,"sounds":[{"w":0,"d":0,"p":80,"v":0}],"pos":-0.7999923,"size":1,"_time":39.58305,"shift":0,"time":39.58305},{"$id":"203","type":0,"sounds":[{"w":0,"d":0,"p":80,"v":0}],"pos":0.2000077,"size":1,"_time":39.58305,"shift":0,"time":39.58305},{"$id":"204","type":0,"sounds":[{"w":0,"d":0,"p":80,"v":0}],"pos":0.7999923,"size":1,"_time":39.70209,"shift":0,"time":39.70209},{"$id":"205","type":0,"sounds":[{"w":0,"d":0,"p":80,"v":0}],"pos":-0.2000077,"size":1,"_time":39.70209,"shift":0,"time":39.70209},{"$id":"206","type":0,"sounds":[{"w":0,"d":0,"p":80,"v":0}],"pos":0.3999962,"size":1,"_time":39.82114,"shift":0,"time":39.82114},{"$id":"207","type":0,"sounds":[{"w":0,"d":0,"p":80,"v":0}],"pos":1.399996,"size":1,"_time":39.82114,"shift":0,"time":39.82114},{"$id":"208","type":0,"sounds":[{"w":0,"d":0,"p":80,"v":0}],"pos":2,"size":1,"_time":39.94019,"shift":0,"time":39.94019},{"$id":"209","type":0,"sounds":[{"w":0,"d":0,"p":80,"v":0}],"pos":1,"size":1,"_time":39.94019,"shift":0,"time":39.94019},{"$id":"210","type":0,"sounds":[{"w":0,"d":0,"p":80,"v":0}],"pos":-1.399996,"size":1,"_time":40.05923,"shift":0,"time":40.05923},{"$id":"211","type":0,"sounds":[{"w":0,"d":0,"p":80,"v":0}],"pos":2,"size":1,"_time":40.29733,"shift":0,"time":40.29733},{"$id":"212","type":0,"sounds":[{"w":0,"d":0,"p":80,"v":0}],"pos":-1.399996,"size":1,"_time":40.41638,"shift":0,"time":40.41638},{"$id":"213","type":0,"sounds":[{"w":0,"d":0,"p":80,"v":0}],"pos":2,"size":1,"_time":40.65447,"shift":0,"time":40.65447},{"$id":"214","type":0,"sounds":[{"w":0,"d":0,"p":80,"v":0}],"pos":-1.399996,"size":1,"_time":40.77352,"shift":0,"time":40.77352},{"$id":"215","type":0,"sounds":[{"w":0,"d":0,"p":77,"v":0}],"pos":-2,"size":1.1,"_time":41.01162,"shift":0,"time":41.01162},{"$id":"216","type":0,"sounds":[{"w":0,"d":0,"p":77,"v":0}],"pos":-0.5,"size":1.1,"_time":41.01162,"shift":0,"time":41.01162},{"$id":"217","type":0,"sounds":[{"w":0,"d":0,"p":77,"v":0}],"pos":-1.3,"size":1.1,"_time":41.24971,"shift":0,"time":41.24971},{"$id":"218","type":0,"sounds":[{"w":0,"d":0,"p":77,"v":0}],"pos":0.2,"size":1.1,"_time":41.24971,"shift":0,"time":41.24971},{"$id":"219","type":0,"sounds":[{"w":0,"d":0,"p":77,"v":0}],"pos":-0.6,"size":1.1,"_time":41.4878,"shift":0,"time":41.4878},{"$id":"220","type":0,"sounds":[{"w":0,"d":0,"p":77,"v":0}],"pos":0.8999999,"size":1.1,"_time":41.48781,"shift":0,"time":41.48781},{"$id":"221","type":0,"sounds":[{"w":0,"d":0,"p":77,"v":0}],"pos":0.5,"size":1.1,"_time":41.7259,"shift":0,"time":41.7259},{"$id":"222","type":0,"sounds":[{"w":0,"d":0,"p":77,"v":0}],"pos":2,"size":1.1,"_time":41.7259,"shift":0,"time":41.7259},{"$id":"223","type":0,"sounds":[{"w":0,"d":0,"p":77,"v":0}],"pos":1.5,"size":1.1,"_time":41.964,"shift":0,"time":41.964},{"$id":"224","type":0,"sounds":[{"w":0,"d":0,"p":77,"v":0}],"pos":0,"size":1.1,"_time":41.964,"shift":0,"time":41.964},{"$id":"225","type":0,"sounds":[{"w":0,"d":0,"p":79,"v":0}],"pos":0.5,"size":1,"_time":42.2021,"shift":0,"time":42.2021},{"$id":"226","type":0,"sounds":[{"w":0,"d":0,"p":79,"v":0}],"pos":-1,"size":1,"_time":42.32114,"shift":0,"time":42.32114},{"$id":"227","type":0,"sounds":[{"w":0,"d":0,"p":79,"v":0}],"pos":-2,"size":1.1,"_time":42.55923,"shift":0,"time":42.55923},{"$id":"228","type":0,"sounds":[{"w":0,"d":0,"p":79,"v":0}],"pos":-0.5,"size":1,"_time":42.79733,"shift":0,"time":42.79733},{"$id":"229","type":0,"sounds":[{"w":0,"d":0,"p":79,"v":0}],"pos":0.5,"size":1,"_time":42.91638,"shift":0,"time":42.91638},{"$id":"230","type":0,"sounds":[{"w":0,"d":0,"p":83,"v":0}],"pos":-0.1999999,"size":1,"_time":43.15447,"shift":0,"time":43.15447},{"$id":"231","type":0,"sounds":[{"w":0,"d":0,"p":83,"v":0}],"pos":0.9000001,"size":1,"_time":43.39257,"shift":0,"time":43.39257},{"$id":"232","type":0,"sounds":[{"w":0,"d":0,"p":83,"v":0}],"pos":2,"size":1,"_time":43.63066,"shift":0,"time":43.63066},{"$id":"233","type":0,"sounds":[{"w":0,"d":0,"p":78,"v":0}],"pos":2,"size":1.2,"_time":43.86876,"shift":0,"time":43.86876},{"$id":"234","type":0,"sounds":[{"w":0,"d":0,"p":78,"v":0}],"pos":-2,"size":1,"_time":44.10686,"shift":0,"time":44.10686},{"$id":"235","type":0,"sounds":[{"w":0,"d":0,"p":78,"v":0}],"pos":0,"size":1,"_time":44.22591,"shift":0,"time":44.22591},{"$id":"236","type":0,"sounds":[{"w":0,"d":0,"p":78,"v":0}],"pos":-1,"size":1,"_time":44.34496,"shift":0,"time":44.34496},{"$id":"237","type":0,"sounds":[{"w":0,"d":0,"p":78,"v":0}],"pos":1,"size":1,"_time":44.464,"shift":0,"time":44.464},{"$id":"238","type":0,"sounds":[{"w":0,"d":0,"p":78,"v":0}],"pos":-1.5,"size":1,"_time":44.58305,"shift":0,"time":44.58305},{"$id":"239","type":0,"sounds":[{"w":0,"d":0,"p":78,"v":0}],"pos":0.5,"size":1,"_time":44.7021,"shift":0,"time":44.7021},{"$id":"240","type":0,"sounds":[{"w":0,"d":0,"p":78,"v":0}],"pos":-0.5,"size":1,"_time":44.82114,"shift":0,"time":44.82114},{"$id":"241","type":0,"sounds":[{"w":0,"d":0,"p":78,"v":0}],"pos":1.5,"size":1,"_time":44.94019,"shift":0,"time":44.94019},{"$id":"242","type":0,"sounds":[{"w":0,"d":0,"p":78,"v":0}],"pos":-1,"size":1,"_time":45.05923,"shift":0,"time":45.05923},{"$id":"243","type":0,"sounds":[{"w":0,"d":0,"p":78,"v":0}],"pos":0,"size":1,"_time":45.17828,"shift":0,"time":45.17828},{"$id":"244","type":0,"sounds":[{"w":0,"d":0,"p":78,"v":0}],"pos":1,"size":1,"_time":45.29733,"shift":0,"time":45.29733},{"$id":"245","type":0,"sounds":[{"w":0,"d":0,"p":78,"v":0}],"pos":-1,"size":1,"_time":45.41638,"shift":0,"time":45.41638},{"$id":"246","type":0,"sounds":[{"w":0,"d":0,"p":78,"v":0}],"pos":1,"size":1,"_time":45.53543,"shift":0,"time":45.53543},{"$id":"247","type":0,"sounds":[{"w":0,"d":0,"p":78,"v":0}],"pos":0,"size":1,"_time":45.65448,"shift":0,"time":45.65448},{"$id":"248","type":0,"sounds":[{"w":0,"d":0,"p":78,"v":0}],"pos":2,"size":1,"_time":45.77352,"shift":0,"time":45.77352},{"$id":"249","type":0,"sounds":[{"w":0,"d":0,"p":78,"v":0}],"pos":-2,"size":1,"_time":46.01162,"shift":0,"time":46.01162},{"$id":"250","type":0,"sounds":[{"w":0,"d":0,"p":78,"v":0}],"pos":-1,"size":1,"_time":46.09098,"shift":0,"time":46.09098},{"$id":"251","type":0,"sounds":[{"w":0,"d":0,"p":78,"v":0}],"pos":0,"size":1,"_time":46.17035,"shift":0,"time":46.17035},{"$id":"252","type":0,"sounds":[{"w":0,"d":0,"p":78,"v":0}],"pos":1,"size":1,"_time":46.24971,"shift":0,"time":46.24971},{"$id":"253","type":0,"sounds":[{"w":0,"d":0,"p":78,"v":0}],"pos":-1,"size":1,"_time":46.48781,"shift":0,"time":46.48781},{"$id":"254","type":0,"sounds":[{"w":0,"d":0,"p":78,"v":0}],"pos":0,"size":1,"_time":46.56718,"shift":0,"time":46.56718},{"$id":"255","type":0,"sounds":[{"w":0,"d":0,"p":78,"v":0}],"pos":1,"size":1,"_time":46.64654,"shift":0,"time":46.64654},{"$id":"256","type":0,"sounds":[{"w":0,"d":0,"p":78,"v":0}],"pos":2,"size":1,"_time":46.72591,"shift":0,"time":46.72591},{"$id":"257","type":0,"sounds":[{"w":0,"d":0,"p":83,"v":0}],"pos":-1.5,"size":1.2,"_time":46.964,"shift":0,"time":46.964},{"$id":"258","type":0,"sounds":[{"w":0,"d":0,"p":83,"v":0}],"pos":2,"size":1,"_time":47.2021,"shift":0,"time":47.2021},{"$id":"259","type":0,"sounds":[{"w":0,"d":0,"p":83,"v":0}],"pos":0,"size":1,"_time":47.32114,"shift":0,"time":47.32114},{"$id":"260","type":0,"sounds":[{"w":0,"d":0,"p":83,"v":0}],"pos":1,"size":1,"_time":47.44019,"shift":0,"time":47.44019},{"$id":"261","type":0,"sounds":[{"w":0,"d":0,"p":83,"v":0}],"pos":-1,"size":1,"_time":47.55924,"shift":0,"time":47.55924},{"$id":"262","type":0,"sounds":[{"w":0,"d":0,"p":83,"v":0}],"pos":0.4999999,"size":1.05,"_time":47.67829,"shift":0,"time":47.67829},{"$id":"263","type":0,"sounds":[{"w":0,"d":0,"p":83,"v":0}],"pos":-1,"size":0.95,"_time":47.83702,"shift":0,"time":47.83702},{"$id":"264","type":0,"sounds":[{"w":0,"d":0,"p":83,"v":0}],"pos":-2,"size":1.05,"_time":47.91638,"shift":0,"time":47.91638},{"$id":"265","type":0,"sounds":[{"w":0,"d":0,"p":76,"v":0}],"pos":-0.5,"size":0.95,"_time":48.07511,"shift":0,"time":48.07511},{"$id":"266","type":0,"sounds":[{"w":0,"d":0,"p":76,"v":0}],"pos":0.4999999,"size":1.05,"_time":48.15448,"shift":0,"time":48.15448},{"$id":"267","type":0,"sounds":[{"w":0,"d":0,"p":76,"v":0}],"pos":2,"size":0.95,"_time":48.31321,"shift":0,"time":48.31321},{"$id":"268","type":0,"sounds":[{"w":0,"d":0,"p":76,"v":0}],"pos":1,"size":1.05,"_time":48.39257,"shift":0,"time":48.39257},{"$id":"269","type":0,"sounds":[{"w":0,"d":0,"p":76,"v":0}],"pos":-0.5,"size":0.95,"_time":48.5513,"shift":0,"time":48.5513},{"$id":"270","type":0,"sounds":[{"w":0,"d":0,"p":76,"v":0}],"pos":-1.5,"size":1.05,"_time":48.63067,"shift":0,"time":48.63067},{"$id":"271","type":0,"sounds":[{"w":0,"d":0,"p":76,"v":0}],"pos":-1,"size":0.95,"_time":48.7894,"shift":0,"time":48.7894},{"$id":"272","type":0,"sounds":[{"w":0,"d":0,"p":76,"v":0}],"pos":-2,"size":1.05,"_time":48.86876,"shift":0,"time":48.86876},{"$id":"273","type":0,"sounds":[{"w":0,"d":0,"p":76,"v":0}],"pos":0.5,"size":0.95,"_time":49.02749,"shift":0,"time":49.02749},{"$id":"274","type":0,"sounds":[{"w":0,"d":0,"p":76,"v":0}],"pos":1.5,"size":1.05,"_time":49.10686,"shift":0,"time":49.10686},{"$id":"275","type":0,"sounds":[{"w":0,"d":0,"p":76,"v":0}],"pos":0,"size":0.95,"_time":49.26559,"shift":0,"time":49.26559},{"$id":"276","type":0,"sounds":[{"w":0,"d":0,"p":76,"v":0}],"pos":-1,"size":1.05,"_time":49.34495,"shift":0,"time":49.34495},{"$id":"277","type":0,"sounds":[{"w":0,"d":0,"p":76,"v":0}],"pos":1,"size":0.95,"_time":49.50368,"shift":0,"time":49.50368},{"$id":"278","type":0,"sounds":[{"w":0,"d":0,"p":77,"v":0}],"pos":2,"size":1,"_time":49.58305,"shift":0,"time":49.58305},{"$id":"279","type":0,"sounds":[{"w":0,"d":0,"p":77,"v":0}],"pos":1.64,"size":1,"_time":49.70209,"shift":0,"time":49.70209},{"$id":"280","type":0,"sounds":[{"w":0,"d":0,"p":77,"v":0}],"pos":0,"size":1,"_time":49.82114,"shift":0,"time":49.82114},{"$id":"281","type":0,"sounds":[{"w":0,"d":0,"p":77,"v":0}],"pos":1.48,"size":1,"_time":49.94019,"shift":0,"time":49.94019},{"$id":"282","type":0,"sounds":[{"w":0,"d":0,"p":77,"v":0}],"pos":-0.5,"size":1,"_time":50.05924,"shift":0,"time":50.05924},{"$id":"283","type":0,"sounds":[{"w":0,"d":0,"p":77,"v":0}],"pos":0.5,"size":1,"_time":50.17828,"shift":0,"time":50.17828},{"$id":"284","type":0,"sounds":[{"w":0,"d":0,"p":77,"v":0}],"pos":-1.5,"size":1,"_time":50.29733,"shift":0,"time":50.29733},{"$id":"285","type":0,"sounds":[{"w":0,"d":0,"p":77,"v":0}],"pos":0.5,"size":1,"_time":50.41638,"shift":0,"time":50.41638},{"$id":"286","type":0,"sounds":[{"w":0,"d":0,"p":77,"v":0}],"pos":-2,"size":1,"_time":50.53543,"shift":0,"time":50.53543},{"$id":"287","type":0,"sounds":[{"w":0,"d":0,"p":77,"v":0}],"pos":7.450581E-08,"size":1,"_time":50.65447,"shift":0,"time":50.65447},{"$id":"288","type":0,"sounds":[{"w":0,"d":0,"p":77,"v":0}],"pos":-1,"size":1,"_time":50.77352,"shift":0,"time":50.77352},{"$id":"289","type":0,"sounds":[{"w":0,"d":0,"p":77,"v":0}],"pos":1,"size":1,"_time":50.89257,"shift":0,"time":50.89257},{"$id":"290","type":0,"sounds":[{"w":0,"d":0,"p":77,"v":0}],"pos":-1.5,"size":1,"_time":51.01162,"shift":0,"time":51.01162},{"$id":"291","type":0,"sounds":[{"w":0,"d":0,"p":77,"v":0}],"pos":2,"size":1,"_time":51.13066,"shift":0,"time":51.13066},{"$id":"292","type":0,"sounds":[{"w":0,"d":0,"p":77,"v":0}],"pos":-1,"size":1,"_time":51.24971,"shift":0,"time":51.24971},{"$id":"293","type":0,"sounds":[{"w":0,"d":0,"p":77,"v":0}],"pos":0.5,"size":1,"_time":51.36876,"shift":0,"time":51.36876},{"$id":"294","type":0,"sounds":[{"w":0,"d":0,"p":78,"v":0}],"pos":-1,"size":1,"_time":51.48781,"shift":0,"time":51.48781},{"$id":"295","type":0,"sounds":[{"w":0,"d":0,"p":78,"v":0}],"pos":-0.5,"size":1,"_time":51.56718,"shift":0,"time":51.56718},{"$id":"296","type":0,"sounds":[{"w":0,"d":0,"p":78,"v":0}],"pos":-1,"size":1,"_time":51.64654,"shift":0,"time":51.64654},{"$id":"297","type":0,"sounds":[{"w":0,"d":0,"p":78,"v":0}],"pos":-0.5,"size":1,"_time":51.72591,"shift":0,"time":51.72591},{"$id":"298","type":0,"sounds":[{"w":0,"d":0,"p":78,"v":0}],"pos":0.5,"size":1,"_time":51.84495,"shift":0,"time":51.84495},{"$id":"299","type":0,"sounds":[{"w":0,"d":0,"p":78,"v":0}],"pos":-1.12,"size":1,"_time":51.964,"shift":0,"time":51.964},{"$id":"300","type":0,"sounds":[{"w":0,"d":0,"p":78,"v":0}],"pos":-0.5799999,"size":1,"_time":52.04337,"shift":0,"time":52.04337},{"$id":"301","type":0,"sounds":[{"w":0,"d":0,"p":78,"v":0}],"pos":-0.04,"size":1,"_time":52.12273,"shift":0,"time":52.12273},{"$id":"302","type":0,"sounds":[{"w":0,"d":0,"p":78,"v":0}],"pos":0.54,"size":1,"_time":52.2021,"shift":0,"time":52.2021},{"$id":"303","type":0,"sounds":[{"w":0,"d":0,"p":78,"v":0}],"pos":1.08,"size":1,"_time":52.28146,"shift":0,"time":52.28146},{"$id":"304","type":0,"sounds":[{"w":0,"d":0,"p":78,"v":0}],"pos":1.62,"size":1,"_time":52.36082,"shift":0,"time":52.36082},{"$id":"305","type":0,"sounds":[{"w":0,"d":0,"p":78,"v":0}],"pos":-0.5,"size":1,"_time":52.44019,"shift":0,"time":52.44019},{"$id":"306","type":0,"sounds":[{"w":0,"d":0,"p":78,"v":0}],"pos":0,"size":1,"_time":52.51956,"shift":0,"time":52.51956},{"$id":"307","type":0,"sounds":[{"w":0,"d":0,"p":78,"v":0}],"pos":-0.5,"size":1,"_time":52.59892,"shift":0,"time":52.59892},{"$id":"308","type":0,"sounds":[{"w":0,"d":0,"p":78,"v":0}],"pos":0,"size":1,"_time":52.67829,"shift":0,"time":52.67829},{"$id":"309","type":0,"sounds":[{"w":0,"d":0,"p":78,"v":0}],"pos":1,"size":1,"_time":52.75765,"shift":0,"time":52.75765},{"$id":"310","type":0,"sounds":[{"w":0,"d":0,"p":78,"v":0}],"pos":2,"size":1,"_time":52.83702,"shift":0,"time":52.83702},{"$id":"311","type":0,"sounds":[{"w":0,"d":0,"p":78,"v":0}],"pos":1.15,"size":1,"_time":52.91638,"shift":0,"time":52.91638},{"$id":"312","type":0,"sounds":[{"w":0,"d":0,"p":77,"v":0}],"pos":2,"size":1,"_time":53.03542,"shift":0,"time":53.03542},{"$id":"313","type":0,"sounds":[{"w":0,"d":0,"p":77,"v":0}],"pos":0,"size":1,"_time":53.15447,"shift":0,"time":53.15447},{"$id":"314","type":0,"sounds":[{"w":0,"d":0,"p":77,"v":0}],"pos":-1,"size":1,"_time":53.27352,"shift":0,"time":53.27352},{"$id":"315","type":0,"pos":2,"size":1,"_time":53.39257,"shift":0,"time":53.39257},{"$id":"316","type":0,"pos":1.3,"size":1,"_time":53.47194,"shift":0,"time":53.47194},{"$id":"317","type":0,"pos":0.5999999,"size":1,"_time":53.5513,"shift":0,"time":53.5513},{"$id":"318","type":0,"pos":-0.09999999,"size":1,"_time":53.63067,"shift":0,"time":53.63067},{"$id":"319","type":0,"pos":-0.8000001,"size":1,"_time":53.71003,"shift":0,"time":53.71003},{"$id":"320","type":0,"pos":-1.5,"size":1,"_time":53.7894,"shift":0,"time":53.7894},{"$id":"321","type":0,"pos":-0.4,"size":1,"_time":53.86876,"shift":0,"time":53.86876},{"$id":"322","type":0,"pos":0.2999999,"size":1,"_time":53.94813,"shift":0,"time":53.94813},{"$id":"323","type":0,"pos":-0.4,"size":1,"_time":54.02749,"shift":0,"time":54.02749},{"$id":"324","type":0,"pos":-1.1,"size":1,"_time":54.10686,"shift":0,"time":54.10686},{"$id":"325","type":0,"pos":-1.8,"size":1,"_time":54.18622,"shift":0,"time":54.18622},{"$id":"326","type":0,"pos":-1.1,"size":1,"_time":54.26559,"shift":0,"time":54.26559},{"$id":"327","type":0,"sounds":[{"w":0,"d":0,"p":84,"v":0}],"pos":1.9,"size":1,"_time":54.464,"shift":0,"time":54.464},{"$id":"328","type":0,"sounds":[{"w":0,"d":0,"p":84,"v":0}],"pos":1.6,"size":1,"_time":54.58305,"shift":0,"time":54.58305},{"$id":"329","type":0,"sounds":[{"w":0,"d":0,"p":84,"v":0}],"pos":1,"size":1,"_time":54.66241,"shift":0,"time":54.66241},{"$id":"330","type":0,"sounds":[{"w":0,"d":0,"p":84,"v":0}],"pos":1.6,"size":1,"_time":54.74178,"shift":0,"time":54.74178},{"$id":"331","type":0,"sounds":[{"w":0,"d":0,"p":84,"v":0}],"pos":1,"size":1,"_time":54.82114,"shift":0,"time":54.82114},{"$id":"332","type":0,"sounds":[{"w":0,"d":0,"p":84,"v":0}],"pos":1.6,"size":1,"_time":54.88066,"shift":0,"time":54.88066},{"$id":"333","type":0,"sounds":[{"w":0,"d":0,"p":84,"v":0}],"pos":1,"size":1,"_time":54.94019,"shift":0,"time":54.94019},{"$id":"334","type":0,"sounds":[{"w":0,"d":0,"p":84,"v":0}],"pos":1.6,"size":1,"_time":54.99971,"shift":0,"time":54.99971},{"$id":"335","type":0,"sounds":[{"w":0,"d":0,"p":84,"v":0}],"pos":1,"size":1,"_time":55.05923,"shift":0,"time":55.05923},{"$id":"336","type":0,"sounds":[{"w":0,"d":0,"p":84,"v":0}],"pos":1.6,"size":1,"_time":55.11876,"shift":0,"time":55.11876},{"$id":"337","type":0,"sounds":[{"w":0,"d":0,"p":84,"v":0}],"pos":1,"size":1,"_time":55.17828,"shift":0,"time":55.17828},{"$id":"338","type":0,"sounds":[{"w":0,"d":0,"p":84,"v":0}],"pos":1.6,"size":1,"_time":55.23781,"shift":0,"time":55.23781},{"$id":"339","type":0,"sounds":[{"w":0,"d":0,"p":83,"v":0}],"pos":0.4999999,"size":1.05,"_time":55.29734,"shift":0,"time":55.29734},{"$id":"340","type":0,"sounds":[{"w":0,"d":0,"p":83,"v":0}],"pos":-1,"size":0.95,"_time":55.45607,"shift":0,"time":55.45607},{"$id":"341","type":0,"sounds":[{"w":0,"d":0,"p":83,"v":0}],"pos":-2,"size":1.05,"_time":55.53543,"shift":0,"time":55.53543},{"$id":"342","type":0,"sounds":[{"w":0,"d":0,"p":76,"v":0}],"pos":-0.5,"size":0.95,"_time":55.69416,"shift":0,"time":55.69416},{"$id":"343","type":0,"sounds":[{"w":0,"d":0,"p":76,"v":0}],"pos":0.4999999,"size":1.05,"_time":55.77353,"shift":0,"time":55.77353},{"$id":"344","type":0,"sounds":[{"w":0,"d":0,"p":76,"v":0}],"pos":1,"size":0.95,"_time":55.93225,"shift":0,"time":55.93225},{"$id":"345","type":0,"sounds":[{"w":0,"d":0,"p":76,"v":0}],"pos":0,"size":1.05,"_time":56.01162,"shift":0,"time":56.01162},{"$id":"346","type":0,"sounds":[{"w":0,"d":0,"p":76,"v":0}],"pos":-0.5,"size":0.95,"_time":56.17035,"shift":0,"time":56.17035},{"$id":"347","type":0,"sounds":[{"w":0,"d":0,"p":76,"v":0}],"pos":-1.5,"size":1.05,"_time":56.24972,"shift":0,"time":56.24972},{"$id":"348","type":0,"sounds":[{"w":0,"d":0,"p":76,"v":0}],"pos":-1,"size":0.95,"_time":56.40845,"shift":0,"time":56.40845},{"$id":"349","type":0,"sounds":[{"w":0,"d":0,"p":76,"v":0}],"pos":-2,"size":1.05,"_time":56.48781,"shift":0,"time":56.48781},{"$id":"350","type":0,"sounds":[{"w":0,"d":0,"p":76,"v":0}],"pos":0.5,"size":0.95,"_time":56.64654,"shift":0,"time":56.64654},{"$id":"351","type":0,"sounds":[{"w":0,"d":0,"p":76,"v":0}],"pos":1.5,"size":1.05,"_time":56.72591,"shift":0,"time":56.72591},{"$id":"352","type":0,"sounds":[{"w":0,"d":0,"p":76,"v":0}],"pos":0,"size":0.95,"_time":56.88464,"shift":0,"time":56.88464},{"$id":"353","type":0,"sounds":[{"w":0,"d":0,"p":76,"v":0}],"pos":-1,"size":1.05,"_time":56.964,"shift":0,"time":56.964},{"$id":"354","type":0,"sounds":[{"w":0,"d":0,"p":76,"v":0}],"pos":-2,"size":0.95,"_time":57.12273,"shift":0,"time":57.12273},{"$id":"355","type":0,"sounds":[{"w":0,"d":0,"p":74,"v":0}],"pos":0,"size":1.05,"_time":57.2021,"shift":0,"time":57.2021},{"$id":"356","type":0,"sounds":[{"w":0,"d":0,"p":74,"v":0}],"pos":-1.5,"size":0.95,"_time":57.36083,"shift":0,"time":57.36083},{"$id":"357","type":0,"sounds":[{"w":0,"d":0,"p":74,"v":0}],"pos":-0.3,"size":1.05,"_time":57.44019,"shift":0,"time":57.44019},{"$id":"358","type":0,"sounds":[{"w":0,"d":0,"p":74,"v":0}],"pos":-0.5,"size":0.95,"_time":57.59892,"shift":0,"time":57.59892},{"$id":"359","type":0,"sounds":[{"w":0,"d":0,"p":74,"v":0}],"pos":1,"size":1.05,"_time":57.67829,"shift":0,"time":57.67829},{"$id":"360","type":0,"sounds":[{"w":0,"d":0,"p":74,"v":0}],"pos":-1,"size":0.95,"_time":57.83702,"shift":0,"time":57.83702},{"$id":"361","type":0,"sounds":[{"w":0,"d":0,"p":74,"v":0}],"pos":0.54,"size":1.05,"_time":57.91638,"shift":0,"time":57.91638},{"$id":"362","type":0,"sounds":[{"w":0,"d":0,"p":74,"v":0}],"pos":0.1,"size":0.95,"_time":58.07511,"shift":0,"time":58.07511},{"$id":"363","type":0,"sounds":[{"w":0,"d":0,"p":74,"v":0}],"pos":1.7,"size":1.05,"_time":58.15448,"shift":0,"time":58.15448},{"$id":"364","type":0,"sounds":[{"w":0,"d":0,"p":74,"v":0}],"pos":-0.5,"size":0.95,"_time":58.31321,"shift":0,"time":58.31321},{"$id":"365","type":0,"sounds":[{"w":0,"d":0,"p":74,"v":0}],"pos":1,"size":1.05,"_time":58.39257,"shift":0,"time":58.39257},{"$id":"366","type":0,"sounds":[{"w":0,"d":0,"p":74,"v":0}],"pos":0.5,"size":0.95,"_time":58.5513,"shift":0,"time":58.5513},{"$id":"367","type":0,"sounds":[{"w":0,"d":0,"p":74,"v":0}],"pos":2,"size":1.05,"_time":58.63067,"shift":0,"time":58.63067},{"$id":"368","type":0,"sounds":[{"w":0,"d":0,"p":74,"v":0}],"pos":-1.1,"size":0.95,"_time":58.7894,"shift":0,"time":58.7894},{"$id":"369","type":0,"sounds":[{"w":0,"d":0,"p":74,"v":0}],"pos":0.1,"size":1.05,"_time":58.86876,"shift":0,"time":58.86876},{"$id":"370","type":0,"sounds":[{"w":0,"d":0,"p":74,"v":0}],"pos":1.1,"size":0.95,"_time":59.02749,"shift":0,"time":59.02749},{"$id":"371","type":0,"pos":-2,"size":1,"_time":59.10686,"shift":0,"time":59.10686},{"$id":"372","type":0,"pos":2,"size":0.85,"_time":59.10686,"shift":0,"time":59.10686},{"$id":"373","type":0,"pos":-1.4,"size":1,"_time":59.18622,"shift":0,"time":59.18622},{"$id":"374","type":0,"pos":1.833334,"size":0.8749999,"_time":59.18622,"shift":0,"time":59.18622},{"$id":"375","type":0,"pos":-1.8,"size":1,"_time":59.26559,"shift":0,"time":59.26559},{"$id":"376","type":0,"pos":1.666668,"size":0.8999998,"_time":59.26559,"shift":0,"time":59.26559},{"$id":"377","type":0,"pos":1.500002,"size":0.9249997,"_time":59.34495,"shift":0,"time":59.34495},{"$id":"378","type":0,"pos":-1.3,"size":1,"_time":59.34495,"shift":0,"time":59.34495},{"$id":"379","type":0,"pos":-0.8000001,"size":1,"_time":59.42432,"shift":0,"time":59.42432},{"$id":"380","type":0,"pos":1.333336,"size":0.9499996,"_time":59.42432,"shift":0,"time":59.42432},{"$id":"381","type":0,"pos":-0.3,"size":1,"_time":59.50368,"shift":0,"time":59.50368},{"$id":"382","type":0,"pos":1.16667,"size":0.9749995,"_time":59.50368,"shift":0,"time":59.50368},{"$id":"383","type":0,"pos":1.000004,"size":0.9999994,"_time":59.58305,"shift":0,"time":59.58305},{"$id":"384","type":0,"pos":-2,"size":1,"_time":59.58305,"shift":0,"time":59.58305},{"$id":"385","type":0,"pos":-1.64,"size":1,"_time":59.66241,"shift":0,"time":59.66241},{"$id":"386","type":0,"pos":0.83333,"size":1.025,"_time":59.66241,"shift":0,"time":59.66241},{"$id":"387","type":0,"pos":-1.28,"size":1,"_time":59.74178,"shift":0,"time":59.74178},{"$id":"388","type":0,"pos":0.666664,"size":1.05,"_time":59.74178,"shift":0,"time":59.74178},{"$id":"389","type":0,"pos":0.499998,"size":1.075,"_time":59.82114,"shift":0,"time":59.82114},{"$id":"390","type":0,"pos":-0.9200003,"size":1,"_time":59.82114,"shift":0,"time":59.82114},{"$id":"391","type":0,"pos":-0.5599998,"size":1,"_time":59.90051,"shift":0,"time":59.90051},{"$id":"392","type":0,"pos":0.333332,"size":1.1,"_time":59.90051,"shift":0,"time":59.90051},{"$id":"393","type":0,"pos":-0.2000001,"size":1,"_time":59.97987,"shift":0,"time":59.97987},{"$id":"394","type":0,"pos":0.166666,"size":1.125,"_time":59.97987,"shift":0,"time":59.97987},{"$id":"395","type":0,"pos":0,"size":1.15,"_time":60.05924,"shift":0,"time":60.05924},{"$id":"396","type":0,"sounds":[{"w":0,"d":0,"p":81,"v":0}],"pos":1.5,"size":1,"_time":60.21797,"shift":0,"time":60.21797},{"$id":"397","type":0,"sounds":[{"w":0,"d":0,"p":81,"v":0}],"pos":0.5,"size":1,"_time":60.29733,"shift":0,"time":60.29733},{"$id":"398","type":0,"sounds":[{"w":0,"d":0,"p":81,"v":0}],"pos":-1,"size":1,"_time":60.41638,"shift":0,"time":60.41638},{"$id":"399","type":0,"sounds":[{"w":0,"d":0,"p":81,"v":0}],"pos":1,"size":1,"_time":60.53543,"shift":0,"time":60.53543},{"$id":"400","type":0,"sounds":[{"w":0,"d":0,"p":81,"v":0}],"pos":-0.5,"size":1,"_time":60.65447,"shift":0,"time":60.65447},{"$id":"401","type":0,"sounds":[{"w":0,"d":0,"p":81,"v":0}],"pos":1.5,"size":1,"_time":60.77352,"shift":0,"time":60.77352},{"$id":"402","type":0,"sounds":[{"w":0,"d":0,"p":81,"v":0}],"pos":-0.5,"size":1,"_time":60.89257,"shift":0,"time":60.89257},{"$id":"403","type":0,"sounds":[{"w":0,"d":0,"p":81,"v":0}],"pos":2,"size":1.1,"_time":61.01162,"shift":0,"time":61.01162},{"$id":"404","type":0,"sounds":[{"w":0,"d":0,"p":81,"v":0}],"pos":0,"size":1,"_time":61.17035,"shift":0,"time":61.17035},{"$id":"405","type":0,"sounds":[{"w":0,"d":0,"p":81,"v":0}],"pos":1,"size":1.1,"_time":61.24971,"shift":0,"time":61.24971},{"$id":"406","type":0,"sounds":[{"w":0,"d":0,"p":81,"v":0}],"pos":-1.5,"size":1,"_time":61.40844,"shift":0,"time":61.40844},{"$id":"407","type":0,"sounds":[{"w":0,"d":0,"p":81,"v":0}],"pos":-0.5,"size":1.1,"_time":61.48781,"shift":0,"time":61.48781},{"$id":"408","type":0,"sounds":[{"w":0,"d":0,"p":81,"v":0}],"pos":1,"size":1,"_time":61.64654,"shift":0,"time":61.64654},{"$id":"409","type":0,"sounds":[{"w":0,"d":0,"p":81,"v":0}],"pos":2,"size":1.1,"_time":61.72591,"shift":0,"time":61.72591},{"$id":"410","type":0,"sounds":[{"w":0,"d":0,"p":81,"v":0}],"pos":0,"size":1,"_time":61.88464,"shift":0,"time":61.88464},{"$id":"411","type":0,"sounds":[{"w":0,"d":0,"p":81,"v":0}],"pos":1,"size":1.1,"_time":61.964,"shift":0,"time":61.964},{"$id":"412","type":0,"sounds":[{"w":0,"d":0,"p":80,"v":0}],"pos":-1.3,"size":1.2,"_time":62.2021,"shift":0,"time":62.2021},{"$id":"413","type":0,"sounds":[{"w":0,"d":0,"p":80,"v":0}],"pos":1.2,"size":1.2,"_time":62.2021,"shift":0,"time":62.2021},{"$id":"414","type":0,"sounds":[{"w":0,"d":0,"p":80,"v":0}],"pos":2,"size":1.2,"_time":62.44019,"shift":0,"time":62.44019},{"$id":"415","type":0,"sounds":[{"w":0,"d":0,"p":80,"v":0}],"pos":-0.5,"size":1.2,"_time":62.44019,"shift":0,"time":62.44019},{"$id":"416","type":0,"sounds":[{"w":0,"d":0,"p":80,"v":0}],"pos":-2,"size":1.2,"_time":62.67828,"shift":0,"time":62.67828},{"$id":"417","type":0,"sounds":[{"w":0,"d":0,"p":80,"v":0}],"pos":0.5,"size":1.2,"_time":62.67828,"shift":0,"time":62.67828},{"$id":"418","type":0,"sounds":[{"w":0,"d":0,"p":83,"v":0}],"pos":1.5,"size":1.1,"_time":62.91637,"shift":0,"time":62.91637},{"$id":"419","type":0,"sounds":[{"w":0,"d":0,"p":83,"v":0}],"pos":0.5,"size":1,"_time":63.15447,"shift":0,"time":63.15447},{"$id":"420","type":0,"sounds":[{"w":0,"d":0,"p":83,"v":0}],"pos":-1,"size":1,"_time":63.27352,"shift":0,"time":63.27352},{"$id":"421","type":0,"sounds":[{"w":0,"d":0,"p":83,"v":0}],"pos":0.5,"size":1,"_time":63.51162,"shift":0,"time":63.51162},{"$id":"422","type":0,"sounds":[{"w":0,"d":0,"p":83,"v":0}],"pos":-2,"size":1,"_time":63.63066,"shift":0,"time":63.63066},{"$id":"423","type":0,"sounds":[{"w":0,"d":0,"p":83,"v":0}],"pos":-1,"size":1,"_time":63.74971,"shift":0,"time":63.74971},{"$id":"424","type":0,"sounds":[{"w":0,"d":0,"p":83,"v":0}],"pos":0,"size":1,"_time":63.86876,"shift":0,"time":63.86876},{"$id":"425","type":0,"sounds":[{"w":0,"d":0,"p":83,"v":0}],"pos":-2,"size":1,"_time":64.10686,"shift":0,"time":64.10686},{"$id":"426","type":0,"sounds":[{"w":0,"d":0,"p":83,"v":0}],"pos":-2,"size":1,"_time":64.34496,"shift":0,"time":64.34496},{"$id":"427","type":0,"sounds":[{"w":0,"d":0,"p":83,"v":0}],"pos":-1,"size":1,"_time":64.58305,"shift":0,"time":64.58305},{"$id":"428","type":0,"sounds":[{"w":0,"d":0,"p":83,"v":0}],"pos":0,"size":1,"_time":64.82114,"shift":0,"time":64.82114},{"$id":"429","type":0,"sounds":[{"w":0,"d":0,"p":83,"v":0}],"pos":2,"size":1,"_time":65.05923,"shift":0,"time":65.05923},{"$id":"430","type":0,"sounds":[{"w":0,"d":0,"p":83,"v":0}],"pos":-0.4,"size":1,"_time":65.41638,"shift":0,"time":65.41638},{"$id":"431","type":0,"sounds":[{"w":0,"d":0,"p":83,"v":0}],"pos":-0.4,"size":1,"_time":65.53543,"shift":0,"time":65.53543},{"$id":"432","type":0,"sounds":[{"w":0,"d":0,"p":83,"v":0}],"pos":0.5,"size":1,"_time":65.65447,"shift":0,"time":65.65447},{"$id":"433","type":0,"sounds":[{"w":0,"d":0,"p":83,"v":0}],"pos":1.4,"size":1,"_time":65.77352,"shift":0,"time":65.77352},{"$id":"434","type":0,"sounds":[{"w":0,"d":0,"p":78,"v":0}],"pos":0.5,"size":1,"_time":66.01162,"shift":0,"time":66.01162},{"$id":"435","type":0,"sounds":[{"w":0,"d":0,"p":78,"v":0}],"pos":-0.5,"size":1,"_time":66.24972,"shift":0,"time":66.24972},{"$id":"436","type":0,"sounds":[{"w":0,"d":0,"p":78,"v":0}],"pos":0.5,"size":1,"_time":66.48781,"shift":0,"time":66.48781},{"$id":"437","type":0,"sounds":[{"w":0,"d":0,"p":78,"v":0}],"pos":-1.8,"size":1.05,"_time":66.72591,"shift":0,"time":66.72591},{"$id":"438","type":0,"sounds":[{"w":0,"d":0,"p":80,"v":0}],"pos":-1,"size":0.95,"_time":66.88464,"shift":0,"time":66.88464},{"$id":"439","type":0,"sounds":[{"w":0,"d":0,"p":78,"v":0}],"pos":-1.8,"size":1.05,"_time":66.964,"shift":0,"time":66.964},{"$id":"440","type":0,"sounds":[{"w":0,"d":0,"p":80,"v":0}],"pos":-0.4,"size":0.95,"_time":67.12273,"shift":0,"time":67.12273},{"$id":"441","type":0,"sounds":[{"w":0,"d":0,"p":78,"v":0}],"pos":-1.3,"size":1.05,"_time":67.20209,"shift":0,"time":67.20209},{"$id":"442","type":0,"sounds":[{"w":0,"d":0,"p":80,"v":0}],"pos":0.1,"size":0.95,"_time":67.36082,"shift":0,"time":67.36082},{"$id":"443","type":0,"sounds":[{"w":0,"d":0,"p":78,"v":0}],"pos":-0.8,"size":1.05,"_time":67.44019,"shift":0,"time":67.44019},{"$id":"444","type":0,"sounds":[{"w":0,"d":0,"p":80,"v":0}],"pos":0.8000001,"size":0.95,"_time":67.59891,"shift":0,"time":67.59891},{"$id":"445","type":0,"sounds":[{"w":0,"d":0,"p":78,"v":0}],"pos":0,"size":1.05,"_time":67.67827,"shift":0,"time":67.67827},{"$id":"446","type":0,"sounds":[{"w":0,"d":0,"p":80,"v":0}],"pos":1.8,"size":0.95,"_time":67.83701,"shift":0,"time":67.83701},{"$id":"447","type":0,"sounds":[{"w":0,"d":0,"p":78,"v":0}],"pos":1,"size":1.05,"_time":67.91637,"shift":0,"time":67.91637},{"$id":"448","type":0,"sounds":[{"w":0,"d":0,"p":80,"v":0}],"pos":0,"size":0.95,"_time":68.07509,"shift":0,"time":68.07509},{"$id":"449","type":0,"sounds":[{"w":0,"d":0,"p":77,"v":0}],"pos":-1,"size":1.05,"_time":68.15448,"shift":0,"time":68.15448},{"$id":"450","type":0,"sounds":[{"w":0,"d":0,"p":77,"v":0}],"pos":1,"size":0.95,"_time":68.31322,"shift":0,"time":68.31322},{"$id":"451","type":0,"sounds":[{"w":0,"d":0,"p":77,"v":0}],"pos":0,"size":1.05,"_time":68.39258,"shift":0,"time":68.39258},{"$id":"452","type":0,"sounds":[{"w":0,"d":0,"p":77,"v":0}],"pos":0.5,"size":0.95,"_time":68.5513,"shift":0,"time":68.5513},{"$id":"453","type":0,"sounds":[{"w":0,"d":0,"p":72,"v":0}],"pos":1.5,"size":1.05,"_time":68.63066,"shift":0,"time":68.63066},{"$id":"454","type":0,"sounds":[{"w":0,"d":0,"p":72,"v":0}],"pos":2,"size":1.2,"_time":68.86877,"shift":0,"time":68.86877},{"$id":"455","type":0,"sounds":[{"w":0,"d":0,"p":72,"v":0}],"pos":1,"size":1.2,"_time":69.10686,"shift":0,"time":69.10686},{"$id":"456","type":0,"sounds":[{"w":0,"d":0,"p":72,"v":0}],"pos":0,"size":1.2,"_time":69.34496,"shift":0,"time":69.34496},{"$id":"457","type":0,"sounds":[{"w":0,"d":0,"p":72,"v":0}],"pos":1,"size":1.2,"_time":69.58304,"shift":0,"time":69.58304},{"$id":"458","type":0,"sounds":[{"w":0,"d":0,"p":72,"v":0}],"pos":0,"size":1.2,"_time":69.82115,"shift":0,"time":69.82115},{"$id":"459","type":0,"sounds":[{"w":0,"d":0,"p":72,"v":0}],"pos":-1.5,"size":1.2,"_time":70.05922,"shift":0,"time":70.05922},{"$id":"460","type":0,"sounds":[{"w":0,"d":0,"p":72,"v":0}],"pos":-0.5,"size":1.2,"_time":70.29733,"shift":0,"time":70.29733},{"$id":"461","type":0,"sounds":[{"w":0,"d":0,"p":77,"v":0}],"pos":1.490116E-08,"size":1.1,"_time":70.53545,"shift":0,"time":70.53545},{"$id":"462","type":0,"sounds":[{"w":0,"d":0,"p":77,"v":0}],"pos":-2,"size":1,"_time":70.77352,"shift":0,"time":70.77352},{"$id":"463","type":0,"sounds":[{"w":0,"d":0,"p":77,"v":0}],"pos":0.4999999,"size":1.1,"_time":70.89257,"shift":0,"time":70.89257},{"$id":"464","type":0,"sounds":[{"w":0,"d":0,"p":77,"v":0}],"pos":0,"size":1.1,"_time":71.4878,"shift":0,"time":71.4878},{"$id":"465","type":0,"sounds":[{"w":0,"d":0,"p":77,"v":0}],"pos":-2,"size":1,"_time":71.72588,"shift":0,"time":71.72588},{"$id":"466","type":0,"sounds":[{"w":0,"d":0,"p":77,"v":0}],"pos":1,"size":1.1,"_time":71.84492,"shift":0,"time":71.84492},{"$id":"467","type":0,"sounds":[{"w":0,"d":0,"p":77,"v":0}],"pos":1.490116E-08,"size":1.1,"_time":72.44019,"shift":0,"time":72.44019},{"$id":"468","type":0,"sounds":[{"w":0,"d":0,"p":77,"v":0}],"pos":-2,"size":1,"_time":72.67826,"shift":0,"time":72.67826},{"$id":"469","type":0,"sounds":[{"w":0,"d":0,"p":77,"v":0}],"pos":1.5,"size":1.1,"_time":72.79731,"shift":0,"time":72.79731},{"$id":"470","type":0,"sounds":[{"w":0,"d":0,"p":77,"v":0}],"pos":0,"size":1.1,"_time":73.39257,"shift":0,"time":73.39257},{"$id":"471","type":0,"sounds":[{"w":0,"d":0,"p":77,"v":0}],"pos":-2,"size":1,"_time":73.63065,"shift":0,"time":73.63065},{"$id":"472","type":0,"sounds":[{"w":0,"d":0,"p":77,"v":0}],"pos":2,"size":1.1,"_time":73.74969,"shift":0,"time":73.74969},{"$id":"473","type":0,"sounds":[{"w":0,"d":0,"p":80,"v":0}],"pos":1.3,"size":1,"_time":73.98781,"shift":0,"time":73.98781},{"$id":"474","type":0,"sounds":[{"w":0,"d":0,"p":80,"v":0}],"pos":-0.5,"size":1,"_time":74.10686,"shift":0,"time":74.10686},{"$id":"475","type":0,"sounds":[{"w":0,"d":0,"p":80,"v":0}],"pos":1.3,"size":1,"_time":74.22591,"shift":0,"time":74.22591},{"$id":"476","type":0,"sounds":[{"w":0,"d":0,"p":80,"v":0}],"pos":-1.8,"size":1.2,"_time":74.34495,"shift":0,"time":74.34495},{"$id":"477","type":0,"sounds":[{"w":0,"d":0,"p":65,"v":0}],"pos":2,"size":1,"_time":75.77352,"shift":0,"time":75.77352},{"$id":"478","type":0,"sounds":[{"w":0,"d":0,"p":65,"v":0}],"pos":1,"size":1,"_time":75.89257,"shift":0,"time":75.89257},{"$id":"479","type":0,"sounds":[{"w":0,"d":0,"p":65,"v":0}],"pos":0,"size":1,"_time":76.01162,"shift":0,"time":76.01162},{"$id":"480","type":0,"sounds":[{"w":0,"d":0,"p":65,"v":0}],"pos":1,"size":1,"_time":76.13067,"shift":0,"time":76.13067},{"$id":"481","type":0,"sounds":[{"w":0,"d":0,"p":65,"v":0}],"pos":-1.4,"size":1,"_time":76.24971,"shift":0,"time":76.24971},{"$id":"482","type":0,"sounds":[{"w":0,"d":0,"p":65,"v":0}],"pos":-0.5,"size":1,"_time":76.48781,"shift":0,"time":76.48781},{"$id":"483","type":0,"sounds":[{"w":0,"d":0,"p":65,"v":0}],"pos":0.5,"size":1,"_time":76.7259,"shift":0,"time":76.7259},{"$id":"484","type":0,"sounds":[{"w":0,"d":0,"p":65,"v":0}],"pos":1.5,"size":1,"_time":76.964,"shift":0,"time":76.964},{"$id":"485","type":0,"sounds":[{"w":0,"d":0,"p":78,"v":0}],"pos":-0.5,"size":1.2,"_time":77.20209,"shift":0,"time":77.20209},{"$id":"486","type":0,"sounds":[{"w":0,"d":0,"p":78,"v":0}],"pos":2,"size":1.2,"_time":77.20209,"shift":0,"time":77.20209},{"$id":"487","type":0,"sounds":[{"w":0,"d":0,"p":78,"v":0}],"pos":-1.3,"size":1.2,"_time":77.44019,"shift":0,"time":77.44019},{"$id":"488","type":0,"sounds":[{"w":0,"d":0,"p":78,"v":0}],"pos":1.2,"size":1.2,"_time":77.44019,"shift":0,"time":77.44019},{"$id":"489","type":0,"sounds":[{"w":0,"d":0,"p":78,"v":0}],"pos":-2,"size":1.2,"_time":77.67828,"shift":0,"time":77.67828},{"$id":"490","type":0,"sounds":[{"w":0,"d":0,"p":78,"v":0}],"pos":0.5,"size":1.2,"_time":77.67828,"shift":0,"time":77.67828},{"$id":"491","type":0,"sounds":[{"w":0,"d":0,"p":78,"v":0}],"pos":-1.3,"size":1.2,"_time":77.91638,"shift":0,"time":77.91638},{"$id":"492","type":0,"sounds":[{"w":0,"d":0,"p":78,"v":0}],"pos":1.2,"size":1.2,"_time":77.91638,"shift":0,"time":77.91638},{"$id":"493","type":0,"sounds":[{"w":0,"d":0,"p":70,"v":0}],"pos":-2,"size":1,"_time":78.15448,"shift":0,"time":78.15448},{"$id":"494","type":0,"sounds":[{"w":0,"d":0,"p":70,"v":0}],"pos":0.5,"size":1,"_time":78.1545,"shift":0,"time":78.1545},{"$id":"495","type":0,"sounds":[{"w":0,"d":0,"p":70,"v":0}],"pos":-2,"size":1,"_time":78.39258,"shift":0,"time":78.39258},{"$id":"496","type":0,"sounds":[{"w":0,"d":0,"p":70,"v":0}],"pos":0.5,"size":1,"_time":78.39258,"shift":0,"time":78.39258},{"$id":"497","type":0,"sounds":[{"w":0,"d":0,"p":70,"v":0}],"pos":-2,"size":1,"_time":78.74971,"shift":0,"time":78.74971},{"$id":"498","type":0,"sounds":[{"w":0,"d":0,"p":70,"v":0}],"pos":0.5,"size":1,"_time":78.74971,"shift":0,"time":78.74971},{"$id":"499","type":0,"sounds":[{"w":0,"d":0,"p":70,"v":0}],"pos":-1,"size":1,"_time":79.10686,"shift":0,"time":79.10686},{"$id":"500","type":0,"sounds":[{"w":0,"d":0,"p":70,"v":0}],"pos":1.5,"size":1,"_time":79.10687,"shift":0,"time":79.10687},{"$id":"501","type":0,"sounds":[{"w":0,"d":0,"p":70,"v":0}],"pos":1.5,"size":1,"_time":79.34496,"shift":0,"time":79.34496},{"$id":"502","type":0,"sounds":[{"w":0,"d":0,"p":70,"v":0}],"pos":-1,"size":1,"_time":79.34496,"shift":0,"time":79.34496},{"$id":"503","type":0,"sounds":[{"w":0,"d":0,"p":70,"v":0}],"pos":-1,"size":1,"_time":79.70209,"shift":0,"time":79.70209},{"$id":"504","type":0,"sounds":[{"w":0,"d":0,"p":70,"v":0}],"pos":1.5,"size":1,"_time":79.70209,"shift":0,"time":79.70209},{"$id":"505","type":0,"sounds":[{"w":0,"d":0,"p":70,"v":0}],"pos":-0.5,"size":1,"_time":80.05923,"shift":0,"time":80.05923},{"$id":"506","type":0,"sounds":[{"w":0,"d":0,"p":70,"v":0}],"pos":2,"size":1,"_time":80.05925,"shift":0,"time":80.05925},{"$id":"507","type":0,"sounds":[{"w":0,"d":0,"p":70,"v":0}],"pos":2,"size":1,"_time":80.29733,"shift":0,"time":80.29733},{"$id":"508","type":0,"sounds":[{"w":0,"d":0,"p":70,"v":0}],"pos":-0.5,"size":1,"_time":80.29733,"shift":0,"time":80.29733},{"$id":"509","type":0,"sounds":[{"w":0,"d":0,"p":70,"v":0}],"pos":-0.5,"size":1,"_time":80.65446,"shift":0,"time":80.65446},{"$id":"510","type":0,"sounds":[{"w":0,"d":0,"p":70,"v":0}],"pos":2,"size":1,"_time":80.65446,"shift":0,"time":80.65446},{"$id":"511","type":0,"sounds":[{"w":0,"d":0,"p":70,"v":0}],"pos":-1.5,"size":1,"_time":81.01161,"shift":0,"time":81.01161},{"$id":"512","type":0,"sounds":[{"w":0,"d":0,"p":70,"v":0}],"pos":1,"size":1,"_time":81.01163,"shift":0,"time":81.01163},{"$id":"513","type":0,"sounds":[{"w":0,"d":0,"p":70,"v":0}],"pos":1,"size":1,"_time":81.24971,"shift":0,"time":81.24971},{"$id":"514","type":0,"sounds":[{"w":0,"d":0,"p":70,"v":0}],"pos":-1.5,"size":1,"_time":81.24971,"shift":0,"time":81.24971},{"$id":"515","type":0,"sounds":[{"w":0,"d":0,"p":70,"v":0}],"pos":-1.5,"size":1,"_time":81.60684,"shift":0,"time":81.60684},{"$id":"516","type":0,"sounds":[{"w":0,"d":0,"p":70,"v":0}],"pos":1,"size":1,"_time":81.60684,"shift":0,"time":81.60684},{"$id":"517","type":0,"sounds":[{"w":0,"d":0,"p":70,"v":0}],"pos":-2,"size":1,"_time":81.964,"shift":0,"time":81.964},{"$id":"518","type":0,"sounds":[{"w":0,"d":0,"p":70,"v":0}],"pos":0.5,"size":1,"_time":81.96401,"shift":0,"time":81.96401},{"$id":"519","type":0,"sounds":[{"w":0,"d":0,"p":70,"v":0}],"pos":0.5,"size":1,"_time":82.2021,"shift":0,"time":82.2021},{"$id":"520","type":0,"sounds":[{"w":0,"d":0,"p":70,"v":0}],"pos":-2,"size":1,"_time":82.2021,"shift":0,"time":82.2021},{"$id":"521","type":0,"sounds":[{"w":0,"d":0,"p":70,"v":0}],"pos":-2,"size":1,"_time":82.55923,"shift":0,"time":82.55923},{"$id":"522","type":0,"sounds":[{"w":0,"d":0,"p":70,"v":0}],"pos":0.5,"size":1,"_time":82.55923,"shift":0,"time":82.55923},{"$id":"523","type":0,"sounds":[{"w":0,"d":0,"p":70,"v":0}],"pos":-1,"size":1,"_time":82.91638,"shift":0,"time":82.91638},{"$id":"524","type":0,"sounds":[{"w":0,"d":0,"p":70,"v":0}],"pos":1.5,"size":1,"_time":82.9164,"shift":0,"time":82.9164},{"$id":"525","type":0,"sounds":[{"w":0,"d":0,"p":70,"v":0}],"pos":1.5,"size":1,"_time":83.15448,"shift":0,"time":83.15448},{"$id":"526","type":0,"sounds":[{"w":0,"d":0,"p":70,"v":0}],"pos":-1,"size":1,"_time":83.15448,"shift":0,"time":83.15448},{"$id":"527","type":0,"sounds":[{"w":0,"d":0,"p":70,"v":0}],"pos":-1,"size":1,"_time":83.51161,"shift":0,"time":83.51161},{"$id":"528","type":0,"sounds":[{"w":0,"d":0,"p":70,"v":0}],"pos":1.5,"size":1,"_time":83.51161,"shift":0,"time":83.51161},{"$id":"529","type":0,"sounds":[{"w":0,"d":0,"p":70,"v":0}],"pos":-0.5,"size":1,"_time":83.86876,"shift":0,"time":83.86876},{"$id":"530","type":0,"sounds":[{"w":0,"d":0,"p":70,"v":0}],"pos":2,"size":1,"_time":83.86877,"shift":0,"time":83.86877},{"$id":"531","type":0,"sounds":[{"w":0,"d":0,"p":70,"v":0}],"pos":2,"size":1,"_time":84.10686,"shift":0,"time":84.10686},{"$id":"532","type":0,"sounds":[{"w":0,"d":0,"p":70,"v":0}],"pos":-0.5,"size":1,"_time":84.10686,"shift":0,"time":84.10686},{"$id":"533","type":0,"sounds":[{"w":0,"d":0,"p":70,"v":0}],"pos":-0.5,"size":1,"_time":84.46399,"shift":0,"time":84.46399},{"$id":"534","type":0,"sounds":[{"w":0,"d":0,"p":70,"v":0}],"pos":2,"size":1,"_time":84.46399,"shift":0,"time":84.46399},{"$id":"535","type":0,"sounds":[{"w":0,"d":0,"p":70,"v":0}],"pos":-1.5,"size":1,"_time":84.82114,"shift":0,"time":84.82114},{"$id":"536","type":0,"sounds":[{"w":0,"d":0,"p":70,"v":0}],"pos":1,"size":1,"_time":84.82116,"shift":0,"time":84.82116},{"$id":"537","type":0,"sounds":[{"w":0,"d":0,"p":70,"v":0}],"pos":1,"size":1,"_time":85.05924,"shift":0,"time":85.05924},{"$id":"538","type":0,"sounds":[{"w":0,"d":0,"p":70,"v":0}],"pos":-1.5,"size":1,"_time":85.05924,"shift":0,"time":85.05924},{"$id":"539","type":0,"sounds":[{"w":0,"d":0,"p":70,"v":0}],"pos":-1.5,"size":1,"_time":85.41637,"shift":0,"time":85.41637},{"$id":"540","type":0,"sounds":[{"w":0,"d":0,"p":70,"v":0}],"pos":1,"size":1,"_time":85.41637,"shift":0,"time":85.41637},{"$id":"541","type":0,"sounds":[{"w":0,"d":0,"p":70,"v":0}],"pos":-2,"size":1,"_time":85.77352,"shift":0,"time":85.77352},{"$id":"542","type":0,"sounds":[{"w":0,"d":0,"p":70,"v":0}],"pos":0.5,"size":1,"_time":85.77354,"shift":0,"time":85.77354},{"$id":"543","type":0,"sounds":[{"w":0,"d":0,"p":70,"v":0}],"pos":-2,"size":1,"_time":86.01162,"shift":0,"time":86.01162},{"$id":"544","type":0,"sounds":[{"w":0,"d":0,"p":70,"v":0}],"pos":0.5,"size":1,"_time":86.01162,"shift":0,"time":86.01162},{"$id":"545","type":0,"sounds":[{"w":0,"d":0,"p":70,"v":0}],"pos":-2,"size":1,"_time":86.36875,"shift":0,"time":86.36875},{"$id":"546","type":0,"sounds":[{"w":0,"d":0,"p":70,"v":0}],"pos":0.5,"size":1,"_time":86.36875,"shift":0,"time":86.36875},{"$id":"547","type":0,"sounds":[{"w":0,"d":0,"p":70,"v":0}],"pos":-1,"size":1,"_time":86.7259,"shift":0,"time":86.7259},{"$id":"548","type":0,"sounds":[{"w":0,"d":0,"p":70,"v":0}],"pos":1.5,"size":1,"_time":86.72591,"shift":0,"time":86.72591},{"$id":"549","type":0,"sounds":[{"w":0,"d":0,"p":70,"v":0}],"pos":1.5,"size":1,"_time":86.964,"shift":0,"time":86.964},{"$id":"550","type":0,"sounds":[{"w":0,"d":0,"p":70,"v":0}],"pos":-1,"size":1,"_time":86.964,"shift":0,"time":86.964},{"$id":"551","type":0,"sounds":[{"w":0,"d":0,"p":70,"v":0}],"pos":-1,"size":1,"_time":87.32113,"shift":0,"time":87.32113},{"$id":"552","type":0,"sounds":[{"w":0,"d":0,"p":70,"v":0}],"pos":1.5,"size":1,"_time":87.32113,"shift":0,"time":87.32113},{"$id":"553","type":0,"sounds":[{"w":0,"d":0,"p":70,"v":0}],"pos":-0.5,"size":1,"_time":87.67828,"shift":0,"time":87.67828},{"$id":"554","type":0,"sounds":[{"w":0,"d":0,"p":70,"v":0}],"pos":2,"size":1,"_time":87.67829,"shift":0,"time":87.67829},{"$id":"555","type":0,"sounds":[{"w":0,"d":0,"p":70,"v":0}],"pos":2,"size":1,"_time":87.91637,"shift":0,"time":87.91637},{"$id":"556","type":0,"sounds":[{"w":0,"d":0,"p":70,"v":0}],"pos":-0.5,"size":1,"_time":87.91637,"shift":0,"time":87.91637},{"$id":"557","type":0,"sounds":[{"w":0,"d":0,"p":70,"v":0}],"pos":-0.5,"size":1,"_time":88.27351,"shift":0,"time":88.27351},{"$id":"558","type":0,"sounds":[{"w":0,"d":0,"p":70,"v":0}],"pos":2,"size":1,"_time":88.27351,"shift":0,"time":88.27351},{"$id":"559","type":0,"sounds":[{"w":0,"d":0,"p":70,"v":0}],"pos":-1.5,"size":1,"_time":88.63065,"shift":0,"time":88.63065},{"$id":"560","type":0,"sounds":[{"w":0,"d":0,"p":70,"v":0}],"pos":1,"size":1,"_time":88.63067,"shift":0,"time":88.63067},{"$id":"561","type":0,"sounds":[{"w":0,"d":0,"p":70,"v":0}],"pos":1,"size":1,"_time":88.86875,"shift":0,"time":88.86875},{"$id":"562","type":0,"sounds":[{"w":0,"d":0,"p":70,"v":0}],"pos":-1.5,"size":1,"_time":88.86875,"shift":0,"time":88.86875},{"$id":"563","type":0,"sounds":[{"w":0,"d":0,"p":70,"v":0}],"pos":-1.5,"size":1,"_time":89.22588,"shift":0,"time":89.22588},{"$id":"564","type":0,"sounds":[{"w":0,"d":0,"p":70,"v":0}],"pos":1,"size":1,"_time":89.22588,"shift":0,"time":89.22588},{"$id":"565","type":0,"sounds":[{"w":0,"d":0,"p":70,"v":0}],"pos":-2,"size":1,"_time":89.58304,"shift":0,"time":89.58304},{"$id":"566","type":0,"sounds":[{"w":0,"d":0,"p":70,"v":0}],"pos":0.5,"size":1,"_time":89.58305,"shift":0,"time":89.58305},{"$id":"567","type":0,"sounds":[{"w":0,"d":0,"p":70,"v":0}],"pos":0.5,"size":1,"_time":89.82114,"shift":0,"time":89.82114},{"$id":"568","type":0,"sounds":[{"w":0,"d":0,"p":70,"v":0}],"pos":-2,"size":1,"_time":89.82114,"shift":0,"time":89.82114},{"$id":"569","type":0,"sounds":[{"w":0,"d":0,"p":70,"v":0}],"pos":-2,"size":1,"_time":90.17827,"shift":0,"time":90.17827},{"$id":"570","type":0,"sounds":[{"w":0,"d":0,"p":70,"v":0}],"pos":0.5,"size":1,"_time":90.17827,"shift":0,"time":90.17827},{"$id":"571","type":0,"sounds":[{"w":0,"d":0,"p":70,"v":0}],"pos":-1,"size":1,"_time":90.53542,"shift":0,"time":90.53542},{"$id":"572","type":0,"sounds":[{"w":0,"d":0,"p":70,"v":0}],"pos":1.5,"size":1,"_time":90.53544,"shift":0,"time":90.53544},{"$id":"573","type":0,"sounds":[{"w":0,"d":0,"p":70,"v":0}],"pos":1.5,"size":1,"_time":90.77352,"shift":0,"time":90.77352},{"$id":"574","type":0,"sounds":[{"w":0,"d":0,"p":70,"v":0}],"pos":-1,"size":1,"_time":90.77352,"shift":0,"time":90.77352},{"$id":"575","type":0,"sounds":[{"w":0,"d":0,"p":70,"v":0}],"pos":-1,"size":1,"_time":91.13065,"shift":0,"time":91.13065},{"$id":"576","type":0,"sounds":[{"w":0,"d":0,"p":70,"v":0}],"pos":1.5,"size":1,"_time":91.13065,"shift":0,"time":91.13065},{"$id":"577","type":0,"sounds":[{"w":0,"d":0,"p":70,"v":0}],"pos":-2,"size":1.2,"_time":91.4878,"shift":0,"time":91.4878},{"$id":"578","type":0,"sounds":[{"w":0,"d":0,"p":70,"v":0}],"pos":0.5,"size":1.2,"_time":91.48782,"shift":0,"time":91.48782},{"$id":"579","type":0,"sounds":[{"w":0,"d":0,"p":80,"v":0}],"pos":-1.5,"size":1,"_time":93.39256,"shift":0,"time":93.39256},{"$id":"580","type":0,"sounds":[{"w":0,"d":0,"p":80,"v":0}],"pos":0.5,"size":1,"_time":93.63066,"shift":0,"time":93.63066},{"$id":"581","type":0,"sounds":[{"w":0,"d":0,"p":80,"v":0}],"pos":-1.5,"size":1,"_time":93.86875,"shift":0,"time":93.86875},{"$id":"582","type":0,"sounds":[{"w":0,"d":0,"p":80,"v":0}],"pos":0.5,"size":1,"_time":93.9878,"shift":0,"time":93.9878},{"$id":"583","type":0,"sounds":[{"w":0,"d":0,"p":80,"v":0}],"pos":0.5,"size":1,"_time":94.2259,"shift":0,"time":94.2259},{"$id":"584","type":0,"sounds":[{"w":0,"d":0,"p":80,"v":0}],"pos":-1.5,"size":1,"_time":94.46399,"shift":0,"time":94.46399},{"$id":"585","type":0,"sounds":[{"w":0,"d":0,"p":80,"v":0}],"pos":0.5,"size":1,"_time":94.58304,"shift":0,"time":94.58304},{"$id":"586","type":0,"sounds":[{"w":0,"d":0,"p":80,"v":0}],"pos":-1.5,"size":1,"_time":94.82114,"shift":0,"time":94.82114},{"$id":"587","type":0,"sounds":[{"w":0,"d":0,"p":80,"v":0}],"pos":0.5,"size":1,"_time":94.94019,"shift":0,"time":94.94019},{"$id":"588","type":0,"sounds":[{"w":0,"d":0,"p":80,"v":0}],"pos":-0.5,"size":1,"_time":95.05923,"shift":0,"time":95.05923},{"$id":"589","type":0,"sounds":[{"w":0,"d":0,"p":80,"v":0}],"pos":1.5,"size":1,"_time":95.17828,"shift":0,"time":95.17828},{"$id":"590","type":0,"sounds":[{"w":0,"d":0,"p":80,"v":0}],"pos":-1,"size":1,"_time":95.29733,"shift":0,"time":95.29733},{"$id":"591","type":0,"sounds":[{"w":0,"d":0,"p":80,"v":0}],"pos":2,"size":1,"_time":95.53542,"shift":0,"time":95.53542},{"$id":"592","type":0,"sounds":[{"w":0,"d":0,"p":80,"v":0}],"pos":-1,"size":1,"_time":95.77351,"shift":0,"time":95.77351},{"$id":"593","type":0,"sounds":[{"w":0,"d":0,"p":80,"v":0}],"pos":2,"size":1,"_time":95.89256,"shift":0,"time":95.89256},{"$id":"594","type":0,"sounds":[{"w":0,"d":0,"p":80,"v":0}],"pos":2,"size":1,"_time":96.13066,"shift":0,"time":96.13066},{"$id":"595","type":0,"sounds":[{"w":0,"d":0,"p":80,"v":0}],"pos":-1,"size":1,"_time":96.36875,"shift":0,"time":96.36875},{"$id":"596","type":0,"sounds":[{"w":0,"d":0,"p":80,"v":0}],"pos":2,"size":1,"_time":96.4878,"shift":0,"time":96.4878},{"$id":"597","type":0,"sounds":[{"w":0,"d":0,"p":80,"v":0}],"pos":-1.5,"size":1,"_time":96.7259,"shift":0,"time":96.7259},{"$id":"598","type":0,"sounds":[{"w":0,"d":0,"p":80,"v":0}],"pos":0,"size":1,"_time":96.84494,"shift":0,"time":96.84494},{"$id":"599","type":0,"sounds":[{"w":0,"d":0,"p":80,"v":0}],"pos":-1,"size":1,"_time":96.96399,"shift":0,"time":96.96399},{"$id":"600","type":0,"sounds":[{"w":0,"d":0,"p":80,"v":0}],"pos":1.5,"size":1,"_time":97.08304,"shift":0,"time":97.08304},{"$id":"601","type":0,"sounds":[{"w":0,"d":0,"p":80,"v":0}],"pos":-2,"size":1,"_time":97.20209,"shift":0,"time":97.20209},{"$id":"602","type":0,"sounds":[{"w":0,"d":0,"p":80,"v":0}],"pos":0.5,"size":1,"_time":97.44019,"shift":0,"time":97.44019},{"$id":"603","type":0,"sounds":[{"w":0,"d":0,"p":80,"v":0}],"pos":-2,"size":1,"_time":97.67828,"shift":0,"time":97.67828},{"$id":"604","type":0,"sounds":[{"w":0,"d":0,"p":80,"v":0}],"pos":0.5,"size":1,"_time":97.79733,"shift":0,"time":97.79733},{"$id":"605","type":0,"sounds":[{"w":0,"d":0,"p":80,"v":0}],"pos":0.5,"size":1,"_time":98.03542,"shift":0,"time":98.03542},{"$id":"606","type":0,"sounds":[{"w":0,"d":0,"p":80,"v":0}],"pos":-2,"size":1,"_time":98.27351,"shift":0,"time":98.27351},{"$id":"607","type":0,"sounds":[{"w":0,"d":0,"p":80,"v":0}],"pos":0,"size":1,"_time":98.39256,"shift":0,"time":98.39256},{"$id":"608","type":0,"sounds":[{"w":0,"d":0,"p":80,"v":0}],"pos":-0.5,"size":1,"_time":98.63066,"shift":0,"time":98.63066},{"$id":"609","type":0,"sounds":[{"w":0,"d":0,"p":80,"v":0}],"pos":1.5,"size":1,"_time":98.7497,"shift":0,"time":98.7497},{"$id":"610","type":0,"sounds":[{"w":0,"d":0,"p":80,"v":0}],"pos":-1.5,"size":1,"_time":98.86875,"shift":0,"time":98.86875},{"$id":"611","type":0,"sounds":[{"w":0,"d":0,"p":80,"v":0}],"pos":-2,"size":1,"_time":99.10685,"shift":0,"time":99.10685},{"$id":"612","type":0,"sounds":[{"w":0,"d":0,"p":80,"v":0}],"pos":0.5,"size":1,"_time":99.34494,"shift":0,"time":99.34494},{"$id":"613","type":0,"sounds":[{"w":0,"d":0,"p":80,"v":0}],"pos":-2,"size":1,"_time":99.58304,"shift":0,"time":99.58304},{"$id":"614","type":0,"sounds":[{"w":0,"d":0,"p":80,"v":0}],"pos":0.5,"size":1,"_time":99.70209,"shift":0,"time":99.70209},{"$id":"615","type":0,"sounds":[{"w":0,"d":0,"p":76,"v":0}],"pos":0,"size":1,"_time":99.94019,"shift":0,"time":99.94019},{"$id":"616","type":0,"sounds":[{"w":0,"d":0,"p":76,"v":0}],"pos":-2,"size":1,"_time":100.1783,"shift":0,"time":100.1783},{"$id":"617","type":0,"sounds":[{"w":0,"d":0,"p":76,"v":0}],"pos":0,"size":1,"_time":100.2973,"shift":0,"time":100.2973},{"$id":"618","type":0,"sounds":[{"w":0,"d":0,"p":76,"v":0}],"pos":-2,"size":1,"_time":100.5354,"shift":0,"time":100.5354},{"$id":"619","type":0,"sounds":[{"w":0,"d":0,"p":76,"v":0}],"pos":0,"size":1,"_time":100.6545,"shift":0,"time":100.6545},{"$id":"620","type":0,"sounds":[{"w":0,"d":0,"p":76,"v":0}],"pos":-1,"size":1,"_time":100.7735,"shift":0,"time":100.7735},{"$id":"621","type":0,"sounds":[{"w":0,"d":0,"p":77,"v":0}],"pos":-1,"size":1.2,"_time":101.0116,"shift":0,"time":101.0116},{"$id":"622","type":0,"sounds":[{"w":0,"d":0,"p":77,"v":0}],"pos":1.5,"size":1.2,"_time":101.0116,"shift":0,"time":101.0116},{"$id":"623","type":0,"sounds":[{"w":0,"d":0,"p":77,"v":0}],"pos":2,"size":1,"_time":101.2497,"shift":0,"time":101.2497},{"$id":"624","type":0,"sounds":[{"w":0,"d":0,"p":77,"v":0}],"pos":0.5,"size":1,"_time":101.3688,"shift":0,"time":101.3688},{"$id":"625","type":0,"sounds":[{"w":0,"d":0,"p":77,"v":0}],"pos":-0.5,"size":1,"_time":101.6069,"shift":0,"time":101.6069},{"$id":"626","type":0,"sounds":[{"w":0,"d":0,"p":77,"v":0}],"pos":-2,"size":1,"_time":102.2021,"shift":0,"time":102.2021},{"$id":"627","type":0,"sounds":[{"w":0,"d":0,"p":77,"v":0}],"pos":0.5,"size":1,"_time":102.3211,"shift":0,"time":102.3211},{"$id":"628","type":0,"sounds":[{"w":0,"d":0,"p":77,"v":0}],"pos":-1,"size":1,"_time":102.4402,"shift":0,"time":102.4402},{"$id":"629","type":0,"sounds":[{"w":0,"d":0,"p":77,"v":0}],"pos":2,"size":1,"_time":102.5592,"shift":0,"time":102.5592},{"$id":"630","type":0,"sounds":[{"w":0,"d":0,"p":77,"v":0}],"pos":0,"size":1,"_time":102.6783,"shift":0,"time":102.6783},{"$id":"631","type":0,"sounds":[{"w":0,"d":0,"p":77,"v":0}],"pos":0.5,"size":1.2,"_time":102.9164,"shift":0,"time":102.9164},{"$id":"632","type":0,"sounds":[{"w":0,"d":0,"p":80,"v":0}],"pos":1.5,"size":1,"_time":103.8382,"shift":0,"time":103.8382},{"$id":"633","type":0,"sounds":[{"w":0,"d":0,"p":80,"v":0}],"pos":2,"size":1,"_time":103.8688,"shift":0,"time":103.8688},{"$id":"634","type":0,"sounds":[{"w":0,"d":0,"p":80,"v":0}],"pos":1,"size":1,"_time":104.1069,"shift":0,"time":104.1069},{"$id":"635","type":0,"sounds":[{"w":0,"d":0,"p":80,"v":0}],"pos":0,"size":1,"_time":104.345,"shift":0,"time":104.345},{"$id":"636","type":0,"sounds":[{"w":0,"d":0,"p":80,"v":0}],"pos":-1,"size":1,"_time":104.5831,"shift":0,"time":104.5831},{"$id":"637","type":0,"sounds":[{"w":0,"d":0,"p":75,"v":0}],"pos":-2,"size":1,"_time":104.8211,"shift":0,"time":104.8211},{"$id":"638","type":0,"sounds":[{"w":0,"d":0,"p":75,"v":0}],"pos":1,"size":1,"_time":105.0592,"shift":0,"time":105.0592},{"$id":"639","type":0,"sounds":[{"w":0,"d":0,"p":75,"v":0}],"pos":-2,"size":1,"_time":105.2973,"shift":0,"time":105.2973},{"$id":"640","type":0,"sounds":[{"w":0,"d":0,"p":75,"v":0}],"pos":1,"size":1,"_time":105.4164,"shift":0,"time":105.4164},{"$id":"641","type":0,"sounds":[{"w":0,"d":0,"p":78,"v":0}],"pos":-2,"size":1,"_time":105.7735,"shift":0,"time":105.7735},{"$id":"642","type":0,"sounds":[{"w":0,"d":0,"p":78,"v":0}],"pos":-1,"size":1,"_time":106.0116,"shift":0,"time":106.0116},{"$id":"643","type":0,"sounds":[{"w":0,"d":0,"p":78,"v":0}],"pos":0.5,"size":1,"_time":106.2497,"shift":0,"time":106.2497},{"$id":"644","type":0,"sounds":[{"w":0,"d":0,"p":78,"v":0}],"pos":1.5,"size":1,"_time":106.4878,"shift":0,"time":106.4878},{"$id":"645","type":0,"sounds":[{"w":0,"d":0,"p":76,"v":0}],"pos":-2,"size":1.2,"_time":106.7259,"shift":0,"time":106.7259},{"$id":"646","type":0,"sounds":[{"w":0,"d":0,"p":76,"v":0}],"pos":-0.5,"size":1.2,"_time":107.2021,"shift":0,"time":107.2021},{"$id":"647","type":0,"sounds":[{"w":0,"d":0,"p":76,"v":0}],"pos":0.5,"size":1.2,"_time":107.6783,"shift":0,"time":107.6783},{"$id":"648","type":0,"sounds":[{"w":0,"d":0,"p":76,"v":0}],"pos":2,"size":1.2,"_time":108.1545,"shift":0,"time":108.1545},{"$id":"649","type":0,"sounds":[{"w":0,"d":0,"p":83,"v":0}],"pos":1.5,"size":1.1,"_time":108.6307,"shift":0,"time":108.6307},{"$id":"650","type":0,"sounds":[{"w":0,"d":0,"p":83,"v":0}],"pos":0.5,"size":1,"_time":108.8688,"shift":0,"time":108.8688},{"$id":"651","type":0,"sounds":[{"w":0,"d":0,"p":83,"v":0}],"pos":-1,"size":1,"_time":108.9878,"shift":0,"time":108.9878},{"$id":"652","type":0,"sounds":[{"w":0,"d":0,"p":83,"v":0}],"pos":0.5,"size":1,"_time":109.2259,"shift":0,"time":109.2259},{"$id":"653","type":0,"sounds":[{"w":0,"d":0,"p":83,"v":0}],"pos":-2,"size":1,"_time":109.345,"shift":0,"time":109.345},{"$id":"654","type":0,"sounds":[{"w":0,"d":0,"p":83,"v":0}],"pos":-1,"size":1,"_time":109.464,"shift":0,"time":109.464},{"$id":"655","type":0,"sounds":[{"w":0,"d":0,"p":83,"v":0}],"pos":0,"size":1,"_time":109.583,"shift":0,"time":109.583},{"$id":"656","type":0,"sounds":[{"w":0,"d":0,"p":83,"v":0}],"pos":-2,"size":1,"_time":109.8211,"shift":0,"time":109.8211},{"$id":"657","type":0,"sounds":[{"w":0,"d":0,"p":83,"v":0}],"pos":-2,"size":1,"_time":110.0592,"shift":0,"time":110.0592},{"$id":"658","type":0,"sounds":[{"w":0,"d":0,"p":83,"v":0}],"pos":-1,"size":1,"_time":110.2973,"shift":0,"time":110.2973},{"$id":"659","type":0,"sounds":[{"w":0,"d":0,"p":83,"v":0}],"pos":0,"size":1,"_time":110.5354,"shift":0,"time":110.5354},{"$id":"660","type":0,"sounds":[{"w":0,"d":0,"p":83,"v":0}],"pos":2,"size":1,"_time":110.7735,"shift":0,"time":110.7735},{"$id":"661","type":0,"sounds":[{"w":0,"d":0,"p":83,"v":0}],"pos":-0.5,"size":1,"_time":111.1307,"shift":0,"time":111.1307},{"$id":"662","type":0,"sounds":[{"w":0,"d":0,"p":83,"v":0}],"pos":-0.5,"size":1,"_time":111.2497,"shift":0,"time":111.2497},{"$id":"663","type":0,"sounds":[{"w":0,"d":0,"p":83,"v":0}],"pos":0.5,"size":1,"_time":111.3688,"shift":0,"time":111.3688},{"$id":"664","type":0,"sounds":[{"w":0,"d":0,"p":83,"v":0}],"pos":1.5,"size":1,"_time":111.4878,"shift":0,"time":111.4878},{"$id":"665","type":0,"sounds":[{"w":0,"d":0,"p":78,"v":0}],"pos":0.5,"size":1,"_time":111.7259,"shift":0,"time":111.7259},{"$id":"666","type":0,"sounds":[{"w":0,"d":0,"p":78,"v":0}],"pos":-0.5,"size":1,"_time":111.964,"shift":0,"time":111.964},{"$id":"667","type":0,"sounds":[{"w":0,"d":0,"p":78,"v":0}],"pos":0.5,"size":1,"_time":112.2021,"shift":0,"time":112.2021},{"$id":"668","type":0,"sounds":[{"w":0,"d":0,"p":78,"v":0}],"pos":-1.8,"size":1.05,"_time":112.4402,"shift":0,"time":112.4402},{"$id":"669","type":0,"sounds":[{"w":0,"d":0,"p":80,"v":0}],"pos":-1,"size":0.95,"_time":112.5989,"shift":0,"time":112.5989},{"$id":"670","type":0,"sounds":[{"w":0,"d":0,"p":78,"v":0}],"pos":-1.8,"size":1.05,"_time":112.6783,"shift":0,"time":112.6783},{"$id":"671","type":0,"sounds":[{"w":0,"d":0,"p":80,"v":0}],"pos":-0.4,"size":0.95,"_time":112.837,"shift":0,"time":112.837},{"$id":"672","type":0,"sounds":[{"w":0,"d":0,"p":78,"v":0}],"pos":-1.3,"size":1.05,"_time":112.9164,"shift":0,"time":112.9164},{"$id":"673","type":0,"sounds":[{"w":0,"d":0,"p":80,"v":0}],"pos":0.1,"size":0.95,"_time":113.0751,"shift":0,"time":113.0751},{"$id":"674","type":0,"sounds":[{"w":0,"d":0,"p":78,"v":0}],"pos":-0.8,"size":1.05,"_time":113.1545,"shift":0,"time":113.1545},{"$id":"675","type":0,"sounds":[{"w":0,"d":0,"p":80,"v":0}],"pos":0.8000001,"size":0.95,"_time":113.3132,"shift":0,"time":113.3132},{"$id":"676","type":0,"sounds":[{"w":0,"d":0,"p":78,"v":0}],"pos":0,"size":1.05,"_time":113.3926,"shift":0,"time":113.3926},{"$id":"677","type":0,"sounds":[{"w":0,"d":0,"p":80,"v":0}],"pos":1.8,"size":0.95,"_time":113.5513,"shift":0,"time":113.5513},{"$id":"678","type":0,"sounds":[{"w":0,"d":0,"p":78,"v":0}],"pos":1,"size":1.05,"_time":113.6307,"shift":0,"time":113.6307},{"$id":"679","type":0,"sounds":[{"w":0,"d":0,"p":80,"v":0}],"pos":0,"size":0.95,"_time":113.7894,"shift":0,"time":113.7894},{"$id":"680","type":0,"sounds":[{"w":0,"d":0,"p":77,"v":0}],"pos":-1,"size":1.05,"_time":113.8688,"shift":0,"time":113.8688},{"$id":"681","type":0,"sounds":[{"w":0,"d":0,"p":77,"v":0}],"pos":1,"size":0.95,"_time":114.0275,"shift":0,"time":114.0275},{"$id":"682","type":0,"sounds":[{"w":0,"d":0,"p":77,"v":0}],"pos":0,"size":1.05,"_time":114.1069,"shift":0,"time":114.1069},{"$id":"683","type":0,"sounds":[{"w":0,"d":0,"p":77,"v":0}],"pos":0.5,"size":0.95,"_time":114.2656,"shift":0,"time":114.2656},{"$id":"684","type":0,"sounds":[{"w":0,"d":0,"p":72,"v":0}],"pos":1.5,"size":1.05,"_time":114.3449,"shift":0,"time":114.3449},{"$id":"685","type":0,"sounds":[{"w":0,"d":0,"p":72,"v":0}],"pos":2,"size":1.2,"_time":114.5831,"shift":0,"time":114.5831},{"$id":"686","type":0,"sounds":[{"w":0,"d":0,"p":72,"v":0}],"pos":1,"size":1.2,"_time":114.8211,"shift":0,"time":114.8211},{"$id":"687","type":0,"sounds":[{"w":0,"d":0,"p":72,"v":0}],"pos":0,"size":1.2,"_time":115.0592,"shift":0,"time":115.0592},{"$id":"688","type":0,"sounds":[{"w":0,"d":0,"p":72,"v":0}],"pos":1,"size":1.2,"_time":115.2973,"shift":0,"time":115.2973},{"$id":"689","type":0,"sounds":[{"w":0,"d":0,"p":72,"v":0}],"pos":0,"size":1.2,"_time":115.5354,"shift":0,"time":115.5354},{"$id":"690","type":0,"sounds":[{"w":0,"d":0,"p":72,"v":0}],"pos":-1.5,"size":1.2,"_time":115.7735,"shift":0,"time":115.7735},{"$id":"691","type":0,"sounds":[{"w":0,"d":0,"p":72,"v":0}],"pos":-0.5,"size":1.2,"_time":116.0116,"shift":0,"time":116.0116},{"$id":"692","type":0,"sounds":[{"w":0,"d":0,"p":76,"v":0}],"pos":-1.4,"size":1.1,"_time":116.2497,"shift":0,"time":116.2497},{"$id":"693","type":0,"sounds":[{"w":0,"d":0,"p":76,"v":0}],"pos":1.5,"size":1.1,"_time":116.2497,"shift":0,"time":116.2497},{"$id":"694","type":0,"sounds":[{"w":0,"d":0,"p":76,"v":0}],"pos":0.8,"size":1,"_time":116.4878,"shift":0,"time":116.4878},{"$id":"695","type":0,"sounds":[{"w":0,"d":0,"p":76,"v":0}],"pos":-1.1,"size":1,"_time":116.6069,"shift":0,"time":116.6069},{"$id":"696","type":0,"sounds":[{"w":0,"d":0,"p":76,"v":0}],"pos":0.7999997,"size":1,"_time":116.8449,"shift":0,"time":116.8449},{"$id":"697","type":0,"sounds":[{"w":0,"d":0,"p":76,"v":0}],"pos":-1.2,"size":1,"_time":116.964,"shift":0,"time":116.964},{"$id":"698","type":0,"sounds":[{"w":0,"d":0,"p":76,"v":0}],"pos":-0.5000001,"size":1,"_time":117.083,"shift":0,"time":117.083},{"$id":"699","type":0,"sounds":[{"w":0,"d":0,"p":76,"v":0}],"pos":0.2999999,"size":1,"_time":117.2021,"shift":0,"time":117.2021},{"$id":"700","type":0,"sounds":[{"w":0,"d":0,"p":76,"v":0}],"pos":-0.7,"size":1,"_time":117.4402,"shift":0,"time":117.4402},{"$id":"701","type":0,"sounds":[{"w":0,"d":0,"p":76,"v":0}],"pos":0.2999999,"size":1,"_time":117.6783,"shift":0,"time":117.6783},{"$id":"702","type":0,"sounds":[{"w":0,"d":0,"p":76,"v":0}],"pos":1.5,"size":1,"_time":117.9164,"shift":0,"time":117.9164},{"$id":"703","type":0,"sounds":[{"w":0,"d":0,"p":76,"v":0}],"pos":2,"size":1,"_time":118.1545,"shift":0,"time":118.1545},{"$id":"704","type":0,"sounds":[{"w":0,"d":0,"p":76,"v":0}],"pos":0,"size":1,"_time":118.3926,"shift":0,"time":118.3926},{"$id":"705","type":0,"sounds":[{"w":0,"d":0,"p":76,"v":0}],"pos":0,"size":1,"_time":118.7497,"shift":0,"time":118.7497},{"$id":"706","type":0,"sounds":[{"w":0,"d":0,"p":76,"v":0}],"pos":1.5,"size":1,"_time":119.0473,"shift":0,"time":119.0473},{"$id":"707","type":0,"sounds":[{"w":0,"d":0,"p":76,"v":0}],"pos":2,"size":1,"_time":119.1069,"shift":0,"time":119.1069},{"$id":"708","type":0,"sounds":[{"w":0,"d":0,"p":85,"v":0}],"pos":1,"size":1,"_time":119.3449,"shift":0,"time":119.3449},{"$id":"709","type":0,"sounds":[{"w":0,"d":0,"p":85,"v":0}],"pos":-2,"size":1,"_time":119.583,"shift":0,"time":119.583},{"$id":"710","type":0,"sounds":[{"w":0,"d":0,"p":85,"v":0}],"pos":0.3,"size":1,"_time":119.583,"shift":0,"time":119.583},{"$id":"711","type":0,"sounds":[{"w":0,"d":0,"p":85,"v":0}],"pos":-0.6,"size":1,"_time":119.8211,"shift":0,"time":119.8211},{"$id":"712","type":0,"sounds":[{"w":0,"d":0,"p":85,"v":0}],"pos":1.5,"size":1,"_time":120.0592,"shift":0,"time":120.0592},{"$id":"713","type":0,"sounds":[{"w":0,"d":0,"p":85,"v":0}],"pos":-1.5,"size":1,"_time":120.0592,"shift":0,"time":120.0592},{"$id":"714","type":0,"sounds":[{"w":0,"d":0,"p":76,"v":0}],"pos":-0.8000001,"size":1,"_time":121.964,"shift":0,"time":121.964},{"$id":"715","type":0,"sounds":[{"w":0,"d":0,"p":76,"v":0}],"pos":1,"size":1,"_time":122.1227,"shift":0,"time":122.1227},{"$id":"716","type":0,"sounds":[{"w":0,"d":0,"p":76,"v":0}],"pos":0.7,"size":1,"_time":122.2021,"shift":0,"time":122.2021},{"$id":"717","type":0,"sounds":[{"w":0,"d":0,"p":76,"v":0}],"pos":-0.4,"size":1,"_time":122.3608,"shift":0,"time":122.3608},{"$id":"718","type":0,"sounds":[{"w":0,"d":0,"p":76,"v":0}],"pos":-0.8000001,"size":1,"_time":122.4402,"shift":0,"time":122.4402},{"$id":"719","type":0,"sounds":[{"w":0,"d":0,"p":76,"v":0}],"pos":-2,"size":1,"_time":122.6783,"shift":0,"time":122.6783},{"$id":"720","type":0,"sounds":[{"w":0,"d":0,"p":76,"v":0}],"pos":2,"size":1,"_time":122.9164,"shift":0,"time":122.9164},{"$id":"721","type":0,"sounds":[{"w":0,"d":0,"p":76,"v":0}],"pos":1,"size":1,"_time":123.1545,"shift":0,"time":123.1545},{"$id":"722","type":0,"sounds":[{"w":0,"d":0,"p":76,"v":0}],"pos":0,"size":1,"_time":123.3926,"shift":0,"time":123.3926},{"$id":"723","type":0,"sounds":[{"w":0,"d":0,"p":76,"v":0}],"pos":-1,"size":1,"_time":123.6307,"shift":0,"time":123.6307},{"$id":"724","type":0,"pos":-1.5,"size":0.9,"_time":123.8688,"shift":0,"time":123.8688},{"$id":"725","type":0,"sounds":[{"w":0,"d":0,"p":78,"v":0}],"pos":2,"size":1.1,"_time":123.8688,"shift":0,"time":123.8688},{"$id":"726","type":0,"pos":0.5,"size":0.9,"_time":124.1069,"shift":0,"time":124.1069},{"$id":"727","type":0,"pos":-1.5,"size":0.9,"_time":124.3449,"shift":0,"time":124.3449},{"$id":"728","type":0,"pos":0.5,"size":0.9,"_time":124.464,"shift":0,"time":124.464},{"$id":"729","type":0,"pos":0.5,"size":0.9,"_time":124.7021,"shift":0,"time":124.7021},{"$id":"730","type":0,"pos":-1.5,"size":0.9,"_time":124.9402,"shift":0,"time":124.9402},{"$id":"731","type":0,"pos":0.5,"size":0.9,"_time":125.0592,"shift":0,"time":125.0592},{"$id":"732","type":0,"pos":-1.5,"size":0.9,"_time":125.2973,"shift":0,"time":125.2973},{"$id":"733","type":0,"pos":-0.5,"size":0.9,"_time":125.4164,"shift":0,"time":125.4164},{"$id":"734","type":0,"pos":0.5,"size":0.9,"_time":125.5354,"shift":0,"time":125.5354},{"$id":"735","type":0,"pos":1.5,"size":0.9,"_time":125.6545,"shift":0,"time":125.6545},{"$id":"736","type":0,"pos":-1,"size":0.9,"_time":125.7735,"shift":0,"time":125.7735},{"$id":"737","type":0,"sounds":[{"w":0,"d":0,"p":80,"v":0}],"pos":1,"size":1.1,"_time":125.7735,"shift":0,"time":125.7735},{"$id":"738","type":0,"pos":2,"size":0.9,"_time":126.0116,"shift":0,"time":126.0116},{"$id":"739","type":0,"pos":-1,"size":0.9,"_time":126.2497,"shift":0,"time":126.2497},{"$id":"740","type":0,"pos":2,"size":0.9,"_time":126.3688,"shift":0,"time":126.3688},{"$id":"741","type":0,"pos":2,"size":0.9,"_time":126.6069,"shift":0,"time":126.6069},{"$id":"742","type":0,"pos":-1,"size":0.9,"_time":126.8449,"shift":0,"time":126.8449},{"$id":"743","type":0,"pos":2,"size":0.9,"_time":126.964,"shift":0,"time":126.964},{"$id":"744","type":0,"pos":-1.5,"size":0.9,"_time":127.2021,"shift":0,"time":127.2021},{"$id":"745","type":0,"pos":-1,"size":0.9,"_time":127.3211,"shift":0,"time":127.3211},{"$id":"746","type":0,"pos":0,"size":0.9,"_time":127.4402,"shift":0,"time":127.4402},{"$id":"747","type":0,"pos":1.5,"size":0.9,"_time":127.5592,"shift":0,"time":127.5592},{"$id":"748","type":0,"pos":-2,"size":0.9,"_time":127.6783,"shift":0,"time":127.6783},{"$id":"749","type":0,"sounds":[{"w":0,"d":0,"p":78,"v":0}],"pos":0,"size":1.1,"_time":127.6783,"shift":0,"time":127.6783},{"$id":"750","type":0,"pos":0.5,"size":0.9,"_time":127.9164,"shift":0,"time":127.9164},{"$id":"751","type":0,"pos":-2,"size":0.9,"_time":128.1545,"shift":0,"time":128.1545},{"$id":"752","type":0,"pos":0.5,"size":0.9,"_time":128.2735,"shift":0,"time":128.2735},{"$id":"753","type":0,"pos":0.5,"size":0.9,"_time":128.5116,"shift":0,"time":128.5116},{"$id":"754","type":0,"pos":-2,"size":0.9,"_time":128.7497,"shift":0,"time":128.7497},{"$id":"755","type":0,"pos":0,"size":0.9,"_time":128.8688,"shift":0,"time":128.8688},{"$id":"756","type":0,"pos":-0.5,"size":0.9,"_time":129.1069,"shift":0,"time":129.1069},{"$id":"757","type":0,"pos":1.5,"size":0.9,"_time":129.2259,"shift":0,"time":129.2259},{"$id":"758","type":0,"pos":-1.5,"size":0.9,"_time":129.345,"shift":0,"time":129.345},{"$id":"759","type":0,"pos":-2,"size":0.9,"_time":129.583,"shift":0,"time":129.583},{"$id":"760","type":0,"sounds":[{"w":0,"d":0,"p":79,"v":0}],"pos":-0.5,"size":1.1,"_time":129.5831,"shift":0,"time":129.5831},{"$id":"761","type":0,"pos":0.5,"size":0.9,"_time":129.8211,"shift":0,"time":129.8211},{"$id":"762","type":0,"pos":-2,"size":0.9,"_time":130.0592,"shift":0,"time":130.0592},{"$id":"763","type":0,"pos":0.5,"size":0.9,"_time":130.1783,"shift":0,"time":130.1783},{"$id":"764","type":0,"pos":0,"size":0.9,"_time":130.4164,"shift":0,"time":130.4164},{"$id":"765","type":0,"pos":-2,"size":0.9,"_time":130.6545,"shift":0,"time":130.6545},{"$id":"766","type":0,"pos":0,"size":0.9,"_time":130.7735,"shift":0,"time":130.7735},{"$id":"767","type":0,"pos":-1,"size":0.9,"_time":131.0116,"shift":0,"time":131.0116},{"$id":"768","type":0,"pos":1,"size":0.9,"_time":131.1307,"shift":0,"time":131.1307},{"$id":"769","type":0,"pos":-2,"size":0.9,"_time":131.2497,"shift":0,"time":131.2497},{"$id":"770","type":0,"pos":0,"size":0.9,"_time":131.3688,"shift":0,"time":131.3688},{"$id":"771","type":0,"pos":-1.5,"size":0.9,"_time":131.4878,"shift":0,"time":131.4878},{"$id":"772","type":0,"pos":0.5,"size":0.9,"_time":131.7259,"shift":0,"time":131.7259},{"$id":"773","type":0,"pos":-1.5,"size":0.9,"_time":131.964,"shift":0,"time":131.964},{"$id":"774","type":0,"pos":0.5,"size":0.9,"_time":132.083,"shift":0,"time":132.083},{"$id":"775","type":0,"pos":0.5,"size":0.9,"_time":132.3211,"shift":0,"time":132.3211},{"$id":"776","type":0,"pos":-1.5,"size":0.9,"_time":132.5592,"shift":0,"time":132.5592},{"$id":"777","type":0,"pos":0.5,"size":0.9,"_time":132.6783,"shift":0,"time":132.6783},{"$id":"778","type":0,"pos":-1.5,"size":0.9,"_time":132.9164,"shift":0,"time":132.9164},{"$id":"779","type":0,"pos":-0.5,"size":0.9,"_time":133.0354,"shift":0,"time":133.0354},{"$id":"780","type":0,"pos":0.5,"size":0.9,"_time":133.1545,"shift":0,"time":133.1545},{"$id":"781","type":0,"pos":1.5,"size":0.9,"_time":133.2735,"shift":0,"time":133.2735},{"$id":"782","type":0,"pos":-1,"size":0.9,"_time":133.3926,"shift":0,"time":133.3926},{"$id":"783","type":0,"pos":2,"size":0.9,"_time":133.6307,"shift":0,"time":133.6307},{"$id":"784","type":0,"pos":-1,"size":0.9,"_time":133.8688,"shift":0,"time":133.8688},{"$id":"785","type":0,"pos":2,"size":0.9,"_time":133.9878,"shift":0,"time":133.9878},{"$id":"786","type":0,"pos":2,"size":0.9,"_time":134.2259,"shift":0,"time":134.2259},{"$id":"787","type":0,"pos":-1,"size":0.9,"_time":134.464,"shift":0,"time":134.464},{"$id":"788","type":0,"pos":2,"size":0.9,"_time":134.583,"shift":0,"time":134.583},{"$id":"789","type":0,"pos":-1.5,"size":0.9,"_time":134.8211,"shift":0,"time":134.8211},{"$id":"790","type":0,"pos":0.5,"size":0.9,"_time":134.9402,"shift":0,"time":134.9402},{"$id":"791","type":0,"pos":-2,"size":0.9,"_time":135.0592,"shift":0,"time":135.0592},{"$id":"792","type":0,"pos":-1,"size":1,"_time":135.2973,"shift":0,"time":135.2973},{"$id":"793","type":0,"pos":1,"size":1,"_time":135.2973,"shift":0,"time":135.2973},{"$id":"794","type":0,"pos":-1,"size":1,"_time":137.2021,"shift":0,"time":137.2021},{"$id":"795","type":0,"pos":2,"size":1,"_time":137.2021,"shift":0,"time":137.2021},{"$id":"796","type":0,"pos":2,"size":1,"_time":139.0473,"shift":0,"time":139.0473},{"$id":"797","type":0,"pos":1.5,"size":1,"_time":139.1069,"shift":0,"time":139.1069},{"$id":"798","type":0,"pos":-2,"size":1,"_time":139.1069,"shift":0,"time":139.1069}],"links":[{"notes":[{"$ref":"42"},{"$ref":"43"},{"$ref":"44"},{"$ref":"45"}]},{"notes":[{"$ref":"98"},{"$ref":"99"}]},{"notes":[{"$ref":"134"},{"$ref":"135"}]},{"notes":[{"$ref":"153"},{"$ref":"154"},{"$ref":"155"},{"$ref":"156"},{"$ref":"157"}]},{"notes":[{"$ref":"198"},{"$ref":"200"},{"$ref":"202"},{"$ref":"205"},{"$ref":"206"},{"$ref":"209"}]},{"notes":[{"$ref":"199"},{"$ref":"201"},{"$ref":"203"},{"$ref":"204"},{"$ref":"207"},{"$ref":"208"}]},{"notes":[{"$ref":"249"},{"$ref":"250"},{"$ref":"251"},{"$ref":"252"}]},{"notes":[{"$ref":"253"},{"$ref":"254"},{"$ref":"255"},{"$ref":"256"}]},{"notes":[{"$ref":"263"},{"$ref":"264"}]},{"notes":[{"$ref":"265"},{"$ref":"266"}]},{"notes":[{"$ref":"267"},{"$ref":"268"}]},{"notes":[{"$ref":"269"},{"$ref":"270"}]},{"notes":[{"$ref":"271"},{"$ref":"272"}]},{"notes":[{"$ref":"273"},{"$ref":"274"}]},{"notes":[{"$ref":"275"},{"$ref":"276"}]},{"notes":[{"$ref":"277"},{"$ref":"278"}]},{"notes":[{"$ref":"294"},{"$ref":"295"},{"$ref":"296"},{"$ref":"297"}]},{"notes":[{"$ref":"299"},{"$ref":"300"},{"$ref":"301"},{"$ref":"302"},{"$ref":"303"},{"$ref":"304"}]},{"notes":[{"$ref":"305"},{"$ref":"306"},{"$ref":"307"},{"$ref":"308"},{"$ref":"309"},{"$ref":"310"}]},{"notes":[{"$ref":"312"},{"$ref":"314"}]},{"notes":[{"$ref":"315"},{"$ref":"316"},{"$ref":"317"},{"$ref":"318"},{"$ref":"319"},{"$ref":"320"}]},{"notes":[{"$ref":"321"},{"$ref":"322"},{"$ref":"323"},{"$ref":"324"},{"$ref":"325"},{"$ref":"326"}]},{"notes":[{"$ref":"328"},{"$ref":"329"},{"$ref":"330"},{"$ref":"331"},{"$ref":"332"},{"$ref":"333"},{"$ref":"334"},{"$ref":"335"},{"$ref":"336"},{"$ref":"337"},{"$ref":"338"}]},{"notes":[{"$ref":"340"},{"$ref":"341"}]},{"notes":[{"$ref":"342"},{"$ref":"343"}]},{"notes":[{"$ref":"344"},{"$ref":"345"}]},{"notes":[{"$ref":"346"},{"$ref":"347"}]},{"notes":[{"$ref":"348"},{"$ref":"349"}]},{"notes":[{"$ref":"350"},{"$ref":"351"}]},{"notes":[{"$ref":"352"},{"$ref":"353"}]},{"notes":[{"$ref":"354"},{"$ref":"355"},{"$ref":"356"},{"$ref":"357"},{"$ref":"358"},{"$ref":"359"},{"$ref":"360"},{"$ref":"361"},{"$ref":"362"},{"$ref":"363"},{"$ref":"364"},{"$ref":"365"},{"$ref":"366"},{"$ref":"367"},{"$ref":"368"},{"$ref":"369"}]},{"notes":[{"$ref":"371"},{"$ref":"373"},{"$ref":"375"},{"$ref":"378"},{"$ref":"379"},{"$ref":"381"}]},{"notes":[{"$ref":"372"},{"$ref":"374"},{"$ref":"376"},{"$ref":"377"},{"$ref":"380"},{"$ref":"382"},{"$ref":"383"},{"$ref":"386"},{"$ref":"388"},{"$ref":"389"},{"$ref":"392"},{"$ref":"394"},{"$ref":"395"}]},{"notes":[{"$ref":"384"},{"$ref":"385"},{"$ref":"387"},{"$ref":"390"},{"$ref":"391"},{"$ref":"393"}]},{"notes":[{"$ref":"396"},{"$ref":"397"}]},{"notes":[{"$ref":"404"},{"$ref":"405"}]},{"notes":[{"$ref":"406"},{"$ref":"407"}]},{"notes":[{"$ref":"408"},{"$ref":"409"}]},{"notes":[{"$ref":"410"},{"$ref":"411"}]},{"notes":[{"$ref":"422"},{"$ref":"423"},{"$ref":"424"}]},{"notes":[{"$ref":"430"},{"$ref":"431"},{"$ref":"432"},{"$ref":"433"}]},{"notes":[{"$ref":"438"},{"$ref":"439"}]},{"notes":[{"$ref":"440"},{"$ref":"441"}]},{"notes":[{"$ref":"442"},{"$ref":"443"}]},{"notes":[{"$ref":"444"},{"$ref":"445"}]},{"notes":[{"$ref":"446"},{"$ref":"447"}]},{"notes":[{"$ref":"448"},{"$ref":"449"}]},{"notes":[{"$ref":"450"},{"$ref":"451"}]},{"notes":[{"$ref":"452"},{"$ref":"453"}]},{"notes":[{"$ref":"477"},{"$ref":"478"},{"$ref":"479"},{"$ref":"480"}]},{"notes":[{"$ref":"632"},{"$ref":"633"}]},{"notes":[{"$ref":"653"},{"$ref":"654"},{"$ref":"655"}]},{"notes":[{"$ref":"661"},{"$ref":"662"},{"$ref":"663"},{"$ref":"664"}]},{"notes":[{"$ref":"669"},{"$ref":"670"}]},{"notes":[{"$ref":"671"},{"$ref":"672"}]},{"notes":[{"$ref":"673"},{"$ref":"674"}]},{"notes":[{"$ref":"675"},{"$ref":"676"}]},{"notes":[{"$ref":"677"},{"$ref":"678"}]},{"notes":[{"$ref":"679"},{"$ref":"680"}]},{"notes":[{"$ref":"681"},{"$ref":"682"}]},{"notes":[{"$ref":"683"},{"$ref":"684"}]},{"notes":[{"$ref":"697"},{"$ref":"698"},{"$ref":"699"}]},{"notes":[{"$ref":"706"},{"$ref":"707"}]},{"notes":[{"$ref":"715"},{"$ref":"716"}]},{"notes":[{"$ref":"717"},{"$ref":"718"}]},{"notes":[{"$ref":"732"},{"$ref":"733"},{"$ref":"734"},{"$ref":"735"}]},{"notes":[{"$ref":"744"},{"$ref":"745"},{"$ref":"746"},{"$ref":"747"}]},{"notes":[{"$ref":"778"},{"$ref":"779"},{"$ref":"780"},{"$ref":"781"}]},{"notes":[{"$ref":"796"},{"$ref":"797"}]}]}