{
    "speed": 0,
    "notes": [
        {
            "$id": "1",
            "type": 0,
            "sounds": [
                {
                    "w": 0,
                    "d": 0,
                    "p": 60,
                    "v": 0
                }
            ],
            "pos": 0.4977003,
            "size": 0.6,
            "_time": 1.606327,
            "shift": 0,
            "time": 1.606327
        },
        {
            "$id": "2",
            "type": 0,
            "sounds": [
                {
                    "w": 0,
                    "d": 0,
                    "p": 60,
                    "v": 0
                }
            ],
            "pos": -1.496732,
            "size": 1.3,
            "_time": 1.657971,
            "shift": 0,
            "time": 1.657971
        },
        {
            "$id": "3",
            "type": 0,
            "sounds": [
                {
                    "w": 0,
                    "d": 0,
                    "p": 60,
                    "v": 0
                }
            ],
            "pos": 0.4775664,
            "size": 0.6,
            "_time": 1.658051,
            "shift": 0,
            "time": 1.658051
        },
        {
            "$id": "4",
            "type": 0,
            "sounds": [
                {
                    "w": 0,
                    "d": 0,
                    "p": 60,
                    "v": 0
                }
            ],
            "pos": 0.477566,
            "size": 0.6,
            "_time": 1.658051,
            "shift": 0,
            "time": 1.658051
        },
        {
            "$id": "5",
            "type": 0,
            "sounds": [
                {
                    "w": 0,
                    "d": 0,
                    "p": 60,
                    "v": 0
                }
            ],
            "pos": 0.5809883,
            "size": 0.6,
            "_time": 1.709775,
            "shift": 0,
            "time": 1.709775
        },
        {
            "$id": "6",
            "type": 0,
            "sounds": [
                {
                    "w": 0,
                    "d": 0,
                    "p": 60,
                    "v": 0
                }
            ],
            "pos": 0.5809883,
            "size": 0.6,
            "_time": 1.709775,
            "shift": 0,
            "time": 1.709775
        },
        {
            "$id": "7",
            "type": 0,
            "sounds": [
                {
                    "w": 0,
                    "d": 0,
                    "p": 60,
                    "v": 0
                }
            ],
            "pos": 0.7616916,
            "size": 0.6,
            "_time": 1.761499,
            "shift": 0,
            "time": 1.761499
        },
        {
            "$id": "8",
            "type": 0,
            "sounds": [
                {
                    "w": 0,
                    "d": 0,
                    "p": 60,
                    "v": 0
                }
            ],
            "pos": 0.7616916,
            "size": 0.6,
            "_time": 1.761499,
            "shift": 0,
            "time": 1.761499
        },
        {
            "$id": "9",
            "type": 0,
            "sounds": [
                {
                    "w": 0,
                    "d": 0,
                    "p": 60,
                    "v": 0
                }
            ],
            "pos": 1.046749,
            "size": 0.6,
            "_time": 1.813223,
            "shift": 0,
            "time": 1.813223
        },
        {
            "$id": "10",
            "type": 0,
            "sounds": [
                {
                    "w": 0,
                    "d": 0,
                    "p": 60,
                    "v": 0
                }
            ],
            "pos": 1.046749,
            "size": 0.6,
            "_time": 1.813223,
            "shift": 0,
            "time": 1.813223
        },
        {
            "$id": "11",
            "type": 0,
            "sounds": [
                {
                    "w": 0,
                    "d": 0,
                    "p": 60,
                    "v": 0
                }
            ],
            "pos": 1.396582,
            "size": 0.6,
            "_time": 1.864947,
            "shift": 0,
            "time": 1.864947
        },
        {
            "$id": "12",
            "type": 0,
            "sounds": [
                {
                    "w": 0,
                    "d": 0,
                    "p": 60,
                    "v": 0
                }
            ],
            "pos": -1.0024,
            "size": 1.3,
            "_time": 2.120689,
            "shift": 0,
            "time": 2.120689
        },
        {
            "$id": "13",
            "type": 0,
            "sounds": [
                {
                    "w": 0,
                    "d": 0,
                    "p": 60,
                    "v": 0
                }
            ],
            "pos": -0.5024,
            "size": 1.3,
            "_time": 2.534482,
            "shift": 0,
            "time": 2.534482
        },
        {
            "$id": "14",
            "type": 0,
            "sounds": [
                {
                    "w": 0,
                    "d": 0,
                    "p": 60,
                    "v": 0
                }
            ],
            "pos": 1.4976,
            "size": 0.6,
            "_time": 2.637931,
            "shift": 0,
            "time": 2.637931
        },
        {
            "$id": "15",
            "type": 0,
            "sounds": [
                {
                    "w": 0,
                    "d": 0,
                    "p": 60,
                    "v": 0
                }
            ],
            "pos": 0.9976,
            "size": 0.6,
            "_time": 2.844827,
            "shift": 0,
            "time": 2.844827
        },
        {
            "$id": "16",
            "type": 0,
            "sounds": [
                {
                    "w": 0,
                    "d": 0,
                    "p": 60,
                    "v": 0
                }
            ],
            "pos": 0.4976,
            "size": 0.6,
            "_time": 3.051724,
            "shift": 0,
            "time": 3.051724
        },
        {
            "$id": "17",
            "type": 0,
            "sounds": [
                {
                    "w": 0,
                    "d": 0,
                    "p": 60,
                    "v": 0
                }
            ],
            "pos": -0.002399996,
            "size": 0.6,
            "_time": 3.310344,
            "shift": 0,
            "time": 3.310344
        },
        {
            "$id": "18",
            "type": 0,
            "sounds": [
                {
                    "w": 0,
                    "d": 0,
                    "p": 60,
                    "v": 0
                }
            ],
            "pos": -1.5024,
            "size": 1.3,
            "_time": 3.310344,
            "shift": 0,
            "time": 3.310344
        },
        {
            "$id": "19",
            "type": 0,
            "sounds": [
                {
                    "w": 0,
                    "d": 0,
                    "p": 60,
                    "v": 0
                }
            ],
            "pos": -1.002382,
            "size": 1.3,
            "_time": 3.724138,
            "shift": 0,
            "time": 3.724138
        },
        {
            "$id": "20",
            "type": 0,
            "sounds": [
                {
                    "w": 0,
                    "d": 0,
                    "p": 60,
                    "v": 0
                }
            ],
            "pos": -0.5023822,
            "size": 1.3,
            "_time": 4.13793,
            "shift": 0,
            "time": 4.13793
        },
        {
            "$id": "21",
            "type": 0,
            "sounds": [
                {
                    "w": 0,
                    "d": 0,
                    "p": 60,
                    "v": 0
                }
            ],
            "pos": -0.002399996,
            "size": 0.9,
            "_time": 4.5,
            "shift": 0,
            "time": 4.5
        },
        {
            "$id": "22",
            "type": 0,
            "sounds": [
                {
                    "w": 0,
                    "d": 0,
                    "p": 60,
                    "v": 0
                }
            ],
            "pos": 0.3,
            "size": 0.9,
            "_time": 4.603449,
            "shift": 0,
            "time": 4.603449
        },
        {
            "$id": "23",
            "type": 0,
            "sounds": [
                {
                    "w": 0,
                    "d": 0,
                    "p": 60,
                    "v": 0
                }
            ],
            "pos": -1.002221,
            "size": 1.3,
            "_time": 4.912414,
            "shift": 0,
            "time": 4.912414
        },
        {
            "$id": "24",
            "type": 0,
            "sounds": [
                {
                    "w": 0,
                    "d": 0,
                    "p": 60,
                    "v": 0
                }
            ],
            "pos": 0.4977795,
            "size": 0.7,
            "_time": 4.912414,
            "shift": 0,
            "time": 4.912414
        },
        {
            "$id": "25",
            "type": 0,
            "sounds": [
                {
                    "w": 0,
                    "d": 0,
                    "p": 60,
                    "v": 0
                }
            ],
            "pos": -1.502221,
            "size": 1.3,
            "_time": 5.326208,
            "shift": 0,
            "time": 5.326208
        },
        {
            "$id": "26",
            "type": 0,
            "sounds": [
                {
                    "w": 0,
                    "d": 0,
                    "p": 60,
                    "v": 0
                }
            ],
            "pos": -1.502221,
            "size": 1.3,
            "_time": 5.740001,
            "shift": 0,
            "time": 5.740001
        },
        {
            "$id": "27",
            "type": 0,
            "sounds": [
                {
                    "w": 0,
                    "d": 0,
                    "p": 60,
                    "v": 0
                }
            ],
            "pos": 0.518015,
            "size": 0.7,
            "_time": 5.743101,
            "shift": 0,
            "time": 5.743101
        },
        {
            "$id": "28",
            "type": 0,
            "sounds": [
                {
                    "w": 0,
                    "d": 0,
                    "p": 60,
                    "v": 0
                }
            ],
            "pos": 0.851434,
            "size": 0.6,
            "_time": 5.760859,
            "shift": 0,
            "time": 5.760859
        },
        {
            "$id": "29",
            "type": 0,
            "sounds": [
                {
                    "w": 0,
                    "d": 0,
                    "p": 60,
                    "v": 0
                }
            ],
            "pos": 1.184835,
            "size": 0.6,
            "_time": 5.778617,
            "shift": 0,
            "time": 5.778617
        },
        {
            "$id": "30",
            "type": 0,
            "sounds": [
                {
                    "w": 0,
                    "d": 0,
                    "p": 60,
                    "v": 0
                }
            ],
            "pos": 0.4976,
            "size": 0.6,
            "_time": 6.517242,
            "shift": 0,
            "time": 6.517242
        },
        {
            "$id": "31",
            "type": 0,
            "sounds": [
                {
                    "w": 0,
                    "d": 0,
                    "p": 60,
                    "v": 0
                }
            ],
            "pos": -1.0024,
            "size": 1.3,
            "_time": 6.517242,
            "shift": 0,
            "time": 6.517242
        },
        {
            "$id": "32",
            "type": 0,
            "sounds": [
                {
                    "w": 0,
                    "d": 0,
                    "p": 60,
                    "v": 0
                }
            ],
            "pos": -1.5024,
            "size": 1.3,
            "_time": 6.982759,
            "shift": 0,
            "time": 6.982759
        },
        {
            "$id": "33",
            "type": 0,
            "sounds": [
                {
                    "w": 0,
                    "d": 0,
                    "p": 60,
                    "v": 0
                }
            ],
            "pos": -0.5024,
            "size": 1.3,
            "_time": 7.396552,
            "shift": 0,
            "time": 7.396552
        },
        {
            "$id": "34",
            "type": 0,
            "sounds": [
                {
                    "w": 0,
                    "d": 0,
                    "p": 60,
                    "v": 0
                }
            ],
            "pos": 1.510165,
            "size": 0.6,
            "_time": 7.400959,
            "shift": 0,
            "time": 7.400959
        },
        {
            "$id": "35",
            "type": 0,
            "sounds": [
                {
                    "w": 0,
                    "d": 0,
                    "p": 60,
                    "v": 0
                }
            ],
            "pos": 1.269271,
            "size": 0.6,
            "_time": 7.427628,
            "shift": 0,
            "time": 7.427628
        },
        {
            "$id": "36",
            "type": 0,
            "sounds": [
                {
                    "w": 0,
                    "d": 0,
                    "p": 60,
                    "v": 0
                }
            ],
            "pos": 1.028378,
            "size": 0.6,
            "_time": 7.454297,
            "shift": 0,
            "time": 7.454297
        },
        {
            "$id": "37",
            "type": 0,
            "sounds": [
                {
                    "w": 0,
                    "d": 0,
                    "p": 60,
                    "v": 0
                }
            ],
            "pos": 0.4911233,
            "size": 0.6,
            "_time": 8.226814,
            "shift": 0,
            "time": 8.226814
        },
        {
            "$id": "38",
            "type": 0,
            "sounds": [
                {
                    "w": 0,
                    "d": 0,
                    "p": 60,
                    "v": 0
                }
            ],
            "pos": -1.503309,
            "size": 1.3,
            "_time": 8.278459,
            "shift": 0,
            "time": 8.278459
        },
        {
            "$id": "39",
            "type": 0,
            "sounds": [
                {
                    "w": 0,
                    "d": 0,
                    "p": 60,
                    "v": 0
                }
            ],
            "pos": 0.470989,
            "size": 0.6,
            "_time": 8.278539,
            "shift": 0,
            "time": 8.278539
        },
        {
            "$id": "40",
            "type": 0,
            "sounds": [
                {
                    "w": 0,
                    "d": 0,
                    "p": 60,
                    "v": 0
                }
            ],
            "pos": 0.4709893,
            "size": 0.6,
            "_time": 8.278539,
            "shift": 0,
            "time": 8.278539
        },
        {
            "$id": "41",
            "type": 0,
            "sounds": [
                {
                    "w": 0,
                    "d": 0,
                    "p": 60,
                    "v": 0
                }
            ],
            "pos": 0.5744113,
            "size": 0.6,
            "_time": 8.330262,
            "shift": 0,
            "time": 8.330262
        },
        {
            "$id": "42",
            "type": 0,
            "sounds": [
                {
                    "w": 0,
                    "d": 0,
                    "p": 60,
                    "v": 0
                }
            ],
            "pos": 0.5744113,
            "size": 0.6,
            "_time": 8.330262,
            "shift": 0,
            "time": 8.330262
        },
        {
            "$id": "43",
            "type": 0,
            "sounds": [
                {
                    "w": 0,
                    "d": 0,
                    "p": 60,
                    "v": 0
                }
            ],
            "pos": 0.7551146,
            "size": 0.6,
            "_time": 8.381987,
            "shift": 0,
            "time": 8.381987
        },
        {
            "$id": "44",
            "type": 0,
            "sounds": [
                {
                    "w": 0,
                    "d": 0,
                    "p": 60,
                    "v": 0
                }
            ],
            "pos": 0.7551146,
            "size": 0.6,
            "_time": 8.381987,
            "shift": 0,
            "time": 8.381987
        },
        {
            "$id": "45",
            "type": 0,
            "sounds": [
                {
                    "w": 0,
                    "d": 0,
                    "p": 60,
                    "v": 0
                }
            ],
            "pos": 1.040172,
            "size": 0.6,
            "_time": 8.433711,
            "shift": 0,
            "time": 8.433711
        },
        {
            "$id": "46",
            "type": 0,
            "sounds": [
                {
                    "w": 0,
                    "d": 0,
                    "p": 60,
                    "v": 0
                }
            ],
            "pos": 1.040172,
            "size": 0.6,
            "_time": 8.433711,
            "shift": 0,
            "time": 8.433711
        },
        {
            "$id": "47",
            "type": 0,
            "sounds": [
                {
                    "w": 0,
                    "d": 0,
                    "p": 60,
                    "v": 0
                }
            ],
            "pos": 1.390005,
            "size": 0.6,
            "_time": 8.485435,
            "shift": 0,
            "time": 8.485435
        },
        {
            "$id": "48",
            "type": 0,
            "sounds": [
                {
                    "w": 0,
                    "d": 0,
                    "p": 60,
                    "v": 0
                }
            ],
            "pos": -1.008977,
            "size": 1.3,
            "_time": 8.741177,
            "shift": 0,
            "time": 8.741177
        },
        {
            "$id": "49",
            "type": 0,
            "sounds": [
                {
                    "w": 0,
                    "d": 0,
                    "p": 60,
                    "v": 0
                }
            ],
            "pos": -0.508977,
            "size": 1.3,
            "_time": 9.15497,
            "shift": 0,
            "time": 9.15497
        },
        {
            "$id": "50",
            "type": 0,
            "sounds": [
                {
                    "w": 0,
                    "d": 0,
                    "p": 60,
                    "v": 0
                }
            ],
            "pos": 1.4976,
            "size": 0.6,
            "_time": 9.258619,
            "shift": 0,
            "time": 9.258619
        },
        {
            "$id": "51",
            "type": 0,
            "sounds": [
                {
                    "w": 0,
                    "d": 0,
                    "p": 60,
                    "v": 0
                }
            ],
            "pos": 0.9976,
            "size": 0.6,
            "_time": 9.465517,
            "shift": 0,
            "time": 9.465517
        },
        {
            "$id": "52",
            "type": 0,
            "sounds": [
                {
                    "w": 0,
                    "d": 0,
                    "p": 60,
                    "v": 0
                }
            ],
            "pos": 0.4976,
            "size": 0.6,
            "_time": 9.672412,
            "shift": 0,
            "time": 9.672412
        },
        {
            "$id": "53",
            "type": 0,
            "sounds": [
                {
                    "w": 0,
                    "d": 0,
                    "p": 60,
                    "v": 0
                }
            ],
            "pos": -0.002399996,
            "size": 0.6,
            "_time": 9.931034,
            "shift": 0,
            "time": 9.931034
        },
        {
            "$id": "54",
            "type": 0,
            "sounds": [
                {
                    "w": 0,
                    "d": 0,
                    "p": 60,
                    "v": 0
                }
            ],
            "pos": -1.5024,
            "size": 1.3,
            "_time": 9.931034,
            "shift": 0,
            "time": 9.931034
        },
        {
            "$id": "55",
            "type": 0,
            "sounds": [
                {
                    "w": 0,
                    "d": 0,
                    "p": 60,
                    "v": 0
                }
            ],
            "pos": -1.0024,
            "size": 1.3,
            "_time": 10.34482,
            "shift": 0,
            "time": 10.34482
        },
        {
            "$id": "56",
            "type": 0,
            "sounds": [
                {
                    "w": 0,
                    "d": 0,
                    "p": 60,
                    "v": 0
                }
            ],
            "pos": -0.5024,
            "size": 1.3,
            "_time": 10.75862,
            "shift": 0,
            "time": 10.75862
        },
        {
            "$id": "57",
            "type": 0,
            "sounds": [
                {
                    "w": 0,
                    "d": 0,
                    "p": 60,
                    "v": 0
                }
            ],
            "pos": -0.5229274,
            "size": 0.9,
            "_time": 11.12455,
            "shift": 0,
            "time": 11.12455
        },
        {
            "$id": "58",
            "type": 0,
            "sounds": [
                {
                    "w": 0,
                    "d": 0,
                    "p": 60,
                    "v": 0
                }
            ],
            "pos": -0.2691045,
            "size": 0.9,
            "_time": 11.22607,
            "shift": 0,
            "time": 11.22607
        },
        {
            "$id": "59",
            "type": 0,
            "sounds": [
                {
                    "w": 0,
                    "d": 0,
                    "p": 60,
                    "v": 0
                }
            ],
            "pos": -1.0024,
            "size": 1.3,
            "_time": 11.48276,
            "shift": 0,
            "time": 11.48276
        },
        {
            "$id": "60",
            "type": 0,
            "sounds": [
                {
                    "w": 0,
                    "d": 0,
                    "p": 60,
                    "v": 0
                }
            ],
            "pos": 0.4842859,
            "size": 0.7,
            "_time": 11.48465,
            "shift": 0,
            "time": 11.48465
        },
        {
            "$id": "61",
            "type": 0,
            "sounds": [
                {
                    "w": 0,
                    "d": 0,
                    "p": 60,
                    "v": 0
                }
            ],
            "pos": -1.5024,
            "size": 1.3,
            "_time": 11.89655,
            "shift": 0,
            "time": 11.89655
        },
        {
            "$id": "62",
            "type": 0,
            "sounds": [
                {
                    "w": 0,
                    "d": 0,
                    "p": 60,
                    "v": 0
                }
            ],
            "pos": -0.01916099,
            "size": 0.7,
            "_time": 12.31163,
            "shift": 0,
            "time": 12.31163
        },
        {
            "$id": "63",
            "type": 0,
            "sounds": [
                {
                    "w": 0,
                    "d": 0,
                    "p": 60,
                    "v": 0
                }
            ],
            "pos": -1.490695,
            "size": 1.3,
            "_time": 12.31271,
            "shift": 0,
            "time": 12.31271
        },
        {
            "$id": "64",
            "type": 0,
            "sounds": [
                {
                    "w": 0,
                    "d": 0,
                    "p": 60,
                    "v": 0
                }
            ],
            "pos": 0.314258,
            "size": 0.6,
            "_time": 12.32939,
            "shift": 0,
            "time": 12.32939
        },
        {
            "$id": "65",
            "type": 0,
            "sounds": [
                {
                    "w": 0,
                    "d": 0,
                    "p": 60,
                    "v": 0
                }
            ],
            "pos": 0.647659,
            "size": 0.6,
            "_time": 12.34715,
            "shift": 0,
            "time": 12.34715
        },
        {
            "$id": "66",
            "type": 0,
            "sounds": [
                {
                    "w": 0,
                    "d": 0,
                    "p": 60,
                    "v": 0
                }
            ],
            "pos": -2,
            "size": 1.3,
            "_time": 13.19168,
            "shift": 0,
            "time": 13.19168
        },
        {
            "$id": "67",
            "type": 0,
            "sounds": [
                {
                    "w": 0,
                    "d": 0,
                    "p": 60,
                    "v": 0
                }
            ],
            "pos": 0.5008167,
            "size": 0.7,
            "_time": 13.19168,
            "shift": 0,
            "time": 13.19168
        },
        {
            "$id": "68",
            "type": 0,
            "sounds": [
                {
                    "w": 0,
                    "d": 0,
                    "p": 60,
                    "v": 0
                }
            ],
            "pos": -1.490695,
            "size": 1.3,
            "_time": 13.55618,
            "shift": 0,
            "time": 13.55618
        },
        {
            "$id": "69",
            "type": 0,
            "sounds": [
                {
                    "w": 0,
                    "d": 0,
                    "p": 60,
                    "v": 0
                }
            ],
            "pos": -1.479947,
            "size": 1.2,
            "_time": 13.96616,
            "shift": 0,
            "time": 13.96616
        },
        {
            "$id": "70",
            "type": 0,
            "sounds": [
                {
                    "w": 0,
                    "d": 0,
                    "p": 60,
                    "v": 0
                }
            ],
            "pos": 0.1696663,
            "size": 0.7,
            "_time": 13.96685,
            "shift": 0,
            "time": 13.96685
        },
        {
            "$id": "71",
            "type": 0,
            "sounds": [
                {
                    "w": 0,
                    "d": 0,
                    "p": 60,
                    "v": 0
                }
            ],
            "pos": 0.5470893,
            "size": 0.7,
            "_time": 13.99244,
            "shift": 0,
            "time": 13.99244
        },
        {
            "$id": "72",
            "type": 0,
            "sounds": [
                {
                    "w": 0,
                    "d": 0,
                    "p": 60,
                    "v": 0
                }
            ],
            "pos": -1.285211,
            "size": 1,
            "_time": 13.99978,
            "shift": 0,
            "time": 13.99978
        },
        {
            "$id": "73",
            "type": 0,
            "sounds": [
                {
                    "w": 0,
                    "d": 0,
                    "p": 60,
                    "v": 0
                }
            ],
            "pos": -0.7251006,
            "size": 1.2,
            "_time": 14.01734,
            "shift": 0,
            "time": 14.01734
        },
        {
            "$id": "74",
            "type": 0,
            "sounds": [
                {
                    "w": 0,
                    "d": 0,
                    "p": 60,
                    "v": 0
                }
            ],
            "pos": 0.9245123,
            "size": 0.7,
            "_time": 14.01803,
            "shift": 0,
            "time": 14.01803
        },
        {
            "$id": "75",
            "type": 0,
            "sounds": [
                {
                    "w": 0,
                    "d": 0,
                    "p": 60,
                    "v": 0
                }
            ],
            "pos": 1.4976,
            "size": 0.6,
            "_time": 14.84483,
            "shift": 0,
            "time": 14.84483
        },
        {
            "$id": "76",
            "type": 0,
            "sounds": [
                {
                    "w": 0,
                    "d": 0,
                    "p": 60,
                    "v": 0
                }
            ],
            "pos": -0.5024,
            "size": 1.1,
            "_time": 14.84483,
            "shift": 0,
            "time": 14.84483
        },
        {
            "$id": "77",
            "type": 0,
            "sounds": [
                {
                    "w": 0,
                    "d": 0,
                    "p": 60,
                    "v": 0
                }
            ],
            "pos": -0.5024,
            "size": 1.1,
            "_time": 15.25862,
            "shift": 0,
            "time": 15.25862
        },
        {
            "$id": "78",
            "type": 0,
            "sounds": [
                {
                    "w": 0,
                    "d": 0,
                    "p": 60,
                    "v": 0
                }
            ],
            "pos": 1.519437,
            "size": 0.6,
            "_time": 15.6763,
            "shift": 0,
            "time": 15.6763
        },
        {
            "$id": "79",
            "type": 0,
            "sounds": [
                {
                    "w": 0,
                    "d": 0,
                    "p": 60,
                    "v": 0
                }
            ],
            "pos": 1.912005,
            "size": 0.6,
            "_time": 15.88001,
            "shift": 0,
            "time": 15.88001
        },
        {
            "$id": "80",
            "type": 0,
            "sounds": [
                {
                    "w": 0,
                    "d": 0,
                    "p": 60,
                    "v": 0
                }
            ],
            "pos": 0.506173,
            "size": 1,
            "_time": 15.88107,
            "shift": 0,
            "time": 15.88107
        },
        {
            "$id": "81",
            "type": 0,
            "sounds": [
                {
                    "w": 0,
                    "d": 0,
                    "p": 60,
                    "v": 0
                }
            ],
            "pos": 1.4976,
            "size": 0.6,
            "_time": 16.08621,
            "shift": 0,
            "time": 16.08621
        },
        {
            "$id": "82",
            "type": 0,
            "sounds": [
                {
                    "w": 0,
                    "d": 0,
                    "p": 60,
                    "v": 0
                }
            ],
            "pos": 0.3,
            "size": 1,
            "_time": 16.08621,
            "shift": 0,
            "time": 16.08621
        },
        {
            "$id": "83",
            "type": 0,
            "sounds": [
                {
                    "w": 0,
                    "d": 0,
                    "p": 60,
                    "v": 0
                }
            ],
            "pos": 0.9976,
            "size": 0.6,
            "_time": 16.29311,
            "shift": 0,
            "time": 16.29311
        },
        {
            "$id": "84",
            "type": 0,
            "sounds": [
                {
                    "w": 0,
                    "d": 0,
                    "p": 60,
                    "v": 0
                }
            ],
            "pos": -0.5024,
            "size": 1,
            "_time": 16.29311,
            "shift": 0,
            "time": 16.29311
        },
        {
            "$id": "85",
            "type": 0,
            "sounds": [
                {
                    "w": 0,
                    "d": 0,
                    "p": 60,
                    "v": 0
                }
            ],
            "pos": 0.8369781,
            "size": 0.8,
            "_time": 16.50244,
            "shift": 0,
            "time": 16.50244
        },
        {
            "$id": "86",
            "type": 0,
            "sounds": [
                {
                    "w": 0,
                    "d": 0,
                    "p": 60,
                    "v": 0
                }
            ],
            "pos": -0.5688536,
            "size": 1.5,
            "_time": 16.5035,
            "shift": 0,
            "time": 16.5035
        },
        {
            "$id": "87",
            "type": 0,
            "sounds": [
                {
                    "w": 0,
                    "d": 0,
                    "p": 60,
                    "v": 0
                }
            ],
            "pos": -0.9920252,
            "size": 1,
            "_time": 16.91658,
            "shift": 0,
            "time": 16.91658
        },
        {
            "$id": "88",
            "type": 0,
            "sounds": [
                {
                    "w": 0,
                    "d": 0,
                    "p": 60,
                    "v": 0
                }
            ],
            "pos": -0.002399996,
            "size": 1.3,
            "_time": 17.32759,
            "shift": 0,
            "time": 17.32759
        },
        {
            "$id": "89",
            "type": 0,
            "sounds": [
                {
                    "w": 0,
                    "d": 0,
                    "p": 60,
                    "v": 0
                }
            ],
            "pos": 0.8023202,
            "size": 0.6,
            "_time": 17.69125,
            "shift": 0,
            "time": 17.69125
        },
        {
            "$id": "90",
            "type": 0,
            "sounds": [
                {
                    "w": 0,
                    "d": 0,
                    "p": 60,
                    "v": 0
                }
            ],
            "pos": -0.6035115,
            "size": 1,
            "_time": 17.69231,
            "shift": 0,
            "time": 17.69231
        },
        {
            "$id": "91",
            "type": 0,
            "sounds": [
                {
                    "w": 0,
                    "d": 0,
                    "p": 60,
                    "v": 0
                }
            ],
            "pos": -0.1475955,
            "size": 1,
            "_time": 17.84393,
            "shift": 0,
            "time": 17.84393
        },
        {
            "$id": "92",
            "type": 0,
            "sounds": [
                {
                    "w": 0,
                    "d": 0,
                    "p": 60,
                    "v": 0
                }
            ],
            "pos": 1.050005,
            "size": 0.6,
            "_time": 17.84393,
            "shift": 0,
            "time": 17.84393
        },
        {
            "$id": "93",
            "type": 0,
            "sounds": [
                {
                    "w": 0,
                    "d": 0,
                    "p": 60,
                    "v": 0
                }
            ],
            "pos": -0.002399996,
            "size": 1,
            "_time": 18.10345,
            "shift": 0,
            "time": 18.10345
        },
        {
            "$id": "94",
            "type": 0,
            "sounds": [
                {
                    "w": 0,
                    "d": 0,
                    "p": 60,
                    "v": 0
                }
            ],
            "pos": 0.9976,
            "size": 0.8,
            "_time": 18.10345,
            "shift": 0,
            "time": 18.10345
        },
        {
            "$id": "95",
            "type": 0,
            "sounds": [
                {
                    "w": 0,
                    "d": 0,
                    "p": 60,
                    "v": 0
                }
            ],
            "pos": -1.014292,
            "size": 1.3,
            "_time": 18.51917,
            "shift": 0,
            "time": 18.51917
        },
        {
            "$id": "96",
            "type": 0,
            "sounds": [
                {
                    "w": 0,
                    "d": 0,
                    "p": 60,
                    "v": 0
                }
            ],
            "pos": -0.5142915,
            "size": 1.3,
            "_time": 18.98469,
            "shift": 0,
            "time": 18.98469
        },
        {
            "$id": "97",
            "type": 0,
            "sounds": [
                {
                    "w": 0,
                    "d": 0,
                    "p": 60,
                    "v": 0
                }
            ],
            "pos": 1.492245,
            "size": 0.8,
            "_time": 19.29681,
            "shift": 0,
            "time": 19.29681
        },
        {
            "$id": "98",
            "type": 0,
            "sounds": [
                {
                    "w": 0,
                    "d": 0,
                    "p": 60,
                    "v": 0
                }
            ],
            "pos": 0.4922453,
            "size": 1,
            "_time": 19.29681,
            "shift": 0,
            "time": 19.29681
        },
        {
            "$id": "99",
            "type": 0,
            "sounds": [
                {
                    "w": 0,
                    "d": 0,
                    "p": 60,
                    "v": 0
                }
            ],
            "pos": 0.9921038,
            "size": 0.6,
            "_time": 19.39792,
            "shift": 0,
            "time": 19.39792
        },
        {
            "$id": "100",
            "type": 0,
            "sounds": [
                {
                    "w": 0,
                    "d": 0,
                    "p": 60,
                    "v": 0
                }
            ],
            "pos": -0.2054963,
            "size": 1,
            "_time": 19.39792,
            "shift": 0,
            "time": 19.39792
        },
        {
            "$id": "101",
            "type": 0,
            "sounds": [
                {
                    "w": 0,
                    "d": 0,
                    "p": 60,
                    "v": 0
                }
            ],
            "pos": 0.6049243,
            "size": 0.6,
            "_time": 19.66159,
            "shift": 0,
            "time": 19.66159
        },
        {
            "$id": "102",
            "type": 0,
            "sounds": [
                {
                    "w": 0,
                    "d": 0,
                    "p": 60,
                    "v": 0
                }
            ],
            "pos": -0.8009074,
            "size": 1,
            "_time": 19.66265,
            "shift": 0,
            "time": 19.66265
        },
        {
            "$id": "103",
            "type": 0,
            "sounds": [
                {
                    "w": 0,
                    "d": 0,
                    "p": 60,
                    "v": 0
                }
            ],
            "pos": 0.4595991,
            "size": 0.6,
            "_time": 19.69096,
            "shift": 0,
            "time": 19.69096
        },
        {
            "$id": "104",
            "type": 0,
            "sounds": [
                {
                    "w": 0,
                    "d": 0,
                    "p": 60,
                    "v": 0
                }
            ],
            "pos": -0.9462326,
            "size": 1,
            "_time": 19.69202,
            "shift": 0,
            "time": 19.69202
        },
        {
            "$id": "105",
            "type": 0,
            "sounds": [
                {
                    "w": 0,
                    "d": 0,
                    "p": 60,
                    "v": 0
                }
            ],
            "pos": 0.07992084,
            "size": 0.6,
            "_time": 19.71269,
            "shift": 0,
            "time": 19.71269
        },
        {
            "$id": "106",
            "type": 0,
            "sounds": [
                {
                    "w": 0,
                    "d": 0,
                    "p": 60,
                    "v": 0
                }
            ],
            "pos": -1.325911,
            "size": 1,
            "_time": 19.71375,
            "shift": 0,
            "time": 19.71375
        },
        {
            "$id": "107",
            "type": 0,
            "sounds": [
                {
                    "w": 0,
                    "d": 0,
                    "p": 60,
                    "v": 0
                }
            ],
            "pos": -1.36941,
            "size": 1.3,
            "_time": 20.12318,
            "shift": 0,
            "time": 20.12318
        },
        {
            "$id": "108",
            "type": 0,
            "sounds": [
                {
                    "w": 0,
                    "d": 0,
                    "p": 60,
                    "v": 0
                }
            ],
            "pos": -1.0024,
            "size": 1,
            "_time": 20.53448,
            "shift": 0,
            "time": 20.53448
        },
        {
            "$id": "109",
            "type": 0,
            "sounds": [
                {
                    "w": 0,
                    "d": 0,
                    "p": 60,
                    "v": 0
                }
            ],
            "pos": -0.002399996,
            "size": 0.7,
            "_time": 20.53448,
            "shift": 0,
            "time": 20.53448
        },
        {
            "$id": "110",
            "type": 0,
            "sounds": [
                {
                    "w": 0,
                    "d": 0,
                    "p": 60,
                    "v": 0
                }
            ],
            "pos": 1.207672,
            "size": 0.7,
            "_time": 20.948,
            "shift": 0,
            "time": 20.948
        },
        {
            "$id": "111",
            "type": 0,
            "sounds": [
                {
                    "w": 0,
                    "d": 0,
                    "p": 60,
                    "v": 0
                }
            ],
            "pos": -0.7919999,
            "size": 1.3,
            "_time": 20.948,
            "shift": 0,
            "time": 20.948
        },
        {
            "$id": "112",
            "type": 0,
            "sounds": [
                {
                    "w": 0,
                    "d": 0,
                    "p": 60,
                    "v": 0
                }
            ],
            "pos": -0.5024,
            "size": 1,
            "_time": 21.36207,
            "shift": 0,
            "time": 21.36207
        },
        {
            "$id": "113",
            "type": 0,
            "sounds": [
                {
                    "w": 0,
                    "d": 0,
                    "p": 60,
                    "v": 0
                }
            ],
            "pos": 0.4976,
            "size": 0.7,
            "_time": 21.36207,
            "shift": 0,
            "time": 21.36207
        },
        {
            "$id": "114",
            "type": 0,
            "sounds": [
                {
                    "w": 0,
                    "d": 0,
                    "p": 60,
                    "v": 0
                }
            ],
            "pos": -1.5,
            "size": 1.3,
            "_time": 21.77586,
            "shift": 0,
            "time": 21.77586
        },
        {
            "$id": "115",
            "type": 0,
            "sounds": [
                {
                    "w": 0,
                    "d": 0,
                    "p": 60,
                    "v": 0
                }
            ],
            "pos": 1.49696,
            "size": 0.7,
            "_time": 22.1906,
            "shift": 0,
            "time": 22.1906
        },
        {
            "$id": "116",
            "type": 0,
            "sounds": [
                {
                    "w": 0,
                    "d": 0,
                    "p": 60,
                    "v": 0
                }
            ],
            "pos": -0.5030402,
            "size": 1.3,
            "_time": 22.1906,
            "shift": 0,
            "time": 22.1906
        },
        {
            "$id": "117",
            "type": 0,
            "sounds": [
                {
                    "w": 0,
                    "d": 0,
                    "p": 60,
                    "v": 0
                }
            ],
            "pos": -0.002399996,
            "size": 1,
            "_time": 22.60345,
            "shift": 0,
            "time": 22.60345
        },
        {
            "$id": "118",
            "type": 0,
            "sounds": [
                {
                    "w": 0,
                    "d": 0,
                    "p": 60,
                    "v": 0
                }
            ],
            "pos": 0.4976,
            "size": 0.9,
            "_time": 23.01724,
            "shift": 0,
            "time": 23.01724
        },
        {
            "$id": "119",
            "type": 0,
            "sounds": [
                {
                    "w": 0,
                    "d": 0,
                    "p": 60,
                    "v": 0
                }
            ],
            "pos": 0.227,
            "size": 0.7,
            "_time": 23.37931,
            "shift": 0,
            "time": 23.37931
        },
        {
            "$id": "120",
            "type": 0,
            "sounds": [
                {
                    "w": 0,
                    "d": 0,
                    "p": 60,
                    "v": 0
                }
            ],
            "pos": 0.4976,
            "size": 0.6,
            "_time": 23.74138,
            "shift": 0,
            "time": 23.74138
        },
        {
            "$id": "121",
            "type": 0,
            "sounds": [
                {
                    "w": 0,
                    "d": 0,
                    "p": 60,
                    "v": 0
                }
            ],
            "pos": 0.6183673,
            "size": 0.6,
            "_time": 23.76851,
            "shift": 0,
            "time": 23.76851
        },
        {
            "$id": "122",
            "type": 0,
            "sounds": [
                {
                    "w": 0,
                    "d": 0,
                    "p": 60,
                    "v": 0
                }
            ],
            "pos": 0.8004003,
            "size": 0.6,
            "_time": 23.79593,
            "shift": 0,
            "time": 23.79593
        },
        {
            "$id": "123",
            "type": 0,
            "sounds": [
                {
                    "w": 0,
                    "d": 0,
                    "p": 60,
                    "v": 0
                }
            ],
            "pos": 1.1245,
            "size": 0.6,
            "_time": 23.81429,
            "shift": 0,
            "time": 23.81429
        },
        {
            "$id": "124",
            "type": 0,
            "sounds": [
                {
                    "w": 0,
                    "d": 0,
                    "p": 60,
                    "v": 0
                }
            ],
            "pos": 1.4486,
            "size": 0.6,
            "_time": 23.83265,
            "shift": 0,
            "time": 23.83265
        },
        {
            "$id": "125",
            "type": 0,
            "sounds": [
                {
                    "w": 0,
                    "d": 0,
                    "p": 60,
                    "v": 0
                }
            ],
            "pos": 1.772699,
            "size": 0.6,
            "_time": 23.85101,
            "shift": 0,
            "time": 23.85101
        },
        {
            "$id": "126",
            "type": 0,
            "sounds": [
                {
                    "w": 0,
                    "d": 0,
                    "p": 60,
                    "v": 0
                }
            ],
            "pos": -1.5024,
            "size": 1,
            "_time": 24.67242,
            "shift": 0,
            "time": 24.67242
        },
        {
            "$id": "127",
            "type": 0,
            "sounds": [
                {
                    "w": 0,
                    "d": 0,
                    "p": 60,
                    "v": 0
                }
            ],
            "pos": -0.5024,
            "size": 0.7,
            "_time": 24.67242,
            "shift": 0,
            "time": 24.67242
        },
        {
            "$id": "128",
            "type": 0,
            "sounds": [
                {
                    "w": 0,
                    "d": 0,
                    "p": 60,
                    "v": 0
                }
            ],
            "pos": -1.279,
            "size": 1.3,
            "_time": 25.086,
            "shift": 0,
            "time": 25.086
        },
        {
            "$id": "129",
            "type": 0,
            "sounds": [
                {
                    "w": 0,
                    "d": 0,
                    "p": 60,
                    "v": 0
                }
            ],
            "pos": 1.483488,
            "size": 0.7,
            "_time": 25.50154,
            "shift": 0,
            "time": 25.50154
        },
        {
            "$id": "130",
            "type": 0,
            "sounds": [
                {
                    "w": 0,
                    "d": 0,
                    "p": 60,
                    "v": 0
                }
            ],
            "pos": -0.5165118,
            "size": 1.3,
            "_time": 25.50154,
            "shift": 0,
            "time": 25.50154
        },
        {
            "$id": "131",
            "type": 0,
            "sounds": [
                {
                    "w": 0,
                    "d": 0,
                    "p": 60,
                    "v": 0
                }
            ],
            "pos": -0.0158716,
            "size": 1,
            "_time": 25.91439,
            "shift": 0,
            "time": 25.91439
        },
        {
            "$id": "132",
            "type": 0,
            "sounds": [
                {
                    "w": 0,
                    "d": 0,
                    "p": 60,
                    "v": 0
                }
            ],
            "pos": 0.4976,
            "size": 1,
            "_time": 26.32759,
            "shift": 0,
            "time": 26.32759
        },
        {
            "$id": "133",
            "type": 0,
            "sounds": [
                {
                    "w": 0,
                    "d": 0,
                    "p": 60,
                    "v": 0
                }
            ],
            "pos": -0.5024,
            "size": 1.3,
            "_time": 27.2069,
            "shift": 0,
            "time": 27.2069
        },
        {
            "$id": "134",
            "type": 0,
            "sounds": [
                {
                    "w": 0,
                    "d": 0,
                    "p": 60,
                    "v": 0
                }
            ],
            "pos": 0.4976,
            "size": 0.7,
            "_time": 27.2069,
            "shift": 0,
            "time": 27.2069
        },
        {
            "$id": "135",
            "type": 0,
            "sounds": [
                {
                    "w": 0,
                    "d": 0,
                    "p": 60,
                    "v": 0
                }
            ],
            "pos": 0.4976,
            "size": 0.8,
            "_time": 28.08621,
            "shift": 0,
            "time": 28.08621
        },
        {
            "$id": "136",
            "type": 0,
            "sounds": [
                {
                    "w": 0,
                    "d": 0,
                    "p": 60,
                    "v": 0
                }
            ],
            "pos": -0.5024,
            "size": 0.8,
            "_time": 28.5,
            "shift": 0,
            "time": 28.5
        },
        {
            "$id": "137",
            "type": 0,
            "sounds": [
                {
                    "w": 0,
                    "d": 0,
                    "p": 60,
                    "v": 0
                }
            ],
            "pos": 0.5003445,
            "size": 0.6,
            "_time": 29.43286,
            "shift": 0,
            "time": 29.43286
        },
        {
            "$id": "138",
            "type": 0,
            "sounds": [
                {
                    "w": 0,
                    "d": 0,
                    "p": 60,
                    "v": 0
                }
            ],
            "pos": -0.5024,
            "size": 0.6,
            "_time": 29.84483,
            "shift": 0,
            "time": 29.84483
        },
        {
            "$id": "139",
            "type": 0,
            "sounds": [
                {
                    "w": 0,
                    "d": 0,
                    "p": 60,
                    "v": 0
                }
            ],
            "pos": 0.4976,
            "size": 0.8,
            "_time": 30.31035,
            "shift": 0,
            "time": 30.31035
        },
        {
            "$id": "140",
            "type": 0,
            "sounds": [
                {
                    "w": 0,
                    "d": 0,
                    "p": 60,
                    "v": 0
                }
            ],
            "pos": 0.8785854,
            "size": 0.8,
            "_time": 30.36432,
            "shift": 0,
            "time": 30.36432
        },
        {
            "$id": "141",
            "type": 0,
            "sounds": [
                {
                    "w": 0,
                    "d": 0,
                    "p": 60,
                    "v": 0
                }
            ],
            "pos": 0.9976,
            "size": 0.6,
            "_time": 31.08621,
            "shift": 0,
            "time": 31.08621
        },
        {
            "$id": "142",
            "type": 0,
            "sounds": [
                {
                    "w": 0,
                    "d": 0,
                    "p": 60,
                    "v": 0
                }
            ],
            "pos": -0.002399996,
            "size": 0.5,
            "_time": 31.5,
            "shift": 0,
            "time": 31.5
        },
        {
            "$id": "143",
            "type": 0,
            "sounds": [
                {
                    "w": 0,
                    "d": 0,
                    "p": 60,
                    "v": 0
                }
            ],
            "pos": 0.7663814,
            "size": 0.6,
            "_time": 31.91578,
            "shift": 0,
            "time": 31.91578
        },
        {
            "$id": "144",
            "type": 0,
            "sounds": [
                {
                    "w": 0,
                    "d": 0,
                    "p": 60,
                    "v": 0
                }
            ],
            "pos": -0.2336186,
            "size": 0.5,
            "_time": 32.32957,
            "shift": 0,
            "time": 32.32957
        },
        {
            "$id": "145",
            "type": 0,
            "sounds": [
                {
                    "w": 0,
                    "d": 0,
                    "p": 60,
                    "v": 0
                }
            ],
            "pos": 0.4976,
            "size": 0.6,
            "_time": 32.74138,
            "shift": 0,
            "time": 32.74138
        },
        {
            "$id": "146",
            "type": 0,
            "sounds": [
                {
                    "w": 0,
                    "d": 0,
                    "p": 60,
                    "v": 0
                }
            ],
            "pos": -0.5024,
            "size": 0.5,
            "_time": 33.15518,
            "shift": 0,
            "time": 33.15518
        },
        {
            "$id": "147",
            "type": 0,
            "sounds": [
                {
                    "w": 0,
                    "d": 0,
                    "p": 60,
                    "v": 0
                }
            ],
            "pos": 1.497622,
            "size": 0.6,
            "_time": 33.57207,
            "shift": 0,
            "time": 33.57207
        },
        {
            "$id": "148",
            "type": 0,
            "sounds": [
                {
                    "w": 0,
                    "d": 0,
                    "p": 60,
                    "v": 0
                }
            ],
            "pos": 0.4976224,
            "size": 0.5,
            "_time": 33.98587,
            "shift": 0,
            "time": 33.98587
        },
        {
            "$id": "149",
            "type": 0,
            "sounds": [
                {
                    "w": 0,
                    "d": 0,
                    "p": 60,
                    "v": 0
                }
            ],
            "pos": 1.266404,
            "size": 0.6,
            "_time": 34.40164,
            "shift": 0,
            "time": 34.40164
        }
    ],
    "links": [
        {
            "notes": [
                {
                    "$ref": "1"
                },
                {
                    "$ref": "3"
                },
                {
                    "$ref": "4"
                },
                {
                    "$ref": "5"
                },
                {
                    "$ref": "6"
                },
                {
                    "$ref": "7"
                },
                {
                    "$ref": "8"
                },
                {
                    "$ref": "9"
                },
                {
                    "$ref": "10"
                },
                {
                    "$ref": "11"
                }
            ]
        },
        {
            "notes": [
                {
                    "$ref": "27"
                },
                {
                    "$ref": "28"
                },
                {
                    "$ref": "29"
                }
            ]
        },
        {
            "notes": [
                {
                    "$ref": "34"
                },
                {
                    "$ref": "35"
                },
                {
                    "$ref": "36"
                }
            ]
        },
        {
            "notes": [
                {
                    "$ref": "37"
                },
                {
                    "$ref": "39"
                },
                {
                    "$ref": "40"
                },
                {
                    "$ref": "41"
                },
                {
                    "$ref": "42"
                },
                {
                    "$ref": "43"
                },
                {
                    "$ref": "44"
                },
                {
                    "$ref": "45"
                },
                {
                    "$ref": "46"
                },
                {
                    "$ref": "47"
                }
            ]
        },
        {
            "notes": [
                {
                    "$ref": "62"
                },
                {
                    "$ref": "64"
                },
                {
                    "$ref": "65"
                }
            ]
        },
        {
            "notes": [
                {
                    "$ref": "69"
                },
                {
                    "$ref": "72"
                },
                {
                    "$ref": "73"
                }
            ]
        },
        {
            "notes": [
                {
                    "$ref": "70"
                },
                {
                    "$ref": "74"
                }
            ]
        },
        {
            "notes": [
                {
                    "$ref": "71"
                }
            ]
        },
        {
            "notes": [
                {
                    "$ref": "101"
                },
                {
                    "$ref": "103"
                },
                {
                    "$ref": "105"
                }
            ]
        },
        {
            "notes": [
                {
                    "$ref": "102"
                },
                {
                    "$ref": "104"
                },
                {
                    "$ref": "106"
                }
            ]
        },
        {
            "notes": [
                {
                    "$ref": "120"
                }
            ]
        },
        {
            "notes": [
                {
                    "$ref": "121"
                }
            ]
        },
        {
            "notes": [
                {
                    "$ref": "122"
                },
                {
                    "$ref": "123"
                },
                {
                    "$ref": "124"
                },
                {
                    "$ref": "125"
                }
            ]
        },
        {
            "notes": [
                {
                    "$ref": "140"
                }
            ]
        }
    ]
}