{
    "speed": 0,
    "notes": [
        {
            "$id": "1",
            "type": 0,
            "sounds": [
                {
                    "w": 0,
                    "d": 0.125,
                    "p": 65,
                    "v": 100
                }
            ],
            "pos": 1,
            "size": 1,
            "_time": 0.75,
            "shift": 0,
            "time": 0.75
        },
        {
            "$id": "2",
            "type": 0,
            "sounds": [
                {
                    "w": 0,
                    "d": 4,
                    "p": 50,
                    "v": 50
                },
                {
                    "w": 0,
                    "d": 4,
                    "p": 65,
                    "v": 50
                },
                {
                    "w": 0,
                    "d": 4,
                    "p": 69,
                    "v": 50
                },
                {
                    "w": 0,
                    "d": 4,
                    "p": 74,
                    "v": 50
                }
            ],
            "pos": -1,
            "size": 1.2,
            "_time": 1,
            "shift": 0,
            "time": 1
        },
        {
            "$id": "3",
            "type": 0,
            "sounds": [
                {
                    "w": 0,
                    "d": 0.5,
                    "p": 64,
                    "v": 100
                }
            ],
            "pos": 0.5,
            "size": 1.2,
            "_time": 1,
            "shift": 0,
            "time": 1
        },
        {
            "$id": "4",
            "type": 0,
            "sounds": [
                {
                    "w": 0,
                    "d": 0.5,
                    "p": 62,
                    "v": 100
                }
            ],
            "pos": 0,
            "size": 1.2,
            "_time": 1.5,
            "shift": 0,
            "time": 1.5
        },
        {
            "$id": "5",
            "type": 0,
            "sounds": [
                {
                    "w": 0,
                    "d": 4,
                    "p": 55,
                    "v": 50
                },
                {
                    "w": 0,
                    "d": 4,
                    "p": 62,
                    "v": 50
                },
                {
                    "w": 0,
                    "d": 4,
                    "p": 67,
                    "v": 50
                },
                {
                    "w": 0,
                    "d": 4,
                    "p": 71,
                    "v": 50
                }
            ],
            "pos": -1.75,
            "size": 1.2,
            "_time": 2,
            "shift": 0,
            "time": 2
        },
        {
            "$id": "6",
            "type": 0,
            "sounds": [
                {
                    "w": 0,
                    "d": 0.5,
                    "p": 57,
                    "v": 100
                }
            ],
            "pos": -0.5,
            "size": 1.2,
            "_time": 2,
            "shift": 0,
            "time": 2
        },
        {
            "$id": "7",
            "type": 0,
            "sounds": [
                {
                    "w": 0,
                    "d": 0.5,
                    "p": 59,
                    "v": 100
                }
            ],
            "pos": 0,
            "size": 1.2,
            "_time": 2.5,
            "shift": 0,
            "time": 2.5
        },
        {
            "$id": "8",
            "type": 0,
            "sounds": [
                {
                    "w": 0,
                    "d": 4,
                    "p": 64,
                    "v": 76
                },
                {
                    "w": 0,
                    "d": 4,
                    "p": 48,
                    "v": 69
                }
            ],
            "pos": -1,
            "size": 1.2,
            "_time": 3,
            "shift": 0,
            "time": 3
        },
        {
            "$id": "9",
            "type": 0,
            "sounds": [
                {
                    "w": 0,
                    "d": 3.75,
                    "p": 67,
                    "v": 60
                }
            ],
            "pos": -0.5,
            "size": 1.2,
            "_time": 3.0625,
            "shift": 0,
            "time": 3.0625
        },
        {
            "$id": "10",
            "type": 0,
            "sounds": [
                {
                    "w": 0,
                    "d": 3.5,
                    "p": 72,
                    "v": 60
                }
            ],
            "pos": 0,
            "size": 1.2,
            "_time": 3.125,
            "shift": 0,
            "time": 3.125
        },
        {
            "$id": "11",
            "type": 0,
            "sounds": [
                {
                    "w": 0,
                    "d": 3.5,
                    "p": 60,
                    "v": 100
                }
            ],
            "pos": 1,
            "size": 1.2,
            "_time": 3.25,
            "shift": 0,
            "time": 3.25
        }
    ],
    "links": [
        {
            "notes": [
                {
                    "$ref": "8"
                },
                {
                    "$ref": "9"
                },
                {
                    "$ref": "10"
                }
            ]
        }
    ]
}