{"speed":0,"notes":[{"$id":"1","type":0,"pos":-2,"size":1.2,"_time":1.373,"shift":0,"time":1.373},{"$id":"2","type":0,"pos":-1.5,"size":1.2,"_time":2.123,"shift":0,"time":2.123},{"$id":"3","type":0,"pos":-1,"size":1.2,"_time":2.873,"shift":0,"time":2.873},{"$id":"4","type":0,"pos":-0.5,"size":1.2,"_time":3.623,"shift":0,"time":3.623},{"$id":"5","type":0,"pos":0,"size":1.5,"_time":4.373,"shift":0,"time":4.373},{"$id":"6","type":0,"pos":0,"size":1.5,"_time":4.748,"shift":0,"time":4.748},{"$id":"7","type":0,"pos":0,"size":1.5,"_time":5.123,"shift":0,"time":5.123},{"$id":"8","type":0,"pos":0,"size":1.5,"_time":5.498,"shift":0,"time":5.498},{"$id":"9","type":0,"pos":-2,"size":1.5,"_time":5.873,"shift":0,"time":5.873},{"$id":"10","type":0,"pos":-0.5,"size":1,"_time":6.248,"shift":0,"time":6.248},{"$id":"11","type":0,"pos":-2,"size":1.5,"_time":6.248,"shift":0,"time":6.248},{"$id":"12","type":0,"pos":-2,"size":1.5,"_time":6.623,"shift":0,"time":6.623},{"$id":"13","type":0,"pos":-0.5,"size":1,"_time":6.623,"shift":0,"time":6.623},{"$id":"14","type":0,"pos":-0.5,"size":1,"_time":6.998,"shift":0,"time":6.998},{"$id":"15","type":0,"pos":-2,"size":1.5,"_time":6.998,"shift":0,"time":6.998},{"$id":"16","type":0,"pos":0,"size":1,"_time":7.373,"shift":0,"time":7.373},{"$id":"17","type":0,"pos":-2,"size":1.5,"_time":7.373,"shift":0,"time":7.373},{"$id":"18","type":0,"pos":-2,"size":1.5,"_time":7.748,"shift":0,"time":7.748},{"$id":"19","type":0,"pos":0,"size":1,"_time":7.748,"shift":0,"time":7.748},{"$id":"20","type":0,"pos":0,"size":1,"_time":8.123,"shift":0,"time":8.123},{"$id":"21","type":0,"pos":-2,"size":1.5,"_time":8.123,"shift":0,"time":8.123},{"$id":"22","type":0,"pos":-2,"size":1.5,"_time":8.498,"shift":0,"time":8.498},{"$id":"23","type":0,"pos":0,"size":1,"_time":8.498,"shift":0,"time":8.498},{"$id":"24","type":0,"pos":0,"size":1,"_time":8.873,"shift":0,"time":8.873},{"$id":"25","type":0,"pos":-2,"size":1.5,"_time":8.873,"shift":0,"time":8.873},{"$id":"26","type":0,"pos":-2,"size":1.5,"_time":9.248,"shift":0,"time":9.248},{"$id":"27","type":0,"pos":0,"size":1,"_time":9.248,"shift":0,"time":9.248},{"$id":"28","type":0,"pos":-2,"size":1.5,"_time":9.623,"shift":0,"time":9.623},{"$id":"29","type":0,"pos":0,"size":1,"_time":9.623,"shift":0,"time":9.623},{"$id":"30","type":0,"pos":0,"size":1,"_time":9.998,"shift":0,"time":9.998},{"$id":"31","type":0,"pos":-2,"size":1.5,"_time":9.998,"shift":0,"time":9.998},{"$id":"32","type":0,"pos":-1.8,"size":1.5,"_time":10.373,"shift":0,"time":10.373},{"$id":"33","type":0,"pos":1.5,"size":0.7,"_time":10.373,"shift":0,"time":10.373},{"$id":"34","type":0,"pos":1.7,"size":0.7,"_time":10.44331,"shift":0,"time":10.44331},{"$id":"35","type":0,"pos":1,"size":0.7,"_time":10.51363,"shift":0,"time":10.51363},{"$id":"36","type":0,"pos":-1.8,"size":1.5,"_time":10.748,"shift":0,"time":10.748},{"$id":"37","type":0,"pos":1.5,"size":0.7,"_time":10.748,"shift":0,"time":10.748},{"$id":"38","type":0,"pos":1.7,"size":0.7,"_time":10.81831,"shift":0,"time":10.81831},{"$id":"39","type":0,"pos":1,"size":0.7,"_time":10.88863,"shift":0,"time":10.88863},{"$id":"40","type":0,"pos":-1.8,"size":1.5,"_time":11.123,"shift":0,"time":11.123},{"$id":"41","type":0,"pos":1.5,"size":0.7,"_time":11.123,"shift":0,"time":11.123},{"$id":"42","type":0,"pos":1.7,"size":0.7,"_time":11.19331,"shift":0,"time":11.19331},{"$id":"43","type":0,"pos":1,"size":0.7,"_time":11.26363,"shift":0,"time":11.26363},{"$id":"44","type":0,"pos":-1.8,"size":1.5,"_time":11.498,"shift":0,"time":11.498},{"$id":"45","type":0,"pos":1.5,"size":0.7,"_time":11.498,"shift":0,"time":11.498},{"$id":"46","type":0,"pos":1.7,"size":0.7,"_time":11.56831,"shift":0,"time":11.56831},{"$id":"47","type":0,"pos":1,"size":0.7,"_time":11.63863,"shift":0,"time":11.63863},{"$id":"48","type":0,"pos":1.5,"size":0.7,"_time":11.873,"shift":0,"time":11.873},{"$id":"49","type":0,"pos":-1.8,"size":1.5,"_time":11.873,"shift":0,"time":11.873},{"$id":"50","type":0,"pos":1.7,"size":0.7,"_time":11.94331,"shift":0,"time":11.94331},{"$id":"51","type":0,"pos":1,"size":0.7,"_time":12.01363,"shift":0,"time":12.01363},{"$id":"52","type":0,"pos":1.5,"size":0.7,"_time":12.248,"shift":0,"time":12.248},{"$id":"53","type":0,"pos":-1.8,"size":1.5,"_time":12.248,"shift":0,"time":12.248},{"$id":"54","type":0,"pos":1.7,"size":0.7,"_time":12.31831,"shift":0,"time":12.31831},{"$id":"55","type":0,"pos":1,"size":0.7,"_time":12.38863,"shift":0,"time":12.38863},{"$id":"56","type":0,"pos":1.5,"size":0.7,"_time":12.623,"shift":0,"time":12.623},{"$id":"57","type":0,"pos":-1.8,"size":1.5,"_time":12.623,"shift":0,"time":12.623},{"$id":"58","type":0,"pos":1.7,"size":0.7,"_time":12.69331,"shift":0,"time":12.69331},{"$id":"59","type":0,"pos":1,"size":0.7,"_time":12.76363,"shift":0,"time":12.76363},{"$id":"60","type":0,"pos":-1.8,"size":1.5,"_time":12.998,"shift":0,"time":12.998},{"$id":"61","type":0,"pos":1.5,"size":0.7,"_time":12.998,"shift":0,"time":12.998},{"$id":"62","type":0,"pos":1.7,"size":0.7,"_time":13.06831,"shift":0,"time":13.06831},{"$id":"63","type":0,"pos":1,"size":0.7,"_time":13.13863,"shift":0,"time":13.13863},{"$id":"64","type":0,"pos":-2,"size":1.5,"_time":13.373,"shift":0,"time":13.373},{"$id":"65","type":0,"pos":1.5,"size":0.7,"_time":13.373,"shift":0,"time":13.373},{"$id":"66","type":0,"pos":1.7,"size":0.7,"_time":13.44331,"shift":0,"time":13.44331},{"$id":"67","type":0,"pos":1,"size":0.7,"_time":13.51363,"shift":0,"time":13.51363},{"$id":"68","type":0,"pos":1.5,"size":0.7,"_time":13.748,"shift":0,"time":13.748},{"$id":"69","type":0,"pos":-2,"size":1.5,"_time":13.748,"shift":0,"time":13.748},{"$id":"70","type":0,"pos":1.7,"size":0.7,"_time":13.81831,"shift":0,"time":13.81831},{"$id":"71","type":0,"pos":1,"size":0.7,"_time":13.88863,"shift":0,"time":13.88863},{"$id":"72","type":0,"pos":1.5,"size":0.7,"_time":14.123,"shift":0,"time":14.123},{"$id":"73","type":0,"pos":-2,"size":1.5,"_time":14.123,"shift":0,"time":14.123},{"$id":"74","type":0,"pos":1.7,"size":0.7,"_time":14.19331,"shift":0,"time":14.19331},{"$id":"75","type":0,"pos":1,"size":0.7,"_time":14.26363,"shift":0,"time":14.26363},{"$id":"76","type":0,"pos":1.5,"size":0.7,"_time":14.498,"shift":0,"time":14.498},{"$id":"77","type":0,"pos":-2,"size":1.5,"_time":14.498,"shift":0,"time":14.498},{"$id":"78","type":0,"pos":1.7,"size":0.7,"_time":14.56831,"shift":0,"time":14.56831},{"$id":"79","type":0,"pos":1,"size":0.7,"_time":14.63863,"shift":0,"time":14.63863},{"$id":"80","type":0,"pos":1.5,"size":0.7,"_time":14.873,"shift":0,"time":14.873},{"$id":"81","type":0,"pos":-2,"size":1.5,"_time":14.873,"shift":0,"time":14.873},{"$id":"82","type":0,"pos":1.7,"size":0.7,"_time":14.94331,"shift":0,"time":14.94331},{"$id":"83","type":0,"pos":1,"size":0.7,"_time":15.01363,"shift":0,"time":15.01363},{"$id":"84","type":0,"pos":1.5,"size":0.7,"_time":15.248,"shift":0,"time":15.248},{"$id":"85","type":0,"pos":-2,"size":1.5,"_time":15.248,"shift":0,"time":15.248},{"$id":"86","type":0,"pos":1.7,"size":0.7,"_time":15.31831,"shift":0,"time":15.31831},{"$id":"87","type":0,"pos":1,"size":0.7,"_time":15.38863,"shift":0,"time":15.38863},{"$id":"88","type":0,"pos":1.5,"size":0.7,"_time":15.623,"shift":0,"time":15.623},{"$id":"89","type":0,"pos":-2,"size":1.5,"_time":15.623,"shift":0,"time":15.623},{"$id":"90","type":0,"pos":1.7,"size":0.7,"_time":15.69331,"shift":0,"time":15.69331},{"$id":"91","type":0,"pos":1,"size":0.7,"_time":15.76363,"shift":0,"time":15.76363},{"$id":"92","type":0,"pos":1.5,"size":0.7,"_time":15.998,"shift":0,"time":15.998},{"$id":"93","type":0,"pos":-2,"size":1.5,"_time":15.998,"shift":0,"time":15.998},{"$id":"94","type":0,"pos":1.7,"size":0.7,"_time":16.06831,"shift":0,"time":16.06831},{"$id":"95","type":0,"pos":1,"size":0.7,"_time":16.13862,"shift":0,"time":16.13862},{"$id":"96","type":0,"pos":-2,"size":1.5,"_time":16.373,"shift":0,"time":16.373},{"$id":"97","type":0,"pos":1,"size":0.7,"_time":16.373,"shift":0,"time":16.373},{"$id":"98","type":0,"pos":1.2,"size":0.7,"_time":16.44331,"shift":0,"time":16.44331},{"$id":"99","type":0,"pos":0.5,"size":0.7,"_time":16.53706,"shift":0,"time":16.53706},{"$id":"100","type":0,"pos":-2,"size":1.5,"_time":16.748,"shift":0,"time":16.748},{"$id":"101","type":0,"pos":1,"size":0.7,"_time":16.748,"shift":0,"time":16.748},{"$id":"102","type":0,"pos":1.2,"size":0.7,"_time":16.81831,"shift":0,"time":16.81831},{"$id":"103","type":0,"pos":0.5,"size":0.7,"_time":16.91206,"shift":0,"time":16.91206},{"$id":"104","type":0,"pos":-2,"size":1.5,"_time":17.123,"shift":0,"time":17.123},{"$id":"105","type":0,"pos":1,"size":0.7,"_time":17.123,"shift":0,"time":17.123},{"$id":"106","type":0,"pos":1.2,"size":0.7,"_time":17.19331,"shift":0,"time":17.19331},{"$id":"107","type":0,"pos":0.5,"size":0.7,"_time":17.28706,"shift":0,"time":17.28706},{"$id":"108","type":0,"pos":-2,"size":1.5,"_time":17.498,"shift":0,"time":17.498},{"$id":"109","type":0,"pos":1,"size":0.7,"_time":17.498,"shift":0,"time":17.498},{"$id":"110","type":0,"pos":1.2,"size":0.7,"_time":17.56831,"shift":0,"time":17.56831},{"$id":"111","type":0,"pos":0.5,"size":0.7,"_time":17.66206,"shift":0,"time":17.66206},{"$id":"112","type":0,"pos":1,"size":0.7,"_time":17.873,"shift":0,"time":17.873},{"$id":"113","type":0,"pos":-2,"size":1.5,"_time":17.873,"shift":0,"time":17.873},{"$id":"114","type":0,"pos":1.2,"size":0.7,"_time":17.94331,"shift":0,"time":17.94331},{"$id":"115","type":0,"pos":0.5,"size":0.7,"_time":18.03706,"shift":0,"time":18.03706},{"$id":"116","type":0,"pos":1,"size":0.7,"_time":18.248,"shift":0,"time":18.248},{"$id":"117","type":0,"pos":-2,"size":1.5,"_time":18.248,"shift":0,"time":18.248},{"$id":"118","type":0,"pos":1.2,"size":0.7,"_time":18.31831,"shift":0,"time":18.31831},{"$id":"119","type":0,"pos":0.5,"size":0.7,"_time":18.41206,"shift":0,"time":18.41206},{"$id":"120","type":0,"pos":1,"size":0.7,"_time":18.623,"shift":0,"time":18.623},{"$id":"121","type":0,"pos":-2,"size":1.5,"_time":18.623,"shift":0,"time":18.623},{"$id":"122","type":0,"pos":1.2,"size":0.7,"_time":18.69331,"shift":0,"time":18.69331},{"$id":"123","type":0,"pos":0.5,"size":0.7,"_time":18.78706,"shift":0,"time":18.78706},{"$id":"124","type":0,"pos":1,"size":0.7,"_time":18.998,"shift":0,"time":18.998},{"$id":"125","type":0,"pos":-2,"size":1.5,"_time":18.998,"shift":0,"time":18.998},{"$id":"126","type":0,"pos":1.2,"size":0.7,"_time":19.06831,"shift":0,"time":19.06831},{"$id":"127","type":0,"pos":0.5,"size":0.7,"_time":19.16206,"shift":0,"time":19.16206},{"$id":"128","type":0,"pos":-0.5,"size":0.7,"_time":19.373,"shift":0,"time":19.373},{"$id":"129","type":0,"pos":-2,"size":1.5,"_time":19.373,"shift":0,"time":19.373},{"$id":"130","type":0,"pos":-0.3,"size":0.7,"_time":19.44331,"shift":0,"time":19.44331},{"$id":"131","type":0,"pos":-1,"size":0.7,"_time":19.53706,"shift":0,"time":19.53706},{"$id":"132","type":0,"pos":-0.5,"size":0.7,"_time":19.748,"shift":0,"time":19.748},{"$id":"133","type":0,"pos":-2,"size":1.5,"_time":19.748,"shift":0,"time":19.748},{"$id":"134","type":0,"pos":-0.3,"size":0.7,"_time":19.81831,"shift":0,"time":19.81831},{"$id":"135","type":0,"pos":-1,"size":0.7,"_time":19.91206,"shift":0,"time":19.91206},{"$id":"136","type":0,"pos":-0.5,"size":0.7,"_time":20.123,"shift":0,"time":20.123},{"$id":"137","type":0,"pos":-2,"size":1.5,"_time":20.123,"shift":0,"time":20.123},{"$id":"138","type":0,"pos":-0.3,"size":0.7,"_time":20.19331,"shift":0,"time":20.19331},{"$id":"139","type":0,"pos":-1,"size":0.7,"_time":20.28706,"shift":0,"time":20.28706},{"$id":"140","type":0,"pos":-0.5,"size":0.7,"_time":20.498,"shift":0,"time":20.498},{"$id":"141","type":0,"pos":-2,"size":1.5,"_time":20.498,"shift":0,"time":20.498},{"$id":"142","type":0,"pos":-0.3,"size":0.7,"_time":20.56831,"shift":0,"time":20.56831},{"$id":"143","type":0,"pos":-1,"size":0.7,"_time":20.66206,"shift":0,"time":20.66206},{"$id":"144","type":0,"pos":-0.5,"size":0.7,"_time":20.873,"shift":0,"time":20.873},{"$id":"145","type":0,"pos":-2,"size":1.5,"_time":20.873,"shift":0,"time":20.873},{"$id":"146","type":0,"pos":-0.3,"size":0.7,"_time":20.94331,"shift":0,"time":20.94331},{"$id":"147","type":0,"pos":-1,"size":0.7,"_time":21.03706,"shift":0,"time":21.03706},{"$id":"148","type":0,"pos":-0.5,"size":0.7,"_time":21.248,"shift":0,"time":21.248},{"$id":"149","type":0,"pos":-2,"size":1.5,"_time":21.248,"shift":0,"time":21.248},{"$id":"150","type":0,"pos":-0.3,"size":0.7,"_time":21.31831,"shift":0,"time":21.31831},{"$id":"151","type":0,"pos":-1,"size":0.7,"_time":21.41206,"shift":0,"time":21.41206},{"$id":"152","type":0,"pos":-0.5,"size":0.7,"_time":21.623,"shift":0,"time":21.623},{"$id":"153","type":0,"pos":-2,"size":1.5,"_time":21.623,"shift":0,"time":21.623},{"$id":"154","type":0,"pos":-0.3,"size":0.7,"_time":21.69331,"shift":0,"time":21.69331},{"$id":"155","type":0,"pos":-1,"size":0.7,"_time":21.78706,"shift":0,"time":21.78706},{"$id":"156","type":0,"pos":-0.5,"size":0.7,"_time":21.998,"shift":0,"time":21.998},{"$id":"157","type":0,"pos":-2,"size":1.5,"_time":21.998,"shift":0,"time":21.998},{"$id":"158","type":0,"pos":-0.3,"size":0.7,"_time":22.06831,"shift":0,"time":22.06831},{"$id":"159","type":0,"pos":-1,"size":0.7,"_time":22.16206,"shift":0,"time":22.16206},{"$id":"160","type":0,"pos":-1.5,"size":1.5,"_time":22.373,"shift":0,"time":22.373},{"$id":"161","type":0,"pos":0.5,"size":0.7,"_time":22.373,"shift":0,"time":22.373},{"$id":"162","type":0,"pos":0.7,"size":0.7,"_time":22.44331,"shift":0,"time":22.44331},{"$id":"163","type":0,"pos":0,"size":0.7,"_time":22.53706,"shift":0,"time":22.53706},{"$id":"164","type":0,"pos":-1.5,"size":1.5,"_time":22.748,"shift":0,"time":22.748},{"$id":"165","type":0,"pos":0.5,"size":0.7,"_time":22.748,"shift":0,"time":22.748},{"$id":"166","type":0,"pos":0.7,"size":0.7,"_time":22.81831,"shift":0,"time":22.81831},{"$id":"167","type":0,"pos":0,"size":0.7,"_time":22.91206,"shift":0,"time":22.91206},{"$id":"168","type":0,"pos":-1.5,"size":1.5,"_time":23.123,"shift":0,"time":23.123},{"$id":"169","type":0,"pos":0.5,"size":0.7,"_time":23.123,"shift":0,"time":23.123},{"$id":"170","type":0,"pos":0.7,"size":0.7,"_time":23.19331,"shift":0,"time":23.19331},{"$id":"171","type":0,"pos":0,"size":0.7,"_time":23.28706,"shift":0,"time":23.28706},{"$id":"172","type":0,"pos":-1.5,"size":1.5,"_time":23.498,"shift":0,"time":23.498},{"$id":"173","type":0,"pos":0.5,"size":0.7,"_time":23.498,"shift":0,"time":23.498},{"$id":"174","type":0,"pos":0.7,"size":0.7,"_time":23.56831,"shift":0,"time":23.56831},{"$id":"175","type":0,"pos":0,"size":0.7,"_time":23.66206,"shift":0,"time":23.66206},{"$id":"176","type":0,"pos":-1.5,"size":1.5,"_time":23.873,"shift":0,"time":23.873},{"$id":"177","type":0,"pos":0.5,"size":0.7,"_time":23.873,"shift":0,"time":23.873},{"$id":"178","type":0,"pos":0.7,"size":0.7,"_time":23.94331,"shift":0,"time":23.94331},{"$id":"179","type":0,"pos":0,"size":0.7,"_time":24.03706,"shift":0,"time":24.03706},{"$id":"180","type":0,"pos":-1.5,"size":1.5,"_time":24.248,"shift":0,"time":24.248},{"$id":"181","type":0,"pos":0.5,"size":0.7,"_time":24.248,"shift":0,"time":24.248},{"$id":"182","type":0,"pos":0.7,"size":0.7,"_time":24.31831,"shift":0,"time":24.31831},{"$id":"183","type":0,"pos":0,"size":0.7,"_time":24.41206,"shift":0,"time":24.41206},{"$id":"184","type":0,"pos":-1.5,"size":1.5,"_time":24.623,"shift":0,"time":24.623},{"$id":"185","type":0,"pos":0.5,"size":0.7,"_time":24.623,"shift":0,"time":24.623},{"$id":"186","type":0,"pos":0.7,"size":0.7,"_time":24.69331,"shift":0,"time":24.69331},{"$id":"187","type":0,"pos":0,"size":0.7,"_time":24.78706,"shift":0,"time":24.78706},{"$id":"188","type":0,"pos":0.5,"size":0.7,"_time":24.998,"shift":0,"time":24.998},{"$id":"189","type":0,"pos":-1.5,"size":1.5,"_time":24.998,"shift":0,"time":24.998},{"$id":"190","type":0,"pos":0.7,"size":0.7,"_time":25.06831,"shift":0,"time":25.06831},{"$id":"191","type":0,"pos":0,"size":0.7,"_time":25.16206,"shift":0,"time":25.16206},{"$id":"192","type":0,"pos":0,"size":0.7,"_time":25.373,"shift":0,"time":25.373},{"$id":"193","type":0,"pos":-2,"size":1.5,"_time":25.373,"shift":0,"time":25.373},{"$id":"194","type":0,"pos":0.2,"size":0.7,"_time":25.44331,"shift":0,"time":25.44331},{"$id":"195","type":0,"pos":-0.5,"size":0.7,"_time":25.53706,"shift":0,"time":25.53706},{"$id":"196","type":0,"pos":-2,"size":1.5,"_time":25.748,"shift":0,"time":25.748},{"$id":"197","type":0,"pos":0,"size":0.7,"_time":25.748,"shift":0,"time":25.748},{"$id":"198","type":0,"pos":0.2,"size":0.7,"_time":25.81831,"shift":0,"time":25.81831},{"$id":"199","type":0,"pos":-0.5,"size":0.7,"_time":25.91206,"shift":0,"time":25.91206},{"$id":"200","type":0,"pos":0,"size":0.7,"_time":26.123,"shift":0,"time":26.123},{"$id":"201","type":0,"pos":-2,"size":1.5,"_time":26.123,"shift":0,"time":26.123},{"$id":"202","type":0,"pos":0.2,"size":0.7,"_time":26.19331,"shift":0,"time":26.19331},{"$id":"203","type":0,"pos":-0.5,"size":0.7,"_time":26.28706,"shift":0,"time":26.28706},{"$id":"204","type":0,"pos":-2,"size":1.5,"_time":26.498,"shift":0,"time":26.498},{"$id":"205","type":0,"pos":0,"size":0.7,"_time":26.498,"shift":0,"time":26.498},{"$id":"206","type":0,"pos":0.2,"size":0.7,"_time":26.56831,"shift":0,"time":26.56831},{"$id":"207","type":0,"pos":-0.5,"size":0.7,"_time":26.66206,"shift":0,"time":26.66206},{"$id":"208","type":0,"pos":0,"size":0.7,"_time":26.873,"shift":0,"time":26.873},{"$id":"209","type":0,"pos":-2,"size":1.5,"_time":26.873,"shift":0,"time":26.873},{"$id":"210","type":0,"pos":0.2,"size":0.7,"_time":26.94331,"shift":0,"time":26.94331},{"$id":"211","type":0,"pos":-0.5,"size":0.7,"_time":27.03706,"shift":0,"time":27.03706},{"$id":"212","type":0,"pos":-2,"size":1.5,"_time":27.248,"shift":0,"time":27.248},{"$id":"213","type":0,"pos":0,"size":0.7,"_time":27.248,"shift":0,"time":27.248},{"$id":"214","type":0,"pos":0.2,"size":0.7,"_time":27.31831,"shift":0,"time":27.31831},{"$id":"215","type":0,"pos":-0.5,"size":0.7,"_time":27.41206,"shift":0,"time":27.41206},{"$id":"216","type":0,"pos":-2,"size":1.5,"_time":27.623,"shift":0,"time":27.623},{"$id":"217","type":0,"pos":0,"size":0.7,"_time":27.623,"shift":0,"time":27.623},{"$id":"218","type":0,"pos":0.2,"size":0.7,"_time":27.69331,"shift":0,"time":27.69331},{"$id":"219","type":0,"pos":-0.5,"size":0.7,"_time":27.78706,"shift":0,"time":27.78706},{"$id":"220","type":0,"pos":-2,"size":1.5,"_time":27.998,"shift":0,"time":27.998},{"$id":"221","type":0,"pos":0,"size":0.7,"_time":27.998,"shift":0,"time":27.998},{"$id":"222","type":0,"pos":0.2,"size":0.7,"_time":28.06831,"shift":0,"time":28.06831},{"$id":"223","type":0,"pos":-0.5,"size":0.7,"_time":28.16206,"shift":0,"time":28.16206},{"$id":"224","type":0,"pos":0.5,"size":0.7,"_time":28.373,"shift":0,"time":28.373},{"$id":"225","type":0,"pos":-1.5,"size":1.7,"_time":28.373,"shift":0,"time":28.373},{"$id":"226","type":0,"pos":0.7,"size":0.7,"_time":28.44331,"shift":0,"time":28.44331},{"$id":"227","type":0,"pos":0,"size":0.7,"_time":28.53706,"shift":0,"time":28.53706},{"$id":"228","type":0,"pos":0.5,"size":0.7,"_time":28.748,"shift":0,"time":28.748},{"$id":"229","type":0,"pos":-1.5,"size":1.7,"_time":28.748,"shift":0,"time":28.748},{"$id":"230","type":0,"pos":0.7,"size":0.7,"_time":28.81831,"shift":0,"time":28.81831},{"$id":"231","type":0,"pos":0,"size":0.7,"_time":28.91206,"shift":0,"time":28.91206},{"$id":"232","type":0,"pos":-1.5,"size":1.7,"_time":29.123,"shift":0,"time":29.123},{"$id":"233","type":0,"pos":0.5,"size":0.7,"_time":29.123,"shift":0,"time":29.123},{"$id":"234","type":0,"pos":0.7,"size":0.7,"_time":29.19331,"shift":0,"time":29.19331},{"$id":"235","type":0,"pos":0,"size":0.7,"_time":29.28706,"shift":0,"time":29.28706},{"$id":"236","type":0,"pos":0.5,"size":0.7,"_time":29.498,"shift":0,"time":29.498},{"$id":"237","type":0,"pos":-1.5,"size":1.7,"_time":29.498,"shift":0,"time":29.498},{"$id":"238","type":0,"pos":0.7,"size":0.7,"_time":29.56831,"shift":0,"time":29.56831},{"$id":"239","type":0,"pos":0,"size":0.7,"_time":29.66206,"shift":0,"time":29.66206},{"$id":"240","type":0,"pos":0.5,"size":0.7,"_time":29.873,"shift":0,"time":29.873},{"$id":"241","type":0,"pos":-1.5,"size":1.7,"_time":29.873,"shift":0,"time":29.873},{"$id":"242","type":0,"pos":0.7,"size":0.7,"_time":29.94331,"shift":0,"time":29.94331},{"$id":"243","type":0,"pos":0,"size":0.7,"_time":30.03706,"shift":0,"time":30.03706},{"$id":"244","type":0,"pos":0.5,"size":0.7,"_time":30.248,"shift":0,"time":30.248},{"$id":"245","type":0,"pos":-1.5,"size":1.7,"_time":30.248,"shift":0,"time":30.248},{"$id":"246","type":0,"pos":0.7,"size":0.7,"_time":30.31831,"shift":0,"time":30.31831},{"$id":"247","type":0,"pos":0,"size":0.7,"_time":30.41206,"shift":0,"time":30.41206},{"$id":"248","type":0,"pos":0.5,"size":0.7,"_time":30.623,"shift":0,"time":30.623},{"$id":"249","type":0,"pos":-1.5,"size":1.7,"_time":30.623,"shift":0,"time":30.623},{"$id":"250","type":0,"pos":0.7,"size":0.7,"_time":30.69331,"shift":0,"time":30.69331},{"$id":"251","type":0,"pos":0,"size":0.7,"_time":30.78706,"shift":0,"time":30.78706},{"$id":"252","type":0,"pos":0.5,"size":0.7,"_time":30.998,"shift":0,"time":30.998},{"$id":"253","type":0,"pos":-1.5,"size":1.7,"_time":30.998,"shift":0,"time":30.998},{"$id":"254","type":0,"pos":0.7,"size":0.7,"_time":31.06831,"shift":0,"time":31.06831},{"$id":"255","type":0,"pos":0,"size":0.7,"_time":31.16206,"shift":0,"time":31.16206},{"$id":"256","type":0,"pos":0,"size":0.7,"_time":31.373,"shift":0,"time":31.373},{"$id":"257","type":0,"pos":-2,"size":1.7,"_time":31.373,"shift":0,"time":31.373},{"$id":"258","type":0,"pos":0.2,"size":0.7,"_time":31.44331,"shift":0,"time":31.44331},{"$id":"259","type":0,"pos":-0.5,"size":0.7,"_time":31.53706,"shift":0,"time":31.53706},{"$id":"260","type":0,"pos":-2,"size":1.7,"_time":31.748,"shift":0,"time":31.748},{"$id":"261","type":0,"pos":0,"size":0.7,"_time":31.748,"shift":0,"time":31.748},{"$id":"262","type":0,"pos":0.2,"size":0.7,"_time":31.81831,"shift":0,"time":31.81831},{"$id":"263","type":0,"pos":-0.5,"size":0.7,"_time":31.91206,"shift":0,"time":31.91206},{"$id":"264","type":0,"pos":-2,"size":1.7,"_time":32.123,"shift":0,"time":32.123},{"$id":"265","type":0,"pos":0,"size":0.7,"_time":32.123,"shift":0,"time":32.123},{"$id":"266","type":0,"pos":0.2,"size":0.7,"_time":32.19331,"shift":0,"time":32.19331},{"$id":"267","type":0,"pos":-0.5,"size":0.7,"_time":32.28706,"shift":0,"time":32.28706},{"$id":"268","type":0,"pos":0,"size":0.7,"_time":32.498,"shift":0,"time":32.498},{"$id":"269","type":0,"pos":-2,"size":1.7,"_time":32.498,"shift":0,"time":32.498},{"$id":"270","type":0,"pos":0.2,"size":0.7,"_time":32.56831,"shift":0,"time":32.56831},{"$id":"271","type":0,"pos":-0.5,"size":0.7,"_time":32.66206,"shift":0,"time":32.66206},{"$id":"272","type":0,"pos":-2,"size":1.7,"_time":32.873,"shift":0,"time":32.873},{"$id":"273","type":0,"pos":0,"size":0.7,"_time":32.873,"shift":0,"time":32.873},{"$id":"274","type":0,"pos":0.2,"size":0.7,"_time":32.94331,"shift":0,"time":32.94331},{"$id":"275","type":0,"pos":-0.5,"size":0.7,"_time":33.03706,"shift":0,"time":33.03706},{"$id":"276","type":0,"pos":0,"size":0.7,"_time":33.248,"shift":0,"time":33.248},{"$id":"277","type":0,"pos":-2,"size":1.7,"_time":33.248,"shift":0,"time":33.248},{"$id":"278","type":0,"pos":0.2,"size":0.7,"_time":33.31831,"shift":0,"time":33.31831},{"$id":"279","type":0,"pos":-0.5,"size":0.7,"_time":33.41206,"shift":0,"time":33.41206},{"$id":"280","type":0,"pos":-2,"size":1.7,"_time":33.623,"shift":0,"time":33.623},{"$id":"281","type":0,"pos":0,"size":0.7,"_time":33.623,"shift":0,"time":33.623},{"$id":"282","type":0,"pos":0.2,"size":0.7,"_time":33.69331,"shift":0,"time":33.69331},{"$id":"283","type":0,"pos":-0.5,"size":0.7,"_time":33.78706,"shift":0,"time":33.78706},{"$id":"284","type":0,"pos":0,"size":0.7,"_time":33.998,"shift":0,"time":33.998},{"$id":"285","type":0,"pos":-2,"size":1.7,"_time":33.998,"shift":0,"time":33.998},{"$id":"286","type":0,"pos":0.2,"size":0.7,"_time":34.06831,"shift":0,"time":34.06831},{"$id":"287","type":0,"pos":-0.5,"size":0.7,"_time":34.16206,"shift":0,"time":34.16206},{"$id":"288","type":0,"pos":0.5,"size":1,"_time":34.373,"shift":0,"time":34.373},{"$id":"289","type":0,"pos":-1.2,"size":1,"_time":34.374,"shift":0,"time":34.374},{"$id":"290","type":0,"pos":1.5,"size":1,"_time":34.669,"shift":0,"time":34.669},{"$id":"291","type":0,"pos":0,"size":1,"_time":35.45113,"shift":0,"time":35.45113},{"$id":"292","type":0,"pos":0.3,"size":0.7,"_time":53.873,"shift":0,"time":53.873},{"$id":"293","type":0,"pos":0.3,"size":0.7,"_time":54.248,"shift":0,"time":54.248},{"$id":"294","type":0,"pos":0.3,"size":0.7,"_time":54.623,"shift":0,"time":54.623},{"$id":"295","type":0,"pos":0.3,"size":0.7,"_time":54.998,"shift":0,"time":54.998},{"$id":"296","type":0,"pos":0.8,"size":0.85,"_time":55.373,"shift":0,"time":55.373},{"$id":"297","type":0,"pos":0.8,"size":0.85,"_time":55.748,"shift":0,"time":55.748},{"$id":"298","type":0,"pos":0.8,"size":0.85,"_time":56.123,"shift":0,"time":56.123},{"$id":"299","type":0,"pos":0.8,"size":0.85,"_time":56.498,"shift":0,"time":56.498},{"$id":"300","type":0,"pos":1.5,"size":1,"_time":56.873,"shift":0,"time":56.873},{"$id":"301","type":0,"pos":1.5,"size":1,"_time":57.248,"shift":0,"time":57.248},{"$id":"302","type":0,"pos":1.5,"size":1,"_time":57.623,"shift":0,"time":57.623},{"$id":"303","type":0,"pos":1.5,"size":1,"_time":57.998,"shift":0,"time":57.998},{"$id":"304","type":0,"pos":1.5,"size":1,"_time":58.373,"shift":0,"time":58.373},{"$id":"305","type":0,"pos":-2,"size":1,"_time":58.37372,"shift":0,"time":58.37372},{"$id":"306","type":0,"pos":-0.009424211,"size":1,"_time":58.37561,"shift":0,"time":58.37561},{"$id":"307","type":0,"pos":-0.7594242,"size":1,"_time":58.56311,"shift":0,"time":58.56311},{"$id":"308","type":0,"pos":-2,"size":1,"_time":58.74867,"shift":0,"time":58.74867},{"$id":"309","type":0,"pos":-0.009424211,"size":1,"_time":58.75061,"shift":0,"time":58.75061},{"$id":"310","type":0,"pos":-0.7594242,"size":1,"_time":58.93811,"shift":0,"time":58.93811},{"$id":"311","type":0,"pos":-0.1974642,"size":1,"_time":59.12456,"shift":0,"time":59.12456},{"$id":"312","type":0,"pos":-2,"size":1,"_time":59.12933,"shift":0,"time":59.12933},{"$id":"313","type":0,"pos":-1.197464,"size":1,"_time":59.31206,"shift":0,"time":59.31206},{"$id":"314","type":0,"pos":-0.1974642,"size":1,"_time":59.49956,"shift":0,"time":59.49956},{"$id":"315","type":0,"pos":-2,"size":1,"_time":59.50394,"shift":0,"time":59.50394},{"$id":"316","type":0,"pos":-1.197464,"size":1,"_time":59.68706,"shift":0,"time":59.68706},{"$id":"317","type":0,"pos":-0.3163558,"size":1,"_time":59.87491,"shift":0,"time":59.87491},{"$id":"318","type":0,"pos":-2,"size":1,"_time":59.87802,"shift":0,"time":59.87802},{"$id":"319","type":0,"pos":-1.066356,"size":1,"_time":60.06241,"shift":0,"time":60.06241},{"$id":"320","type":0,"pos":-0.3163558,"size":1,"_time":60.24991,"shift":0,"time":60.24991},{"$id":"321","type":0,"pos":-2,"size":1,"_time":60.25393,"shift":0,"time":60.25393},{"$id":"322","type":0,"pos":-1.066356,"size":1,"_time":60.43741,"shift":0,"time":60.43741},{"$id":"323","type":0,"pos":-2,"size":1,"_time":60.62321,"shift":0,"time":60.62321},{"$id":"324","type":0,"pos":-0.272961,"size":1,"_time":60.62321,"shift":0,"time":60.62321},{"$id":"325","type":0,"pos":-1.022961,"size":1,"_time":60.81071,"shift":0,"time":60.81071},{"$id":"326","type":0,"pos":-0.272961,"size":1,"_time":60.99821,"shift":0,"time":60.99821},{"$id":"327","type":0,"pos":-2,"size":1,"_time":60.99891,"shift":0,"time":60.99891},{"$id":"328","type":0,"pos":-1.022961,"size":1,"_time":61.18571,"shift":0,"time":61.18571},{"$id":"329","type":0,"pos":0.4662594,"size":1,"_time":61.37445,"shift":0,"time":61.37445},{"$id":"330","type":0,"pos":-0.2837406,"size":1,"_time":61.56195,"shift":0,"time":61.56195},{"$id":"331","type":0,"pos":0.4662594,"size":1,"_time":61.74945,"shift":0,"time":61.74945},{"$id":"332","type":0,"pos":-0.2837406,"size":1,"_time":61.93695,"shift":0,"time":61.93695},{"$id":"333","type":0,"pos":0.5036691,"size":1,"_time":62.12413,"shift":0,"time":62.12413},{"$id":"334","type":0,"pos":-0.2463309,"size":1,"_time":62.31163,"shift":0,"time":62.31163},{"$id":"335","type":0,"pos":0.5036691,"size":1,"_time":62.49913,"shift":0,"time":62.49913},{"$id":"336","type":0,"pos":-0.2463309,"size":1,"_time":62.68663,"shift":0,"time":62.68663},{"$id":"337","type":0,"pos":1.019853,"size":1,"_time":62.87473,"shift":0,"time":62.87473},{"$id":"338","type":0,"pos":0.269853,"size":1,"_time":63.06223,"shift":0,"time":63.06223},{"$id":"339","type":0,"pos":1.019853,"size":1,"_time":63.24973,"shift":0,"time":63.24973},{"$id":"340","type":0,"pos":0.269853,"size":1,"_time":63.43723,"shift":0,"time":63.43723},{"$id":"341","type":0,"pos":1.057263,"size":1,"_time":63.6244,"shift":0,"time":63.6244},{"$id":"342","type":0,"pos":0.3072628,"size":1,"_time":63.8119,"shift":0,"time":63.8119},{"$id":"343","type":0,"pos":1.057263,"size":1,"_time":63.9994,"shift":0,"time":63.9994},{"$id":"344","type":0,"pos":0.3072628,"size":1,"_time":64.1869,"shift":0,"time":64.1869},{"$id":"345","type":0,"pos":1.029434,"size":1,"_time":64.37165,"shift":0,"time":64.37165},{"$id":"346","type":0,"pos":0.2794344,"size":1,"_time":64.55915,"shift":0,"time":64.55915},{"$id":"347","type":0,"pos":1.029434,"size":1,"_time":64.74665,"shift":0,"time":64.74665},{"$id":"348","type":0,"pos":-1.302392,"size":1,"_time":64.74802,"shift":0,"time":64.74802},{"$id":"349","type":0,"pos":0.2794344,"size":1,"_time":64.93415,"shift":0,"time":64.93415},{"$id":"350","type":0,"pos":1.066844,"size":1,"_time":65.12132,"shift":0,"time":65.12132},{"$id":"351","type":0,"pos":-1.209478,"size":1,"_time":65.12558,"shift":0,"time":65.12558},{"$id":"352","type":0,"pos":0.3168442,"size":1,"_time":65.30882,"shift":0,"time":65.30882},{"$id":"353","type":0,"pos":1.066844,"size":1,"_time":65.49632,"shift":0,"time":65.49632},{"$id":"354","type":0,"pos":-1.201992,"size":1,"_time":65.49747,"shift":0,"time":65.49747},{"$id":"355","type":0,"pos":0.3168442,"size":1,"_time":65.68382,"shift":0,"time":65.68382},{"$id":"356","type":0,"pos":0,"size":1,"_time":65.873,"shift":0,"time":65.873},{"$id":"357","type":0,"pos":1.5,"size":1,"_time":66.0605,"shift":0,"time":66.0605},{"$id":"358","type":0,"pos":1.5,"size":1,"_time":66.15425,"shift":0,"time":66.15425},{"$id":"359","type":0,"pos":1.5,"size":1,"_time":66.248,"shift":0,"time":66.248}],"links":[{"notes":[{"$ref":"34"},{"$ref":"35"}]},{"notes":[{"$ref":"38"},{"$ref":"39"}]},{"notes":[{"$ref":"42"},{"$ref":"43"}]},{"notes":[{"$ref":"46"},{"$ref":"47"}]},{"notes":[{"$ref":"50"},{"$ref":"51"}]},{"notes":[{"$ref":"54"},{"$ref":"55"}]},{"notes":[{"$ref":"58"},{"$ref":"59"}]},{"notes":[{"$ref":"62"},{"$ref":"63"}]},{"notes":[{"$ref":"66"},{"$ref":"67"}]},{"notes":[{"$ref":"70"},{"$ref":"71"}]},{"notes":[{"$ref":"74"},{"$ref":"75"}]},{"notes":[{"$ref":"78"},{"$ref":"79"}]},{"notes":[{"$ref":"82"},{"$ref":"83"}]},{"notes":[{"$ref":"86"},{"$ref":"87"}]},{"notes":[{"$ref":"90"},{"$ref":"91"}]},{"notes":[{"$ref":"94"},{"$ref":"95"}]},{"notes":[{"$ref":"98"}]},{"notes":[{"$ref":"99"}]},{"notes":[{"$ref":"102"}]},{"notes":[{"$ref":"103"}]},{"notes":[{"$ref":"106"}]},{"notes":[{"$ref":"107"}]},{"notes":[{"$ref":"110"}]},{"notes":[{"$ref":"111"}]},{"notes":[{"$ref":"114"}]},{"notes":[{"$ref":"115"}]},{"notes":[{"$ref":"118"}]},{"notes":[{"$ref":"119"}]},{"notes":[{"$ref":"122"}]},{"notes":[{"$ref":"123"}]},{"notes":[{"$ref":"126"}]},{"notes":[{"$ref":"127"}]},{"notes":[{"$ref":"130"}]},{"notes":[{"$ref":"131"}]},{"notes":[{"$ref":"134"}]},{"notes":[{"$ref":"135"}]},{"notes":[{"$ref":"138"}]},{"notes":[{"$ref":"139"}]},{"notes":[{"$ref":"142"}]},{"notes":[{"$ref":"143"}]},{"notes":[{"$ref":"146"}]},{"notes":[{"$ref":"147"}]},{"notes":[{"$ref":"150"}]},{"notes":[{"$ref":"151"}]},{"notes":[{"$ref":"154"}]},{"notes":[{"$ref":"155"}]},{"notes":[{"$ref":"158"}]},{"notes":[{"$ref":"159"}]},{"notes":[{"$ref":"162"}]},{"notes":[{"$ref":"163"}]},{"notes":[{"$ref":"166"}]},{"notes":[{"$ref":"167"}]},{"notes":[{"$ref":"170"}]},{"notes":[{"$ref":"171"}]},{"notes":[{"$ref":"174"}]},{"notes":[{"$ref":"175"}]},{"notes":[{"$ref":"178"}]},{"notes":[{"$ref":"179"}]},{"notes":[{"$ref":"182"}]},{"notes":[{"$ref":"183"}]},{"notes":[{"$ref":"186"}]},{"notes":[{"$ref":"187"}]},{"notes":[{"$ref":"190"}]},{"notes":[{"$ref":"191"}]},{"notes":[{"$ref":"194"}]},{"notes":[{"$ref":"195"}]},{"notes":[{"$ref":"198"}]},{"notes":[{"$ref":"199"}]},{"notes":[{"$ref":"202"}]},{"notes":[{"$ref":"203"}]},{"notes":[{"$ref":"206"}]},{"notes":[{"$ref":"207"}]},{"notes":[{"$ref":"210"}]},{"notes":[{"$ref":"211"}]},{"notes":[{"$ref":"214"}]},{"notes":[{"$ref":"215"}]},{"notes":[{"$ref":"218"}]},{"notes":[{"$ref":"219"}]},{"notes":[{"$ref":"222"}]},{"notes":[{"$ref":"223"}]},{"notes":[{"$ref":"226"}]},{"notes":[{"$ref":"227"}]},{"notes":[{"$ref":"230"}]},{"notes":[{"$ref":"231"}]},{"notes":[{"$ref":"234"}]},{"notes":[{"$ref":"235"}]},{"notes":[{"$ref":"238"}]},{"notes":[{"$ref":"239"}]},{"notes":[{"$ref":"242"}]},{"notes":[{"$ref":"243"}]},{"notes":[{"$ref":"246"}]},{"notes":[{"$ref":"247"}]},{"notes":[{"$ref":"250"}]},{"notes":[{"$ref":"251"}]},{"notes":[{"$ref":"254"}]},{"notes":[{"$ref":"255"}]},{"notes":[{"$ref":"258"}]},{"notes":[{"$ref":"259"}]},{"notes":[{"$ref":"262"}]},{"notes":[{"$ref":"263"}]},{"notes":[{"$ref":"266"}]},{"notes":[{"$ref":"267"}]},{"notes":[{"$ref":"270"}]},{"notes":[{"$ref":"271"}]},{"notes":[{"$ref":"274"}]},{"notes":[{"$ref":"275"}]},{"notes":[{"$ref":"278"}]},{"notes":[{"$ref":"279"}]},{"notes":[{"$ref":"282"}]},{"notes":[{"$ref":"283"}]},{"notes":[{"$ref":"286"}]},{"notes":[{"$ref":"287"}]},{"notes":[{"$ref":"289"}]}]}