{"speed":0,"notes":[{"$id":"1","type":0,"sounds":[{"w":0,"d":0,"p":72,"v":0}],"pos":1.25,"size":1.4,"_time":0,"shift":0,"time":0},{"$id":"2","type":0,"sounds":[{"w":0,"d":0,"p":72,"v":0}],"pos":-0.75,"size":1.5,"_time":0,"shift":0,"time":0},{"$id":"3","type":0,"sounds":[{"w":0,"d":0,"p":72,"v":0}],"pos":-1.75,"size":1.4,"_time":1.034483,"shift":0,"time":1.034483},{"$id":"4","type":0,"sounds":[{"w":0,"d":0,"p":72,"v":0}],"pos":0,"size":1.3,"_time":1.034483,"shift":0,"time":1.034483},{"$id":"5","type":0,"sounds":[{"w":0,"d":0,"p":72,"v":0}],"pos":-0.25,"size":1.4,"_time":2.456897,"shift":0,"time":2.456897},{"$id":"6","type":0,"sounds":[{"w":0,"d":0,"p":72,"v":0}],"pos":1.75,"size":1.3,"_time":2.456897,"shift":0,"time":2.456897},{"$id":"7","type":0,"sounds":[{"w":0,"d":0,"p":72,"v":0}],"pos":1.25,"size":1.2,"_time":4.137931,"shift":0,"time":4.137931},{"$id":"8","type":0,"sounds":[{"w":0,"d":0,"p":72,"v":0}],"pos":0,"size":1.2,"_time":4.482759,"shift":0,"time":4.482759},{"$id":"9","type":0,"sounds":[{"w":0,"d":0,"p":72,"v":0}],"pos":-1.5,"size":1.2,"_time":4.827586,"shift":0,"time":4.827586},{"$id":"10","type":0,"sounds":[{"w":0,"d":0,"p":72,"v":0}],"pos":2,"size":1.4,"_time":5.172413,"shift":0,"time":5.172413},{"$id":"11","type":0,"sounds":[{"w":0,"d":0,"p":72,"v":0}],"pos":-0.25,"size":1.2,"_time":5.172414,"shift":0,"time":5.172414},{"$id":"12","type":0,"sounds":[{"w":0,"d":0,"p":72,"v":0}],"pos":-0.75,"size":1.3,"_time":6.465517,"shift":0,"time":6.465517},{"$id":"13","type":0,"sounds":[{"w":0,"d":0,"p":72,"v":0}],"pos":1.5,"size":1.1,"_time":6.50862,"shift":0,"time":6.50862},{"$id":"14","type":0,"sounds":[{"w":0,"d":0,"p":72,"v":0}],"pos":-1.25,"size":1.1,"_time":7.241379,"shift":0,"time":7.241379},{"$id":"15","type":0,"sounds":[{"w":0,"d":0,"p":72,"v":0}],"pos":-0.75,"size":1.4,"_time":7.931035,"shift":0,"time":7.931035},{"$id":"16","type":0,"sounds":[{"w":0,"d":0,"p":72,"v":0}],"pos":1.5,"size":1.2,"_time":7.931035,"shift":0,"time":7.931035},{"$id":"17","type":0,"sounds":[{"w":0,"d":0,"p":72,"v":0}],"pos":0.5,"size":0.9,"_time":8.534483,"shift":0,"time":8.534483},{"$id":"18","type":0,"sounds":[{"w":0,"d":0,"p":72,"v":0}],"pos":1.25,"size":1.2,"_time":9.655172,"shift":0,"time":9.655172},{"$id":"19","type":0,"sounds":[{"w":0,"d":0,"p":72,"v":0}],"pos":0,"size":1.2,"_time":10,"shift":0,"time":10},{"$id":"20","type":0,"sounds":[{"w":0,"d":0,"p":72,"v":0}],"pos":-1.5,"size":1.2,"_time":10.34483,"shift":0,"time":10.34483},{"$id":"21","type":0,"sounds":[{"w":0,"d":0,"p":72,"v":0}],"pos":1.75,"size":1.2,"_time":10.68966,"shift":0,"time":10.68966},{"$id":"22","type":0,"sounds":[{"w":0,"d":0,"p":72,"v":0}],"pos":-0.5,"size":1.4,"_time":10.68966,"shift":0,"time":10.68966},{"$id":"23","type":0,"sounds":[{"w":0,"d":0,"p":72,"v":0}],"pos":-0.75,"size":1.2,"_time":11.37931,"shift":0,"time":11.37931},{"$id":"24","type":0,"sounds":[{"w":0,"d":0,"p":72,"v":0}],"pos":-2,"size":1.2,"_time":11.55172,"shift":0,"time":11.55172},{"$id":"25","type":0,"sounds":[{"w":0,"d":0,"p":72,"v":0}],"pos":0.25,"size":1.1,"_time":11.72414,"shift":0,"time":11.72414},{"$id":"26","type":0,"sounds":[{"w":0,"d":0,"p":72,"v":0}],"pos":-1,"size":1.2,"_time":11.89655,"shift":0,"time":11.89655},{"$id":"27","type":0,"sounds":[{"w":0,"d":0,"p":72,"v":0}],"pos":0.75,"size":1.2,"_time":12.06897,"shift":0,"time":12.06897},{"$id":"28","type":0,"sounds":[{"w":0,"d":0,"p":72,"v":0}],"pos":1.25,"size":1.2,"_time":12.11207,"shift":0,"time":12.11207},{"$id":"29","type":0,"sounds":[{"w":0,"d":0,"p":72,"v":0}],"pos":1.75,"size":1.2,"_time":12.15517,"shift":0,"time":12.15517},{"$id":"30","type":0,"sounds":[{"w":0,"d":0,"p":72,"v":0}],"pos":0.75,"size":1.2,"_time":12.75862,"shift":0,"time":12.75862},{"$id":"31","type":0,"sounds":[{"w":0,"d":0,"p":72,"v":0}],"pos":2,"size":1.2,"_time":12.93103,"shift":0,"time":12.93103},{"$id":"32","type":0,"sounds":[{"w":0,"d":0,"p":72,"v":0}],"pos":-0.25,"size":1.1,"_time":13.10345,"shift":0,"time":13.10345},{"$id":"33","type":0,"sounds":[{"w":0,"d":0,"p":72,"v":0}],"pos":1,"size":1.2,"_time":13.27586,"shift":0,"time":13.27586},{"$id":"34","type":0,"sounds":[{"w":0,"d":0,"p":72,"v":0}],"pos":-0.75,"size":1.2,"_time":13.44828,"shift":0,"time":13.44828},{"$id":"35","type":0,"sounds":[{"w":0,"d":0,"p":72,"v":0}],"pos":1.5,"size":1.2,"_time":13.44828,"shift":0,"time":13.44828},{"$id":"36","type":0,"sounds":[{"w":0,"d":0,"p":72,"v":0}],"pos":1,"size":1.2,"_time":13.49138,"shift":0,"time":13.49138},{"$id":"37","type":0,"sounds":[{"w":0,"d":0,"p":72,"v":0}],"pos":-1.25,"size":1.2,"_time":13.49138,"shift":0,"time":13.49138},{"$id":"38","type":0,"sounds":[{"w":0,"d":0,"p":72,"v":0}],"pos":-1.75,"size":1.2,"_time":13.53448,"shift":0,"time":13.53448},{"$id":"39","type":0,"sounds":[{"w":0,"d":0,"p":72,"v":0}],"pos":0.5,"size":1.2,"_time":13.53448,"shift":0,"time":13.53448},{"$id":"40","type":0,"sounds":[{"w":0,"d":0,"p":72,"v":0}],"pos":-0.25,"size":1.2,"_time":14.09483,"shift":0,"time":14.09483},{"$id":"41","type":0,"sounds":[{"w":0,"d":0,"p":72,"v":0}],"pos":0.5,"size":1.1,"_time":14.13793,"shift":0,"time":14.13793},{"$id":"42","type":0,"sounds":[{"w":0,"d":0,"p":72,"v":0}],"pos":1.25,"size":1,"_time":14.18104,"shift":0,"time":14.18104},{"$id":"43","type":0,"sounds":[{"w":0,"d":0,"p":72,"v":0}],"pos":0.75,"size":1.3,"_time":14.82759,"shift":0,"time":14.82759},{"$id":"44","type":0,"sounds":[{"w":0,"d":0,"p":72,"v":0}],"pos":-0.75,"size":1.2,"_time":14.82759,"shift":0,"time":14.82759},{"$id":"45","type":0,"sounds":[{"w":0,"d":0,"p":72,"v":0}],"pos":0.75,"size":1.3,"_time":15.43103,"shift":0,"time":15.43103},{"$id":"46","type":0,"sounds":[{"w":0,"d":0,"p":72,"v":0}],"pos":-1.25,"size":1.2,"_time":15.43104,"shift":0,"time":15.43104},{"$id":"47","type":0,"sounds":[{"w":0,"d":0,"p":72,"v":0}],"pos":0.75,"size":1.3,"_time":16.12069,"shift":0,"time":16.12069},{"$id":"48","type":0,"sounds":[{"w":0,"d":0,"p":72,"v":0}],"pos":-1.75,"size":1.2,"_time":16.12069,"shift":0,"time":16.12069},{"$id":"49","type":0,"sounds":[{"w":0,"d":0,"p":72,"v":0}],"pos":-0.25,"size":1.1,"_time":16.89655,"shift":0,"time":16.89655},{"$id":"50","type":0,"sounds":[{"w":0,"d":0,"p":72,"v":0}],"pos":-1.75,"size":1.2,"_time":17.06897,"shift":0,"time":17.06897},{"$id":"51","type":0,"sounds":[{"w":0,"d":0,"p":72,"v":0}],"pos":-0.75,"size":1.1,"_time":17.24138,"shift":0,"time":17.24138},{"$id":"52","type":0,"sounds":[{"w":0,"d":0,"p":72,"v":0}],"pos":0.25,"size":1.2,"_time":17.41379,"shift":0,"time":17.41379},{"$id":"53","type":0,"sounds":[{"w":0,"d":0,"p":72,"v":0}],"pos":1.25,"size":1,"_time":17.58621,"shift":0,"time":17.58621},{"$id":"54","type":0,"sounds":[{"w":0,"d":0,"p":72,"v":0}],"pos":1.75,"size":0.9,"_time":17.67241,"shift":0,"time":17.67241},{"$id":"55","type":0,"sounds":[{"w":0,"d":0,"p":72,"v":0}],"pos":0.75,"size":0.9,"_time":17.97414,"shift":0,"time":17.97414},{"$id":"56","type":0,"sounds":[{"w":0,"d":0,"p":72,"v":0}],"pos":-1,"size":1.3,"_time":18.23276,"shift":0,"time":18.23276},{"$id":"57","type":0,"sounds":[{"w":0,"d":0,"p":72,"v":0}],"pos":2,"size":1,"_time":18.23276,"shift":0,"time":18.23276},{"$id":"58","type":0,"sounds":[{"w":0,"d":0,"p":72,"v":0}],"pos":1.75,"size":1,"_time":18.49138,"shift":0,"time":18.49138},{"$id":"59","type":0,"sounds":[{"w":0,"d":0,"p":72,"v":0}],"pos":-0.5,"size":0.9,"_time":18.62069,"shift":0,"time":18.62069},{"$id":"60","type":0,"sounds":[{"w":0,"d":0,"p":72,"v":0}],"pos":1.5,"size":0.9,"_time":18.75,"shift":0,"time":18.75},{"$id":"61","type":0,"sounds":[{"w":0,"d":0,"p":72,"v":0}],"pos":0.5,"size":1.1,"_time":18.87931,"shift":0,"time":18.87931},{"$id":"62","type":0,"sounds":[{"w":0,"d":0,"p":72,"v":0}],"pos":-1.25,"size":1.3,"_time":18.87931,"shift":0,"time":18.87931},{"$id":"63","type":0,"sounds":[{"w":0,"d":0,"p":72,"v":0}],"pos":1.5,"size":1,"_time":20.17241,"shift":0,"time":20.17241},{"$id":"64","type":0,"sounds":[{"w":0,"d":0,"p":72,"v":0}],"pos":-0.25,"size":1,"_time":20.25862,"shift":0,"time":20.25862},{"$id":"65","type":0,"sounds":[{"w":0,"d":0,"p":72,"v":0}],"pos":1,"size":1.1,"_time":20.34483,"shift":0,"time":20.34483},{"$id":"66","type":0,"sounds":[{"w":0,"d":0,"p":72,"v":0}],"pos":-1,"size":1.4,"_time":20.34483,"shift":0,"time":20.34483},{"$id":"67","type":0,"sounds":[{"w":0,"d":0,"p":72,"v":0}],"pos":-1.75,"size":0.9,"_time":21.03448,"shift":0,"time":21.03448},{"$id":"68","type":0,"pos":-2,"size":0.6999999,"_time":21.72413,"shift":0,"time":21.72413},{"$id":"69","type":0,"pos":0.75,"size":1.3,"_time":21.72414,"shift":0,"time":21.72414},{"$id":"70","type":0,"pos":-0.75,"size":0.6999999,"_time":21.81034,"shift":0,"time":21.81034},{"$id":"71","type":0,"pos":-2,"size":0.6999999,"_time":21.89655,"shift":0,"time":21.89655},{"$id":"72","type":0,"pos":2,"size":1.3,"_time":21.89655,"shift":0,"time":21.89655},{"$id":"73","type":0,"pos":0.75,"size":1.3,"_time":22.06897,"shift":0,"time":22.06897},{"$id":"74","type":0,"pos":-1.5,"size":0.6999999,"_time":22.06897,"shift":0,"time":22.06897},{"$id":"75","type":0,"pos":-2,"size":0.6999999,"_time":22.24138,"shift":0,"time":22.24138},{"$id":"76","type":0,"pos":1.5,"size":1.3,"_time":22.24138,"shift":0,"time":22.24138},{"$id":"77","type":0,"pos":0,"size":1.3,"_time":22.41379,"shift":0,"time":22.41379},{"$id":"78","type":0,"pos":-1.5,"size":0.6999999,"_time":22.41379,"shift":0,"time":22.41379},{"$id":"79","type":0,"pos":2,"size":1.3,"_time":22.5862,"shift":0,"time":22.5862},{"$id":"80","type":0,"pos":-2,"size":0.6999999,"_time":22.58621,"shift":0,"time":22.58621},{"$id":"81","type":0,"pos":0.75,"size":1.3,"_time":22.75862,"shift":0,"time":22.75862},{"$id":"82","type":0,"pos":-1.5,"size":0.6999999,"_time":22.75862,"shift":0,"time":22.75862},{"$id":"83","type":0,"pos":-0.5,"size":1.3,"_time":22.93103,"shift":0,"time":22.93103},{"$id":"84","type":0,"pos":-2,"size":0.6999999,"_time":22.93103,"shift":0,"time":22.93103},{"$id":"85","type":0,"pos":0.75,"size":1.3,"_time":23.10345,"shift":0,"time":23.10345},{"$id":"86","type":0,"pos":-2,"size":0.6999999,"_time":23.10345,"shift":0,"time":23.10345},{"$id":"87","type":0,"pos":-0.75,"size":0.6999999,"_time":23.18966,"shift":0,"time":23.18966},{"$id":"88","type":0,"pos":2,"size":1.3,"_time":23.27586,"shift":0,"time":23.27586},{"$id":"89","type":0,"pos":-2,"size":0.6999999,"_time":23.27586,"shift":0,"time":23.27586},{"$id":"90","type":0,"pos":0.75,"size":1.3,"_time":23.44827,"shift":0,"time":23.44827},{"$id":"91","type":0,"pos":-1.5,"size":0.6999999,"_time":23.44828,"shift":0,"time":23.44828},{"$id":"92","type":0,"pos":1.5,"size":1.3,"_time":23.62069,"shift":0,"time":23.62069},{"$id":"93","type":0,"pos":-2,"size":0.6999999,"_time":23.62069,"shift":0,"time":23.62069},{"$id":"94","type":0,"pos":0,"size":1.3,"_time":23.7931,"shift":0,"time":23.7931},{"$id":"95","type":0,"pos":-1.5,"size":0.6999999,"_time":23.7931,"shift":0,"time":23.7931},{"$id":"96","type":0,"pos":2,"size":1.3,"_time":23.96551,"shift":0,"time":23.96551},{"$id":"97","type":0,"pos":-2,"size":0.6999999,"_time":23.96552,"shift":0,"time":23.96552},{"$id":"98","type":0,"pos":0.75,"size":1.3,"_time":24.13793,"shift":0,"time":24.13793},{"$id":"99","type":0,"pos":-1.5,"size":0.6999999,"_time":24.13793,"shift":0,"time":24.13793},{"$id":"100","type":0,"pos":-0.5,"size":1.3,"_time":24.31034,"shift":0,"time":24.31034},{"$id":"101","type":0,"pos":-2,"size":0.6999999,"_time":24.31034,"shift":0,"time":24.31034},{"$id":"102","type":0,"pos":0.75,"size":1.3,"_time":24.48276,"shift":0,"time":24.48276},{"$id":"103","type":0,"pos":-2,"size":0.6999999,"_time":24.48276,"shift":0,"time":24.48276},{"$id":"104","type":0,"pos":-0.75,"size":0.6999999,"_time":24.56897,"shift":0,"time":24.56897},{"$id":"105","type":0,"pos":2,"size":1.3,"_time":24.65517,"shift":0,"time":24.65517},{"$id":"106","type":0,"pos":-2,"size":0.6999999,"_time":24.65517,"shift":0,"time":24.65517},{"$id":"107","type":0,"pos":0.75,"size":1.3,"_time":24.82759,"shift":0,"time":24.82759},{"$id":"108","type":0,"pos":-1.5,"size":0.6999999,"_time":24.82759,"shift":0,"time":24.82759},{"$id":"109","type":0,"pos":1.5,"size":1.3,"_time":25,"shift":0,"time":25},{"$id":"110","type":0,"pos":-2,"size":0.6999999,"_time":25,"shift":0,"time":25},{"$id":"111","type":0,"pos":0,"size":1.3,"_time":25.17241,"shift":0,"time":25.17241},{"$id":"112","type":0,"pos":-1.5,"size":0.6999999,"_time":25.17241,"shift":0,"time":25.17241},{"$id":"113","type":0,"pos":2,"size":1.3,"_time":25.34482,"shift":0,"time":25.34482},{"$id":"114","type":0,"pos":-2,"size":0.6999999,"_time":25.34483,"shift":0,"time":25.34483},{"$id":"115","type":0,"pos":0.75,"size":1.3,"_time":25.51724,"shift":0,"time":25.51724},{"$id":"116","type":0,"pos":-1.5,"size":0.6999999,"_time":25.51724,"shift":0,"time":25.51724},{"$id":"117","type":0,"pos":-0.5,"size":1.3,"_time":25.68965,"shift":0,"time":25.68965},{"$id":"118","type":0,"pos":-2,"size":0.6999999,"_time":25.68966,"shift":0,"time":25.68966},{"$id":"119","type":0,"pos":0.25,"size":1.3,"_time":25.86207,"shift":0,"time":25.86207},{"$id":"120","type":0,"pos":-2,"size":0.6999999,"_time":25.86207,"shift":0,"time":25.86207},{"$id":"121","type":0,"pos":-0.5,"size":0.6999999,"_time":25.94827,"shift":0,"time":25.94827},{"$id":"122","type":0,"pos":-2,"size":0.6999999,"_time":26.03448,"shift":0,"time":26.03448},{"$id":"123","type":0,"pos":1.25,"size":1.3,"_time":26.03448,"shift":0,"time":26.03448},{"$id":"124","type":0,"pos":2,"size":1.3,"_time":26.2069,"shift":0,"time":26.2069},{"$id":"125","type":0,"pos":-1.5,"size":0.6999999,"_time":26.2069,"shift":0,"time":26.2069},{"$id":"126","type":0,"pos":-0.5,"size":1.3,"_time":26.37931,"shift":0,"time":26.37931},{"$id":"127","type":0,"pos":-2,"size":0.6999999,"_time":26.37931,"shift":0,"time":26.37931},{"$id":"128","type":0,"pos":1.25,"size":1.3,"_time":26.55172,"shift":0,"time":26.55172},{"$id":"129","type":0,"pos":-1.5,"size":0.6999999,"_time":26.55173,"shift":0,"time":26.55173},{"$id":"130","type":0,"pos":-2,"size":0.6999999,"_time":26.72414,"shift":0,"time":26.72414},{"$id":"131","type":0,"pos":0,"size":1.3,"_time":26.72414,"shift":0,"time":26.72414},{"$id":"132","type":0,"pos":1.25,"size":1.3,"_time":26.89655,"shift":0,"time":26.89655},{"$id":"133","type":0,"pos":-1.5,"size":0.6999999,"_time":26.89655,"shift":0,"time":26.89655},{"$id":"134","type":0,"pos":0,"size":1.3,"_time":27.06896,"shift":0,"time":27.06896},{"$id":"135","type":0,"pos":-2,"size":0.6999999,"_time":27.06897,"shift":0,"time":27.06897},{"$id":"136","type":0,"pos":0.75,"size":1.3,"_time":27.24138,"shift":0,"time":27.24138},{"$id":"137","type":0,"pos":-2,"size":0.6999999,"_time":27.24138,"shift":0,"time":27.24138},{"$id":"138","type":0,"pos":-0.75,"size":0.6999999,"_time":27.32759,"shift":0,"time":27.32759},{"$id":"139","type":0,"pos":2,"size":1.3,"_time":27.41379,"shift":0,"time":27.41379},{"$id":"140","type":0,"pos":-2,"size":0.6999999,"_time":27.41379,"shift":0,"time":27.41379},{"$id":"141","type":0,"pos":0.75,"size":1.3,"_time":27.5862,"shift":0,"time":27.5862},{"$id":"142","type":0,"pos":-1.5,"size":0.6999999,"_time":27.58621,"shift":0,"time":27.58621},{"$id":"143","type":0,"pos":1.5,"size":1.3,"_time":27.75862,"shift":0,"time":27.75862},{"$id":"144","type":0,"pos":-2,"size":0.6999999,"_time":27.75862,"shift":0,"time":27.75862},{"$id":"145","type":0,"pos":0,"size":1.3,"_time":27.93103,"shift":0,"time":27.93103},{"$id":"146","type":0,"pos":-1.5,"size":0.6999999,"_time":27.93103,"shift":0,"time":27.93103},{"$id":"147","type":0,"pos":2,"size":1.3,"_time":28.10344,"shift":0,"time":28.10344},{"$id":"148","type":0,"pos":-2,"size":0.6999999,"_time":28.10345,"shift":0,"time":28.10345},{"$id":"149","type":0,"pos":0.75,"size":1.3,"_time":28.27586,"shift":0,"time":28.27586},{"$id":"150","type":0,"pos":-1.5,"size":0.6999999,"_time":28.27586,"shift":0,"time":28.27586},{"$id":"151","type":0,"pos":-0.5,"size":1.3,"_time":28.44827,"shift":0,"time":28.44827},{"$id":"152","type":0,"pos":-2,"size":0.6999999,"_time":28.44828,"shift":0,"time":28.44828},{"$id":"153","type":0,"pos":0.75,"size":1.3,"_time":28.62068,"shift":0,"time":28.62068},{"$id":"154","type":0,"pos":-2,"size":0.6999999,"_time":28.62069,"shift":0,"time":28.62069},{"$id":"155","type":0,"pos":-0.75,"size":0.6999999,"_time":28.7069,"shift":0,"time":28.7069},{"$id":"156","type":0,"pos":2,"size":1.3,"_time":28.7931,"shift":0,"time":28.7931},{"$id":"157","type":0,"pos":-2,"size":0.6999999,"_time":28.7931,"shift":0,"time":28.7931},{"$id":"158","type":0,"pos":0.75,"size":1.3,"_time":28.96551,"shift":0,"time":28.96551},{"$id":"159","type":0,"pos":-1.5,"size":0.6999999,"_time":28.96552,"shift":0,"time":28.96552},{"$id":"160","type":0,"pos":1.5,"size":1.3,"_time":29.13792,"shift":0,"time":29.13792},{"$id":"161","type":0,"pos":-2,"size":0.6999999,"_time":29.13793,"shift":0,"time":29.13793},{"$id":"162","type":0,"pos":0,"size":1.3,"_time":29.31034,"shift":0,"time":29.31034},{"$id":"163","type":0,"pos":-1.5,"size":0.6999999,"_time":29.31034,"shift":0,"time":29.31034},{"$id":"164","type":0,"pos":2,"size":1.3,"_time":29.48275,"shift":0,"time":29.48275},{"$id":"165","type":0,"pos":-2,"size":0.6999999,"_time":29.48276,"shift":0,"time":29.48276},{"$id":"166","type":0,"pos":0.75,"size":1.3,"_time":29.65517,"shift":0,"time":29.65517},{"$id":"167","type":0,"pos":-1.5,"size":0.6999999,"_time":29.65517,"shift":0,"time":29.65517},{"$id":"168","type":0,"pos":-0.5,"size":1.3,"_time":29.82758,"shift":0,"time":29.82758},{"$id":"169","type":0,"pos":-2,"size":0.6999999,"_time":29.82759,"shift":0,"time":29.82759},{"$id":"170","type":0,"pos":0.75,"size":1.3,"_time":30,"shift":0,"time":30},{"$id":"171","type":0,"pos":-2,"size":0.6999999,"_time":30,"shift":0,"time":30},{"$id":"172","type":0,"pos":-0.75,"size":0.6999999,"_time":30.08621,"shift":0,"time":30.08621},{"$id":"173","type":0,"pos":2,"size":1.3,"_time":30.17241,"shift":0,"time":30.17241},{"$id":"174","type":0,"pos":-2,"size":0.6999999,"_time":30.17241,"shift":0,"time":30.17241},{"$id":"175","type":0,"pos":0.75,"size":1.3,"_time":30.34482,"shift":0,"time":30.34482},{"$id":"176","type":0,"pos":-1.5,"size":0.6999999,"_time":30.34483,"shift":0,"time":30.34483},{"$id":"177","type":0,"pos":1.5,"size":1.3,"_time":30.51724,"shift":0,"time":30.51724},{"$id":"178","type":0,"pos":-2,"size":0.6999999,"_time":30.51724,"shift":0,"time":30.51724},{"$id":"179","type":0,"pos":0,"size":1.3,"_time":30.68965,"shift":0,"time":30.68965},{"$id":"180","type":0,"pos":-1.5,"size":0.6999999,"_time":30.68966,"shift":0,"time":30.68966},{"$id":"181","type":0,"pos":2,"size":1.3,"_time":30.86206,"shift":0,"time":30.86206},{"$id":"182","type":0,"pos":-2,"size":0.6999999,"_time":30.86207,"shift":0,"time":30.86207},{"$id":"183","type":0,"pos":0.75,"size":1.3,"_time":31.03448,"shift":0,"time":31.03448},{"$id":"184","type":0,"pos":-1.5,"size":0.6999999,"_time":31.03448,"shift":0,"time":31.03448},{"$id":"185","type":0,"pos":-0.5,"size":1.3,"_time":31.20689,"shift":0,"time":31.20689},{"$id":"186","type":0,"pos":-2,"size":0.6999999,"_time":31.2069,"shift":0,"time":31.2069},{"$id":"187","type":0,"pos":0.25,"size":1.3,"_time":31.37931,"shift":0,"time":31.37931},{"$id":"188","type":0,"pos":-2,"size":0.6999999,"_time":31.37931,"shift":0,"time":31.37931},{"$id":"189","type":0,"pos":-0.5,"size":0.6999999,"_time":31.46552,"shift":0,"time":31.46552},{"$id":"190","type":0,"pos":1.25,"size":1.3,"_time":31.55172,"shift":0,"time":31.55172},{"$id":"191","type":0,"pos":-2,"size":0.6999999,"_time":31.55172,"shift":0,"time":31.55172},{"$id":"192","type":0,"pos":2,"size":1.3,"_time":31.72413,"shift":0,"time":31.72413},{"$id":"193","type":0,"pos":-1.5,"size":0.6999999,"_time":31.72414,"shift":0,"time":31.72414},{"$id":"194","type":0,"pos":-0.5,"size":1.3,"_time":31.89655,"shift":0,"time":31.89655},{"$id":"195","type":0,"pos":-2,"size":0.6999999,"_time":31.89655,"shift":0,"time":31.89655},{"$id":"196","type":0,"pos":1.25,"size":1.3,"_time":32.06896,"shift":0,"time":32.06896},{"$id":"197","type":0,"pos":-1.5,"size":0.6999999,"_time":32.06897,"shift":0,"time":32.06897},{"$id":"198","type":0,"pos":0,"size":1.3,"_time":32.24138,"shift":0,"time":32.24138},{"$id":"199","type":0,"pos":-2,"size":0.6999999,"_time":32.24138,"shift":0,"time":32.24138},{"$id":"200","type":0,"pos":1.25,"size":1.3,"_time":32.41379,"shift":0,"time":32.41379},{"$id":"201","type":0,"pos":-1.5,"size":0.6999999,"_time":32.4138,"shift":0,"time":32.4138},{"$id":"202","type":0,"pos":0,"size":1.3,"_time":32.5862,"shift":0,"time":32.5862},{"$id":"203","type":0,"pos":-2,"size":0.6999999,"_time":32.58621,"shift":0,"time":32.58621},{"$id":"204","type":0,"pos":-2,"size":0.6999999,"_time":32.75862,"shift":0,"time":32.75862},{"$id":"205","type":0,"pos":0.75,"size":1.3,"_time":32.75863,"shift":0,"time":32.75863},{"$id":"206","type":0,"pos":-0.75,"size":0.6999999,"_time":32.84483,"shift":0,"time":32.84483},{"$id":"207","type":0,"pos":2,"size":1.3,"_time":32.93104,"shift":0,"time":32.93104},{"$id":"208","type":0,"pos":-2,"size":0.6999999,"_time":32.93104,"shift":0,"time":32.93104},{"$id":"209","type":0,"pos":0.75,"size":1.3,"_time":33.10345,"shift":0,"time":33.10345},{"$id":"210","type":0,"pos":-1.5,"size":0.6999999,"_time":33.10345,"shift":0,"time":33.10345},{"$id":"211","type":0,"pos":-2,"size":0.6999999,"_time":33.27586,"shift":0,"time":33.27586},{"$id":"212","type":0,"pos":1.5,"size":1.3,"_time":33.27586,"shift":0,"time":33.27586},{"$id":"213","type":0,"pos":-1.5,"size":0.6999999,"_time":33.44828,"shift":0,"time":33.44828},{"$id":"214","type":0,"pos":0,"size":1.3,"_time":33.44828,"shift":0,"time":33.44828},{"$id":"215","type":0,"pos":2,"size":1.3,"_time":33.62069,"shift":0,"time":33.62069},{"$id":"216","type":0,"pos":-2,"size":0.6999999,"_time":33.62069,"shift":0,"time":33.62069},{"$id":"217","type":0,"pos":-1.5,"size":0.6999999,"_time":33.79311,"shift":0,"time":33.79311},{"$id":"218","type":0,"pos":0.75,"size":1.3,"_time":33.79311,"shift":0,"time":33.79311},{"$id":"219","type":0,"pos":-2,"size":0.6999999,"_time":33.96552,"shift":0,"time":33.96552},{"$id":"220","type":0,"pos":-0.5,"size":1.3,"_time":33.96552,"shift":0,"time":33.96552},{"$id":"221","type":0,"pos":0.75,"size":1.3,"_time":34.13793,"shift":0,"time":34.13793},{"$id":"222","type":0,"pos":-2,"size":0.6999999,"_time":34.13793,"shift":0,"time":34.13793},{"$id":"223","type":0,"pos":-0.75,"size":0.6999999,"_time":34.22414,"shift":0,"time":34.22414},{"$id":"224","type":0,"pos":-2,"size":0.6999999,"_time":34.31035,"shift":0,"time":34.31035},{"$id":"225","type":0,"pos":2,"size":1.3,"_time":34.31035,"shift":0,"time":34.31035},{"$id":"226","type":0,"pos":0.75,"size":1.3,"_time":34.48276,"shift":0,"time":34.48276},{"$id":"227","type":0,"pos":-1.5,"size":0.6999999,"_time":34.48277,"shift":0,"time":34.48277},{"$id":"228","type":0,"pos":-2,"size":0.6999999,"_time":34.65517,"shift":0,"time":34.65517},{"$id":"229","type":0,"pos":1.5,"size":1.3,"_time":34.65517,"shift":0,"time":34.65517},{"$id":"230","type":0,"pos":0,"size":1.3,"_time":34.82758,"shift":0,"time":34.82758},{"$id":"231","type":0,"pos":-1.5,"size":0.6999999,"_time":34.82759,"shift":0,"time":34.82759},{"$id":"232","type":0,"pos":2,"size":1.3,"_time":35,"shift":0,"time":35},{"$id":"233","type":0,"pos":-2,"size":0.6999999,"_time":35,"shift":0,"time":35},{"$id":"234","type":0,"pos":-1.5,"size":0.6999999,"_time":35.17242,"shift":0,"time":35.17242},{"$id":"235","type":0,"pos":0.75,"size":1.3,"_time":35.17242,"shift":0,"time":35.17242},{"$id":"236","type":0,"pos":-0.5,"size":1.3,"_time":35.34483,"shift":0,"time":35.34483},{"$id":"237","type":0,"pos":-2,"size":0.6999999,"_time":35.34483,"shift":0,"time":35.34483},{"$id":"238","type":0,"pos":0.75,"size":1.3,"_time":35.51724,"shift":0,"time":35.51724},{"$id":"239","type":0,"pos":-2,"size":0.6999999,"_time":35.51725,"shift":0,"time":35.51725},{"$id":"240","type":0,"pos":-0.75,"size":0.6999999,"_time":35.60345,"shift":0,"time":35.60345},{"$id":"241","type":0,"pos":-2,"size":0.6999999,"_time":35.68966,"shift":0,"time":35.68966},{"$id":"242","type":0,"pos":2,"size":1.3,"_time":35.68966,"shift":0,"time":35.68966},{"$id":"243","type":0,"pos":0.75,"size":1.3,"_time":35.86207,"shift":0,"time":35.86207},{"$id":"244","type":0,"pos":-1.5,"size":0.6999999,"_time":35.86208,"shift":0,"time":35.86208},{"$id":"245","type":0,"pos":1.5,"size":1.3,"_time":36.03448,"shift":0,"time":36.03448},{"$id":"246","type":0,"pos":-2,"size":0.6999999,"_time":36.03448,"shift":0,"time":36.03448},{"$id":"247","type":0,"pos":0,"size":1.3,"_time":36.2069,"shift":0,"time":36.2069},{"$id":"248","type":0,"pos":-1.5,"size":0.6999999,"_time":36.2069,"shift":0,"time":36.2069},{"$id":"249","type":0,"pos":2,"size":1.3,"_time":36.37931,"shift":0,"time":36.37931},{"$id":"250","type":0,"pos":-2,"size":0.6999999,"_time":36.37931,"shift":0,"time":36.37931},{"$id":"251","type":0,"pos":1.5,"size":1.3,"_time":36.55173,"shift":0,"time":36.55173},{"$id":"252","type":0,"pos":-1.5,"size":0.6999999,"_time":36.55173,"shift":0,"time":36.55173},{"$id":"253","type":0,"pos":1,"size":1.3,"_time":36.72414,"shift":0,"time":36.72414},{"$id":"254","type":0,"pos":-2,"size":0.6999999,"_time":36.72414,"shift":0,"time":36.72414},{"$id":"255","type":0,"sounds":[{"w":0,"d":0,"p":72,"v":0}],"pos":-1,"size":1.5,"_time":36.89655,"shift":0,"time":36.89655},{"$id":"256","type":0,"sounds":[{"w":0,"d":0,"p":72,"v":0}],"pos":1,"size":1.3,"_time":36.89655,"shift":0,"time":36.89655},{"$id":"257","type":0,"sounds":[{"w":0,"d":0,"p":72,"v":0}],"pos":-1.5,"size":1.5,"_time":37.58621,"shift":0,"time":37.58621},{"$id":"258","type":0,"sounds":[{"w":0,"d":0,"p":72,"v":0}],"pos":1,"size":1.3,"_time":37.58621,"shift":0,"time":37.58621},{"$id":"259","type":0,"sounds":[{"w":0,"d":0,"p":72,"v":0}],"pos":-2,"size":1.5,"_time":38.27586,"shift":0,"time":38.27586},{"$id":"260","type":0,"sounds":[{"w":0,"d":0,"p":72,"v":0}],"pos":1,"size":1.3,"_time":38.27586,"shift":0,"time":38.27586},{"$id":"261","type":0,"sounds":[{"w":0,"d":0,"p":72,"v":0}],"pos":-0.25,"size":1.1,"_time":38.96552,"shift":0,"time":38.96552},{"$id":"262","type":0,"sounds":[{"w":0,"d":0,"p":72,"v":0}],"pos":-1.75,"size":1.2,"_time":39.13793,"shift":0,"time":39.13793},{"$id":"263","type":0,"sounds":[{"w":0,"d":0,"p":72,"v":0}],"pos":-0.75,"size":1.1,"_time":39.31035,"shift":0,"time":39.31035},{"$id":"264","type":0,"sounds":[{"w":0,"d":0,"p":72,"v":0}],"pos":0.25,"size":1.2,"_time":39.48276,"shift":0,"time":39.48276},{"$id":"265","type":0,"sounds":[{"w":0,"d":0,"p":72,"v":0}],"pos":1.25,"size":1,"_time":39.65517,"shift":0,"time":39.65517},{"$id":"266","type":0,"sounds":[{"w":0,"d":0,"p":72,"v":0}],"pos":2,"size":0.9,"_time":39.74138,"shift":0,"time":39.74138},{"$id":"267","type":0,"sounds":[{"w":0,"d":0,"p":72,"v":0}],"pos":0.75,"size":0.9,"_time":40.04311,"shift":0,"time":40.04311},{"$id":"268","type":0,"sounds":[{"w":0,"d":0,"p":72,"v":0}],"pos":2,"size":1,"_time":40.30173,"shift":0,"time":40.30173},{"$id":"269","type":0,"sounds":[{"w":0,"d":0,"p":72,"v":0}],"pos":-1,"size":1.3,"_time":40.30173,"shift":0,"time":40.30173},{"$id":"270","type":0,"sounds":[{"w":0,"d":0,"p":72,"v":0}],"pos":-0.75,"size":1,"_time":40.56035,"shift":0,"time":40.56035},{"$id":"271","type":0,"sounds":[{"w":0,"d":0,"p":72,"v":0}],"pos":0.75,"size":0.9,"_time":40.68966,"shift":0,"time":40.68966},{"$id":"272","type":0,"sounds":[{"w":0,"d":0,"p":72,"v":0}],"pos":-1,"size":1,"_time":40.77586,"shift":0,"time":40.77586},{"$id":"273","type":0,"sounds":[{"w":0,"d":0,"p":72,"v":0}],"pos":1.25,"size":0.9,"_time":40.86207,"shift":0,"time":40.86207},{"$id":"274","type":0,"sounds":[{"w":0,"d":0,"p":72,"v":0}],"pos":-0.5,"size":0.9,"_time":40.94828,"shift":0,"time":40.94828},{"$id":"275","type":0,"sounds":[{"w":0,"d":0,"p":72,"v":0}],"pos":1,"size":1.1,"_time":41.03448,"shift":0,"time":41.03448},{"$id":"276","type":0,"sounds":[{"w":0,"d":0,"p":72,"v":0}],"pos":-1.25,"size":1.3,"_time":41.03448,"shift":0,"time":41.03448},{"$id":"277","type":0,"sounds":[{"w":0,"d":0,"p":72,"v":0}],"pos":0,"size":1,"_time":42.06897,"shift":0,"time":42.06897},{"$id":"278","type":0,"sounds":[{"w":0,"d":0,"p":72,"v":0}],"pos":1,"size":0.8,"_time":42.24138,"shift":0,"time":42.24138},{"$id":"279","type":0,"sounds":[{"w":0,"d":0,"p":72,"v":0}],"pos":0.25,"size":1,"_time":42.32759,"shift":0,"time":42.32759},{"$id":"280","type":0,"pos":2,"size":1,"_time":42.41379,"shift":0,"time":42.41379},{"$id":"281","type":0,"sounds":[{"w":0,"d":0,"p":72,"v":0}],"pos":-0.25,"size":1.2,"_time":42.4138,"shift":0,"time":42.4138},{"$id":"282","type":0,"pos":2,"size":1,"_time":42.58621,"shift":0,"time":42.58621},{"$id":"283","type":0,"pos":-0.25,"size":1,"_time":42.58621,"shift":0,"time":42.58621},{"$id":"284","type":0,"pos":1.25,"size":1.2,"_time":42.75862,"shift":0,"time":42.75862},{"$id":"285","type":0,"pos":-1,"size":1.2,"_time":42.75862,"shift":0,"time":42.75862},{"$id":"286","type":0,"pos":-1,"size":1.2,"_time":42.93104,"shift":0,"time":42.93104},{"$id":"287","type":0,"pos":1.25,"size":1.2,"_time":42.93104,"shift":0,"time":42.93104},{"$id":"288","type":0,"pos":0.75,"size":1.4,"_time":43.10345,"shift":0,"time":43.10345},{"$id":"289","type":0,"pos":-1.5,"size":1.4,"_time":43.10345,"shift":0,"time":43.10345},{"$id":"290","type":0,"pos":-1.5,"size":1.4,"_time":43.27586,"shift":0,"time":43.27586},{"$id":"291","type":0,"pos":0.75,"size":1.4,"_time":43.27586,"shift":0,"time":43.27586},{"$id":"292","type":0,"pos":-2,"size":1.6,"_time":43.44828,"shift":0,"time":43.44828},{"$id":"293","type":0,"pos":0.25,"size":1.6,"_time":43.44828,"shift":0,"time":43.44828},{"$id":"294","type":0,"pos":0.25,"size":1.6,"_time":43.62069,"shift":0,"time":43.62069},{"$id":"295","type":0,"pos":-2,"size":1.6,"_time":43.62069,"shift":0,"time":43.62069},{"$id":"296","type":0,"pos":0,"size":1.2,"_time":43.79311,"shift":0,"time":43.79311},{"$id":"297","type":0,"pos":-1,"size":1.3,"_time":44.05172,"shift":0,"time":44.05172},{"$id":"298","type":0,"pos":1,"size":1.3,"_time":44.13793,"shift":0,"time":44.13793},{"$id":"299","type":0,"pos":-0.5,"size":1.3,"_time":44.22414,"shift":0,"time":44.22414},{"$id":"300","type":0,"pos":1.5,"size":1.3,"_time":44.31035,"shift":0,"time":44.31035},{"$id":"301","type":0,"pos":-1,"size":1.3,"_time":44.56897,"shift":0,"time":44.56897},{"$id":"302","type":0,"pos":1.5,"size":1.3,"_time":44.65517,"shift":0,"time":44.65517},{"$id":"303","type":0,"pos":0.5,"size":1.3,"_time":44.74138,"shift":0,"time":44.74138},{"$id":"304","type":0,"pos":2,"size":1.3,"_time":44.82759,"shift":0,"time":44.82759},{"$id":"305","type":0,"pos":-1,"size":1.3,"_time":45.08621,"shift":0,"time":45.08621},{"$id":"306","type":0,"pos":0.5,"size":1.3,"_time":45.17242,"shift":0,"time":45.17242},{"$id":"307","type":0,"pos":0,"size":1.3,"_time":45.25863,"shift":0,"time":45.25863},{"$id":"308","type":0,"pos":1.5,"size":1.3,"_time":45.34484,"shift":0,"time":45.34484},{"$id":"309","type":0,"pos":-1.25,"size":1.2,"_time":45.60345,"shift":0,"time":45.60345},{"$id":"310","type":0,"pos":1,"size":1.2,"_time":45.68966,"shift":0,"time":45.68966},{"$id":"311","type":0,"pos":0.25,"size":1.2,"_time":45.77587,"shift":0,"time":45.77587},{"$id":"312","type":0,"pos":1.25,"size":1.2,"_time":45.86208,"shift":0,"time":45.86208},{"$id":"313","type":0,"pos":0.25,"size":1.2,"_time":46.12069,"shift":0,"time":46.12069},{"$id":"314","type":0,"pos":-1.25,"size":1.2,"_time":46.20689,"shift":0,"time":46.20689},{"$id":"315","type":0,"pos":0,"size":1.2,"_time":46.55172,"shift":0,"time":46.55172},{"$id":"316","type":0,"pos":1,"size":1.3,"_time":46.81034,"shift":0,"time":46.81034},{"$id":"317","type":0,"pos":-1,"size":1.3,"_time":46.89655,"shift":0,"time":46.89655},{"$id":"318","type":0,"pos":0.5,"size":1.3,"_time":46.98275,"shift":0,"time":46.98275},{"$id":"319","type":0,"pos":-1.5,"size":1.3,"_time":47.06896,"shift":0,"time":47.06896},{"$id":"320","type":0,"pos":1.5,"size":1.3,"_time":47.32758,"shift":0,"time":47.32758},{"$id":"321","type":0,"pos":-0.75,"size":1.3,"_time":47.41378,"shift":0,"time":47.41378},{"$id":"322","type":0,"pos":0.25,"size":1.3,"_time":47.49999,"shift":0,"time":47.49999},{"$id":"323","type":0,"pos":-2,"size":1.3,"_time":47.5862,"shift":0,"time":47.5862},{"$id":"324","type":0,"pos":1,"size":1.3,"_time":47.84483,"shift":0,"time":47.84483},{"$id":"325","type":0,"pos":-0.5,"size":1.3,"_time":47.93103,"shift":0,"time":47.93103},{"$id":"326","type":0,"pos":0,"size":1.3,"_time":48.01724,"shift":0,"time":48.01724},{"$id":"327","type":0,"pos":-1.5,"size":1.3,"_time":48.10345,"shift":0,"time":48.10345},{"$id":"328","type":0,"pos":0.25,"size":1.2,"_time":48.36207,"shift":0,"time":48.36207},{"$id":"329","type":0,"pos":1,"size":1.2,"_time":48.44828,"shift":0,"time":48.44828},{"$id":"330","type":0,"pos":-1.25,"size":1.2,"_time":48.53448,"shift":0,"time":48.53448},{"$id":"331","type":0,"pos":-0.5,"size":1.2,"_time":48.62069,"shift":0,"time":48.62069},{"$id":"332","type":0,"pos":1.25,"size":1.2,"_time":48.87931,"shift":0,"time":48.87931},{"$id":"333","type":0,"pos":-0.25,"size":1.2,"_time":48.96552,"shift":0,"time":48.96552},{"$id":"334","type":0,"pos":0,"size":1.2,"_time":49.31035,"shift":0,"time":49.31035},{"$id":"335","type":0,"pos":-0.5,"size":1.3,"_time":49.56896,"shift":0,"time":49.56896},{"$id":"336","type":0,"pos":1.5,"size":1.3,"_time":49.65517,"shift":0,"time":49.65517},{"$id":"337","type":0,"pos":-2,"size":1.3,"_time":49.74137,"shift":0,"time":49.74137},{"$id":"338","type":0,"pos":0,"size":1.3,"_time":49.82759,"shift":0,"time":49.82759},{"$id":"339","type":0,"pos":-0.5,"size":1.3,"_time":50.0862,"shift":0,"time":50.0862},{"$id":"340","type":0,"pos":-2,"size":1.3,"_time":50.17241,"shift":0,"time":50.17241},{"$id":"341","type":0,"pos":2,"size":1.3,"_time":50.25862,"shift":0,"time":50.25862},{"$id":"342","type":0,"pos":0,"size":1.3,"_time":50.34483,"shift":0,"time":50.34483},{"$id":"343","type":0,"pos":0.25,"size":1.3,"_time":50.60345,"shift":0,"time":50.60345},{"$id":"344","type":0,"pos":2,"size":1.3,"_time":50.68966,"shift":0,"time":50.68966},{"$id":"345","type":0,"pos":-0.25,"size":1.3,"_time":50.77586,"shift":0,"time":50.77586},{"$id":"346","type":0,"pos":1.25,"size":1.3,"_time":50.86208,"shift":0,"time":50.86208},{"$id":"347","type":0,"pos":0.5,"size":1.2,"_time":51.12069,"shift":0,"time":51.12069},{"$id":"348","type":0,"pos":-2,"size":1.2,"_time":51.2069,"shift":0,"time":51.2069},{"$id":"349","type":0,"pos":0,"size":1.2,"_time":51.29311,"shift":0,"time":51.29311},{"$id":"350","type":0,"pos":-1.25,"size":1.2,"_time":51.37932,"shift":0,"time":51.37932},{"$id":"351","type":0,"pos":0.5,"size":1.2,"_time":51.63793,"shift":0,"time":51.63793},{"$id":"352","type":0,"pos":-1,"size":1.2,"_time":51.72414,"shift":0,"time":51.72414},{"$id":"353","type":0,"pos":0,"size":1.2,"_time":52.06897,"shift":0,"time":52.06897},{"$id":"354","type":0,"pos":-0.5,"size":1.3,"_time":52.32759,"shift":0,"time":52.32759},{"$id":"355","type":0,"pos":2,"size":1.3,"_time":52.41379,"shift":0,"time":52.41379},{"$id":"356","type":0,"pos":0,"size":1.3,"_time":52.5,"shift":0,"time":52.5},{"$id":"357","type":0,"pos":1.25,"size":1.3,"_time":52.58621,"shift":0,"time":52.58621},{"$id":"358","type":0,"pos":0.5,"size":1.3,"_time":52.84483,"shift":0,"time":52.84483},{"$id":"359","type":0,"pos":-2,"size":1.3,"_time":52.93103,"shift":0,"time":52.93103},{"$id":"360","type":0,"pos":0.25,"size":1.3,"_time":53.01724,"shift":0,"time":53.01724},{"$id":"361","type":0,"pos":-0.75,"size":1.3,"_time":53.10345,"shift":0,"time":53.10345},{"$id":"362","type":0,"pos":-1,"size":1.3,"_time":53.36207,"shift":0,"time":53.36207},{"$id":"363","type":0,"pos":2,"size":1.3,"_time":53.44828,"shift":0,"time":53.44828},{"$id":"364","type":0,"pos":0,"size":1.3,"_time":53.53448,"shift":0,"time":53.53448},{"$id":"365","type":0,"pos":2,"size":1.3,"_time":53.62069,"shift":0,"time":53.62069},{"$id":"366","type":0,"pos":-2,"size":1.2,"_time":53.87931,"shift":0,"time":53.87931},{"$id":"367","type":0,"pos":0.25,"size":1.2,"_time":53.96552,"shift":0,"time":53.96552},{"$id":"368","type":0,"pos":-1.5,"size":1.2,"_time":54.05172,"shift":0,"time":54.05172},{"$id":"369","type":0,"pos":1.5,"size":1.2,"_time":54.13793,"shift":0,"time":54.13793},{"$id":"370","type":0,"pos":-1,"size":1.2,"_time":54.13794,"shift":0,"time":54.13794},{"$id":"371","type":0,"pos":-0.25,"size":1.2,"_time":54.22414,"shift":0,"time":54.22414},{"$id":"372","type":0,"pos":0.5,"size":1.2,"_time":54.31034,"shift":0,"time":54.31034},{"$id":"373","type":0,"pos":-2,"size":1.2,"_time":54.39655,"shift":0,"time":54.39655},{"$id":"374","type":0,"pos":-0.25,"size":1.2,"_time":54.39656,"shift":0,"time":54.39656},{"$id":"375","type":0,"pos":-1.5,"size":1.2,"_time":54.48276,"shift":0,"time":54.48276},{"$id":"376","type":0,"pos":0.5,"size":1.2,"_time":54.48276,"shift":0,"time":54.48276},{"$id":"377","type":0,"pos":1.25,"size":1.2,"_time":54.56897,"shift":0,"time":54.56897},{"$id":"378","type":0,"pos":0.5,"size":1.2,"_time":54.65518,"shift":0,"time":54.65518},{"$id":"379","type":0,"pos":1.25,"size":1.2,"_time":54.74138,"shift":0,"time":54.74138},{"$id":"380","type":0,"pos":0,"size":1.2,"_time":54.82759,"shift":0,"time":54.82759},{"$id":"381","type":0,"pos":2,"size":1.2,"_time":54.82759,"shift":0,"time":54.82759},{"$id":"382","type":0,"pos":-1.5,"size":1.3,"_time":55.0862,"shift":0,"time":55.0862},{"$id":"383","type":0,"pos":0.5,"size":1.3,"_time":55.17241,"shift":0,"time":55.17241},{"$id":"384","type":0,"pos":-0.5,"size":1.3,"_time":55.25861,"shift":0,"time":55.25861},{"$id":"385","type":0,"pos":1.5,"size":1.3,"_time":55.34483,"shift":0,"time":55.34483},{"$id":"386","type":0,"pos":1.5,"size":1.3,"_time":55.60344,"shift":0,"time":55.60344},{"$id":"387","type":0,"pos":-0.5,"size":1.3,"_time":55.68965,"shift":0,"time":55.68965},{"$id":"388","type":0,"pos":0.5,"size":1.3,"_time":55.77586,"shift":0,"time":55.77586},{"$id":"389","type":0,"pos":-1.5,"size":1.3,"_time":55.86206,"shift":0,"time":55.86206},{"$id":"390","type":0,"pos":-1.5,"size":1.3,"_time":56.12069,"shift":0,"time":56.12069},{"$id":"391","type":0,"pos":-0.5,"size":1.3,"_time":56.2069,"shift":0,"time":56.2069},{"$id":"392","type":0,"pos":0.5,"size":1.3,"_time":56.2931,"shift":0,"time":56.2931},{"$id":"393","type":0,"pos":1.5,"size":1.3,"_time":56.37931,"shift":0,"time":56.37931},{"$id":"394","type":0,"pos":-0.5,"size":1.2,"_time":56.63793,"shift":0,"time":56.63793},{"$id":"395","type":0,"pos":-0.5,"size":1.2,"_time":56.72414,"shift":0,"time":56.72414},{"$id":"396","type":0,"pos":1.5,"size":1.2,"_time":56.81034,"shift":0,"time":56.81034},{"$id":"397","type":0,"pos":1.5,"size":1.2,"_time":56.89656,"shift":0,"time":56.89656},{"$id":"398","type":0,"pos":-1.5,"size":1.2,"_time":57.15517,"shift":0,"time":57.15517},{"$id":"399","type":0,"pos":-1.5,"size":1.2,"_time":57.24138,"shift":0,"time":57.24138},{"$id":"400","type":0,"pos":0,"size":1.2,"_time":57.5,"shift":0,"time":57.5},{"$id":"401","type":0,"pos":1.5,"size":1.3,"_time":57.75862,"shift":0,"time":57.75862},{"$id":"402","type":0,"pos":-0.5,"size":1.3,"_time":57.84483,"shift":0,"time":57.84483},{"$id":"403","type":0,"pos":0.5,"size":1.3,"_time":57.93103,"shift":0,"time":57.93103},{"$id":"404","type":0,"pos":-1.5,"size":1.3,"_time":58.01724,"shift":0,"time":58.01724},{"$id":"405","type":0,"pos":-1.5,"size":1.3,"_time":58.27586,"shift":0,"time":58.27586},{"$id":"406","type":0,"pos":0.5,"size":1.3,"_time":58.36206,"shift":0,"time":58.36206},{"$id":"407","type":0,"pos":-0.5,"size":1.3,"_time":58.44827,"shift":0,"time":58.44827},{"$id":"408","type":0,"pos":1.5,"size":1.3,"_time":58.53448,"shift":0,"time":58.53448},{"$id":"409","type":0,"pos":1.5,"size":1.3,"_time":58.79311,"shift":0,"time":58.79311},{"$id":"410","type":0,"pos":0.5,"size":1.3,"_time":58.87931,"shift":0,"time":58.87931},{"$id":"411","type":0,"pos":-0.5,"size":1.3,"_time":58.96552,"shift":0,"time":58.96552},{"$id":"412","type":0,"pos":-1.5,"size":1.3,"_time":59.05173,"shift":0,"time":59.05173},{"$id":"413","type":0,"pos":0.5,"size":1.2,"_time":59.31035,"shift":0,"time":59.31035},{"$id":"414","type":0,"pos":0.5,"size":1.2,"_time":59.39656,"shift":0,"time":59.39656},{"$id":"415","type":0,"pos":-1.5,"size":1.2,"_time":59.48276,"shift":0,"time":59.48276},{"$id":"416","type":0,"pos":-1.5,"size":1.2,"_time":59.56897,"shift":0,"time":59.56897},{"$id":"417","type":0,"pos":1.5,"size":1.2,"_time":59.82759,"shift":0,"time":59.82759},{"$id":"418","type":0,"pos":-0.5,"size":1.2,"_time":59.91379,"shift":0,"time":59.91379},{"$id":"419","type":0,"pos":0,"size":1.2,"_time":60.25863,"shift":0,"time":60.25863},{"$id":"420","type":0,"pos":-1.5,"size":1.3,"_time":60.51724,"shift":0,"time":60.51724},{"$id":"421","type":0,"pos":-1.5,"size":1.3,"_time":60.60345,"shift":0,"time":60.60345},{"$id":"422","type":0,"pos":-1.5,"size":1.3,"_time":60.68966,"shift":0,"time":60.68966},{"$id":"423","type":0,"pos":-1.5,"size":1.3,"_time":60.77587,"shift":0,"time":60.77587},{"$id":"424","type":0,"pos":0.5,"size":1.3,"_time":61.03448,"shift":0,"time":61.03448},{"$id":"425","type":0,"pos":0.5,"size":1.3,"_time":61.12069,"shift":0,"time":61.12069},{"$id":"426","type":0,"pos":0.5,"size":1.3,"_time":61.2069,"shift":0,"time":61.2069},{"$id":"427","type":0,"pos":0.5,"size":1.3,"_time":61.29311,"shift":0,"time":61.29311},{"$id":"428","type":0,"pos":-0.5,"size":1.3,"_time":61.55173,"shift":0,"time":61.55173},{"$id":"429","type":0,"pos":-0.5,"size":1.3,"_time":61.63794,"shift":0,"time":61.63794},{"$id":"430","type":0,"pos":-0.5,"size":1.3,"_time":61.72414,"shift":0,"time":61.72414},{"$id":"431","type":0,"pos":-0.5,"size":1.3,"_time":61.81036,"shift":0,"time":61.81036},{"$id":"432","type":0,"pos":1.5,"size":1.2,"_time":62.06897,"shift":0,"time":62.06897},{"$id":"433","type":0,"pos":1.5,"size":1.2,"_time":62.15518,"shift":0,"time":62.15518},{"$id":"434","type":0,"pos":1.5,"size":1.2,"_time":62.24139,"shift":0,"time":62.24139},{"$id":"435","type":0,"pos":1.5,"size":1.2,"_time":62.3276,"shift":0,"time":62.3276},{"$id":"436","type":0,"pos":-0.5,"size":1.2,"_time":62.58621,"shift":0,"time":62.58621},{"$id":"437","type":0,"pos":-0.5,"size":1.2,"_time":62.67242,"shift":0,"time":62.67242},{"$id":"438","type":0,"pos":0,"size":1.2,"_time":63.10345,"shift":0,"time":63.10345},{"$id":"439","type":0,"pos":-0.5,"size":1.3,"_time":63.36207,"shift":0,"time":63.36207},{"$id":"440","type":0,"pos":-1.5,"size":1.3,"_time":63.44828,"shift":0,"time":63.44828},{"$id":"441","type":0,"pos":-0.5,"size":1.3,"_time":63.53448,"shift":0,"time":63.53448},{"$id":"442","type":0,"pos":-1.5,"size":1.3,"_time":63.62069,"shift":0,"time":63.62069},{"$id":"443","type":0,"pos":0.5,"size":1.3,"_time":63.87931,"shift":0,"time":63.87931},{"$id":"444","type":0,"pos":1.5,"size":1.3,"_time":63.96552,"shift":0,"time":63.96552},{"$id":"445","type":0,"pos":0.5,"size":1.3,"_time":64.05173,"shift":0,"time":64.05173},{"$id":"446","type":0,"pos":1.5,"size":1.3,"_time":64.13793,"shift":0,"time":64.13793},{"$id":"447","type":0,"pos":-1.5,"size":1.3,"_time":64.39655,"shift":0,"time":64.39655},{"$id":"448","type":0,"pos":-0.5,"size":1.3,"_time":64.48276,"shift":0,"time":64.48276},{"$id":"449","type":0,"pos":-1.5,"size":1.3,"_time":64.56897,"shift":0,"time":64.56897},{"$id":"450","type":0,"pos":-0.5,"size":1.3,"_time":64.65517,"shift":0,"time":64.65517},{"$id":"451","type":0,"pos":1.5,"size":1.2,"_time":64.9138,"shift":0,"time":64.9138},{"$id":"452","type":0,"pos":0.5,"size":1.2,"_time":65,"shift":0,"time":65},{"$id":"453","type":0,"pos":1.5,"size":1.2,"_time":65.08621,"shift":0,"time":65.08621},{"$id":"454","type":0,"pos":0.5,"size":1.2,"_time":65.17242,"shift":0,"time":65.17242},{"$id":"455","type":0,"pos":-1,"size":1.3,"_time":65.17242,"shift":0,"time":65.17242},{"$id":"456","type":0,"pos":-2,"size":1.3,"_time":65.43102,"shift":0,"time":65.43102},{"$id":"457","type":0,"pos":-0.25,"size":1.3,"_time":65.43104,"shift":0,"time":65.43104},{"$id":"458","type":0,"sounds":[{"w":0,"d":0,"p":72,"v":0}],"pos":1.25,"size":1.4,"_time":65.77585,"shift":0,"time":65.77585},{"$id":"459","type":0,"sounds":[{"w":0,"d":0,"p":72,"v":0}],"pos":-0.75,"size":1.5,"_time":65.77585,"shift":0,"time":65.77585},{"$id":"460","type":0,"sounds":[{"w":0,"d":0,"p":72,"v":0}],"pos":0,"size":1.3,"_time":67.24138,"shift":0,"time":67.24138},{"$id":"461","type":0,"sounds":[{"w":0,"d":0,"p":72,"v":0}],"pos":-1.75,"size":1.4,"_time":67.24138,"shift":0,"time":67.24138},{"$id":"462","type":0,"sounds":[{"w":0,"d":0,"p":72,"v":0}],"pos":-0.25,"size":1.4,"_time":68.57759,"shift":0,"time":68.57759},{"$id":"463","type":0,"sounds":[{"w":0,"d":0,"p":72,"v":0}],"pos":1.75,"size":1.3,"_time":68.57759,"shift":0,"time":68.57759},{"$id":"464","type":0,"sounds":[{"w":0,"d":0,"p":72,"v":0}],"pos":1.25,"size":1.2,"_time":70.34483,"shift":0,"time":70.34483},{"$id":"465","type":0,"sounds":[{"w":0,"d":0,"p":72,"v":0}],"pos":0,"size":1.2,"_time":70.68965,"shift":0,"time":70.68965},{"$id":"466","type":0,"sounds":[{"w":0,"d":0,"p":72,"v":0}],"pos":-1.5,"size":1.2,"_time":71.03448,"shift":0,"time":71.03448},{"$id":"467","type":0,"sounds":[{"w":0,"d":0,"p":72,"v":0}],"pos":2,"size":1.4,"_time":71.37931,"shift":0,"time":71.37931},{"$id":"468","type":0,"sounds":[{"w":0,"d":0,"p":72,"v":0}],"pos":-0.25,"size":1.2,"_time":71.37931,"shift":0,"time":71.37931},{"$id":"469","type":0,"sounds":[{"w":0,"d":0,"p":72,"v":0}],"pos":-0.75,"size":1.3,"_time":72.67242,"shift":0,"time":72.67242},{"$id":"470","type":0,"sounds":[{"w":0,"d":0,"p":72,"v":0}],"pos":1.5,"size":1.1,"_time":72.71552,"shift":0,"time":72.71552},{"$id":"471","type":0,"sounds":[{"w":0,"d":0,"p":72,"v":0}],"pos":-1.25,"size":1.1,"_time":73.44827,"shift":0,"time":73.44827},{"$id":"472","type":0,"sounds":[{"w":0,"d":0,"p":72,"v":0}],"pos":-0.75,"size":1.4,"_time":74.13793,"shift":0,"time":74.13793},{"$id":"473","type":0,"sounds":[{"w":0,"d":0,"p":72,"v":0}],"pos":1.5,"size":1.2,"_time":74.13793,"shift":0,"time":74.13793},{"$id":"474","type":0,"sounds":[{"w":0,"d":0,"p":72,"v":0}],"pos":0.5,"size":0.9,"_time":74.74138,"shift":0,"time":74.74138},{"$id":"475","type":0,"sounds":[{"w":0,"d":0,"p":72,"v":0}],"pos":1.25,"size":1.2,"_time":75.86207,"shift":0,"time":75.86207},{"$id":"476","type":0,"sounds":[{"w":0,"d":0,"p":72,"v":0}],"pos":0,"size":1.2,"_time":76.2069,"shift":0,"time":76.2069},{"$id":"477","type":0,"sounds":[{"w":0,"d":0,"p":72,"v":0}],"pos":-1.5,"size":1.2,"_time":76.55173,"shift":0,"time":76.55173},{"$id":"478","type":0,"sounds":[{"w":0,"d":0,"p":72,"v":0}],"pos":-0.5,"size":1.4,"_time":76.89655,"shift":0,"time":76.89655},{"$id":"479","type":0,"sounds":[{"w":0,"d":0,"p":72,"v":0}],"pos":1.75,"size":1.2,"_time":76.89655,"shift":0,"time":76.89655},{"$id":"480","type":0,"sounds":[{"w":0,"d":0,"p":72,"v":0}],"pos":-0.75,"size":1.2,"_time":77.5862,"shift":0,"time":77.5862},{"$id":"481","type":0,"sounds":[{"w":0,"d":0,"p":72,"v":0}],"pos":-2,"size":1.2,"_time":77.75862,"shift":0,"time":77.75862},{"$id":"482","type":0,"sounds":[{"w":0,"d":0,"p":72,"v":0}],"pos":0.25,"size":1.1,"_time":77.93103,"shift":0,"time":77.93103},{"$id":"483","type":0,"sounds":[{"w":0,"d":0,"p":72,"v":0}],"pos":-1,"size":1.2,"_time":78.10345,"shift":0,"time":78.10345},{"$id":"484","type":0,"sounds":[{"w":0,"d":0,"p":72,"v":0}],"pos":0.75,"size":1.2,"_time":78.27586,"shift":0,"time":78.27586},{"$id":"485","type":0,"sounds":[{"w":0,"d":0,"p":72,"v":0}],"pos":1.25,"size":1.2,"_time":78.31896,"shift":0,"time":78.31896},{"$id":"486","type":0,"sounds":[{"w":0,"d":0,"p":72,"v":0}],"pos":1.75,"size":1.2,"_time":78.36207,"shift":0,"time":78.36207},{"$id":"487","type":0,"sounds":[{"w":0,"d":0,"p":72,"v":0}],"pos":0.75,"size":1.2,"_time":79.13793,"shift":0,"time":79.13793},{"$id":"488","type":0,"sounds":[{"w":0,"d":0,"p":72,"v":0}],"pos":-1.75,"size":1.2,"_time":79.22414,"shift":0,"time":79.22414},{"$id":"489","type":0,"sounds":[{"w":0,"d":0,"p":72,"v":0}],"pos":0,"size":1.1,"_time":79.31035,"shift":0,"time":79.31035},{"$id":"490","type":0,"sounds":[{"w":0,"d":0,"p":72,"v":0}],"pos":1,"size":1.2,"_time":79.52586,"shift":0,"time":79.52586},{"$id":"491","type":0,"sounds":[{"w":0,"d":0,"p":72,"v":0}],"pos":-0.75,"size":1.2,"_time":79.65517,"shift":0,"time":79.65517},{"$id":"492","type":0,"sounds":[{"w":0,"d":0,"p":72,"v":0}],"pos":1.5,"size":1.2,"_time":79.65517,"shift":0,"time":79.65517},{"$id":"493","type":0,"sounds":[{"w":0,"d":0,"p":72,"v":0}],"pos":1,"size":1.2,"_time":79.69828,"shift":0,"time":79.69828},{"$id":"494","type":0,"sounds":[{"w":0,"d":0,"p":72,"v":0}],"pos":-1.25,"size":1.2,"_time":79.69828,"shift":0,"time":79.69828},{"$id":"495","type":0,"sounds":[{"w":0,"d":0,"p":72,"v":0}],"pos":0.5,"size":1.2,"_time":79.74138,"shift":0,"time":79.74138},{"$id":"496","type":0,"sounds":[{"w":0,"d":0,"p":72,"v":0}],"pos":-1.75,"size":1.2,"_time":79.74138,"shift":0,"time":79.74138},{"$id":"497","type":0,"sounds":[{"w":0,"d":0,"p":72,"v":0}],"pos":-0.25,"size":1.2,"_time":80.30173,"shift":0,"time":80.30173},{"$id":"498","type":0,"sounds":[{"w":0,"d":0,"p":72,"v":0}],"pos":0.5,"size":1.1,"_time":80.34483,"shift":0,"time":80.34483},{"$id":"499","type":0,"sounds":[{"w":0,"d":0,"p":72,"v":0}],"pos":1.25,"size":1,"_time":80.38793,"shift":0,"time":80.38793},{"$id":"500","type":0,"sounds":[{"w":0,"d":0,"p":72,"v":0}],"pos":-0.75,"size":1.2,"_time":81.03448,"shift":0,"time":81.03448},{"$id":"501","type":0,"sounds":[{"w":0,"d":0,"p":72,"v":0}],"pos":1.25,"size":1.3,"_time":81.03448,"shift":0,"time":81.03448},{"$id":"502","type":0,"sounds":[{"w":0,"d":0,"p":72,"v":0}],"pos":1.25,"size":1.3,"_time":81.63793,"shift":0,"time":81.63793},{"$id":"503","type":0,"sounds":[{"w":0,"d":0,"p":72,"v":0}],"pos":-1.25,"size":1.2,"_time":81.63793,"shift":0,"time":81.63793},{"$id":"504","type":0,"sounds":[{"w":0,"d":0,"p":72,"v":0}],"pos":1.25,"size":1.3,"_time":82.32758,"shift":0,"time":82.32758},{"$id":"505","type":0,"sounds":[{"w":0,"d":0,"p":72,"v":0}],"pos":-1.75,"size":1.2,"_time":82.32758,"shift":0,"time":82.32758},{"$id":"506","type":0,"sounds":[{"w":0,"d":0,"p":72,"v":0}],"pos":-0.25,"size":1.1,"_time":83.10345,"shift":0,"time":83.10345},{"$id":"507","type":0,"sounds":[{"w":0,"d":0,"p":72,"v":0}],"pos":-1.75,"size":1.2,"_time":83.27586,"shift":0,"time":83.27586},{"$id":"508","type":0,"sounds":[{"w":0,"d":0,"p":72,"v":0}],"pos":-0.75,"size":1.1,"_time":83.44828,"shift":0,"time":83.44828},{"$id":"509","type":0,"sounds":[{"w":0,"d":0,"p":72,"v":0}],"pos":0.25,"size":1.2,"_time":83.62069,"shift":0,"time":83.62069},{"$id":"510","type":0,"sounds":[{"w":0,"d":0,"p":72,"v":0}],"pos":1.25,"size":1,"_time":83.79311,"shift":0,"time":83.79311},{"$id":"511","type":0,"sounds":[{"w":0,"d":0,"p":72,"v":0}],"pos":1.75,"size":0.9,"_time":83.87931,"shift":0,"time":83.87931},{"$id":"512","type":0,"sounds":[{"w":0,"d":0,"p":72,"v":0}],"pos":0.75,"size":0.9,"_time":84.18104,"shift":0,"time":84.18104},{"$id":"513","type":0,"sounds":[{"w":0,"d":0,"p":72,"v":0}],"pos":2,"size":1,"_time":84.43965,"shift":0,"time":84.43965},{"$id":"514","type":0,"sounds":[{"w":0,"d":0,"p":72,"v":0}],"pos":-1,"size":1.3,"_time":84.43965,"shift":0,"time":84.43965},{"$id":"515","type":0,"sounds":[{"w":0,"d":0,"p":72,"v":0}],"pos":1.75,"size":1,"_time":84.78448,"shift":0,"time":84.78448},{"$id":"516","type":0,"sounds":[{"w":0,"d":0,"p":72,"v":0}],"pos":0,"size":0.9,"_time":84.91379,"shift":0,"time":84.91379},{"$id":"517","type":0,"sounds":[{"w":0,"d":0,"p":72,"v":0}],"pos":1.5,"size":0.9,"_time":85.0431,"shift":0,"time":85.0431},{"$id":"518","type":0,"sounds":[{"w":0,"d":0,"p":72,"v":0}],"pos":1,"size":1.1,"_time":85.17241,"shift":0,"time":85.17241},{"$id":"519","type":0,"sounds":[{"w":0,"d":0,"p":72,"v":0}],"pos":-1.25,"size":1.3,"_time":85.17241,"shift":0,"time":85.17241},{"$id":"520","type":0,"sounds":[{"w":0,"d":0,"p":72,"v":0}],"pos":0.25,"size":1,"_time":86.37931,"shift":0,"time":86.37931},{"$id":"521","type":0,"sounds":[{"w":0,"d":0,"p":72,"v":0}],"pos":-0.75,"size":1,"_time":86.46552,"shift":0,"time":86.46552},{"$id":"522","type":0,"sounds":[{"w":0,"d":0,"p":72,"v":0}],"pos":-1.5,"size":1.4,"_time":86.55173,"shift":0,"time":86.55173},{"$id":"523","type":0,"pos":1.5,"size":1,"_time":86.55173,"shift":0,"time":86.55173},{"$id":"524","type":0,"pos":-0.25,"size":1,"_time":86.72413,"shift":0,"time":86.72413},{"$id":"525","type":0,"pos":1.5,"size":1,"_time":86.72413,"shift":0,"time":86.72413},{"$id":"526","type":0,"pos":-0.75,"size":1.1,"_time":86.89654,"shift":0,"time":86.89654},{"$id":"527","type":0,"pos":1,"size":1.1,"_time":86.89654,"shift":0,"time":86.89654},{"$id":"528","type":0,"pos":-0.75,"size":1.1,"_time":87.06896,"shift":0,"time":87.06896},{"$id":"529","type":0,"pos":1,"size":1.1,"_time":87.06896,"shift":0,"time":87.06896},{"$id":"530","type":0,"pos":0.5,"size":1.2,"_time":87.24137,"shift":0,"time":87.24137},{"$id":"531","type":0,"pos":-1.25,"size":1.2,"_time":87.24137,"shift":0,"time":87.24137},{"$id":"532","type":0,"pos":-1.25,"size":1.2,"_time":87.41378,"shift":0,"time":87.41378},{"$id":"533","type":0,"pos":0.5,"size":1.2,"_time":87.4138,"shift":0,"time":87.4138},{"$id":"534","type":0,"pos":-2,"size":1.4,"_time":87.5862,"shift":0,"time":87.5862},{"$id":"535","type":0,"pos":-0.25,"size":1.4,"_time":87.5862,"shift":0,"time":87.5862},{"$id":"536","type":0,"pos":0,"size":1.5,"_time":87.93104,"shift":0,"time":87.93104},{"$id":"537","type":0,"pos":-1.5,"size":1.2,"_time":88.18965,"shift":0,"time":88.18965},{"$id":"538","type":0,"pos":0.5,"size":1,"_time":88.18965,"shift":0,"time":88.18965},{"$id":"539","type":0,"pos":-1,"size":1.2,"_time":88.27586,"shift":0,"time":88.27586},{"$id":"540","type":0,"pos":1,"size":1,"_time":88.27586,"shift":0,"time":88.27586},{"$id":"541","type":0,"pos":-2,"size":1.2,"_time":88.36206,"shift":0,"time":88.36206},{"$id":"542","type":0,"pos":1.5,"size":1,"_time":88.36207,"shift":0,"time":88.36207},{"$id":"543","type":0,"pos":2,"size":1,"_time":88.44827,"shift":0,"time":88.44827},{"$id":"544","type":0,"pos":-1.5,"size":1.2,"_time":88.44827,"shift":0,"time":88.44827},{"$id":"545","type":0,"pos":0.5,"size":1,"_time":88.70689,"shift":0,"time":88.70689},{"$id":"546","type":0,"pos":-1.5,"size":1.2,"_time":88.70689,"shift":0,"time":88.70689},{"$id":"547","type":0,"pos":-2,"size":1.2,"_time":88.7931,"shift":0,"time":88.7931},{"$id":"548","type":0,"pos":1,"size":1,"_time":88.7931,"shift":0,"time":88.7931},{"$id":"549","type":0,"pos":1.5,"size":1,"_time":88.87931,"shift":0,"time":88.87931},{"$id":"550","type":0,"pos":-1,"size":1.2,"_time":88.87931,"shift":0,"time":88.87931},{"$id":"551","type":0,"pos":-1.5,"size":1.2,"_time":88.96552,"shift":0,"time":88.96552},{"$id":"552","type":0,"pos":2,"size":1,"_time":88.96552,"shift":0,"time":88.96552},{"$id":"553","type":0,"pos":-2,"size":1,"_time":89.22414,"shift":0,"time":89.22414},{"$id":"554","type":0,"pos":1.5,"size":1.2,"_time":89.22414,"shift":0,"time":89.22414},{"$id":"555","type":0,"pos":2,"size":1.2,"_time":89.31034,"shift":0,"time":89.31034},{"$id":"556","type":0,"pos":-1.5,"size":1,"_time":89.31034,"shift":0,"time":89.31034},{"$id":"557","type":0,"pos":1,"size":1.2,"_time":89.39655,"shift":0,"time":89.39655},{"$id":"558","type":0,"pos":-1,"size":1,"_time":89.39655,"shift":0,"time":89.39655},{"$id":"559","type":0,"pos":1.5,"size":1.2,"_time":89.48276,"shift":0,"time":89.48276},{"$id":"560","type":0,"pos":-0.5,"size":1,"_time":89.48276,"shift":0,"time":89.48276},{"$id":"561","type":0,"pos":-2,"size":1,"_time":89.74136,"shift":0,"time":89.74136},{"$id":"562","type":0,"pos":1.5,"size":1.2,"_time":89.74136,"shift":0,"time":89.74136},{"$id":"563","type":0,"pos":1,"size":1.2,"_time":89.82757,"shift":0,"time":89.82757},{"$id":"564","type":0,"pos":-1.5,"size":1,"_time":89.82757,"shift":0,"time":89.82757},{"$id":"565","type":0,"pos":2,"size":1.2,"_time":89.91377,"shift":0,"time":89.91377},{"$id":"566","type":0,"pos":-1,"size":1,"_time":89.91378,"shift":0,"time":89.91378},{"$id":"567","type":0,"pos":-0.5,"size":1,"_time":89.99998,"shift":0,"time":89.99998},{"$id":"568","type":0,"pos":1.5,"size":1.2,"_time":89.99998,"shift":0,"time":89.99998},{"$id":"569","type":0,"pos":0,"size":1.4,"_time":90.68966,"shift":0,"time":90.68966},{"$id":"570","type":0,"pos":0,"size":1.2,"_time":90.94827,"shift":0,"time":90.94827},{"$id":"571","type":0,"pos":-2,"size":1,"_time":90.94827,"shift":0,"time":90.94827},{"$id":"572","type":0,"pos":-1.5,"size":1,"_time":91.03448,"shift":0,"time":91.03448},{"$id":"573","type":0,"pos":0.5,"size":1.2,"_time":91.03448,"shift":0,"time":91.03448},{"$id":"574","type":0,"pos":1,"size":1.2,"_time":91.12068,"shift":0,"time":91.12068},{"$id":"575","type":0,"pos":-1,"size":1,"_time":91.12069,"shift":0,"time":91.12069},{"$id":"576","type":0,"pos":1.5,"size":1.2,"_time":91.20689,"shift":0,"time":91.20689},{"$id":"577","type":0,"pos":-0.5,"size":1,"_time":91.20689,"shift":0,"time":91.20689},{"$id":"578","type":0,"pos":-2,"size":1,"_time":91.46552,"shift":0,"time":91.46552},{"$id":"579","type":0,"pos":0,"size":1.2,"_time":91.46552,"shift":0,"time":91.46552},{"$id":"580","type":0,"pos":-1.5,"size":1,"_time":91.55173,"shift":0,"time":91.55173},{"$id":"581","type":0,"pos":0.5,"size":1.2,"_time":91.55173,"shift":0,"time":91.55173},{"$id":"582","type":0,"pos":-1,"size":1,"_time":91.63793,"shift":0,"time":91.63793},{"$id":"583","type":0,"pos":1,"size":1.2,"_time":91.63793,"shift":0,"time":91.63793},{"$id":"584","type":0,"pos":1.5,"size":1.2,"_time":91.72414,"shift":0,"time":91.72414},{"$id":"585","type":0,"pos":-0.5,"size":1,"_time":91.72414,"shift":0,"time":91.72414},{"$id":"586","type":0,"pos":0.5,"size":1,"_time":91.98276,"shift":0,"time":91.98276},{"$id":"587","type":0,"pos":-1.5,"size":1.2,"_time":91.98276,"shift":0,"time":91.98276},{"$id":"588","type":0,"pos":-1,"size":1.2,"_time":92.06896,"shift":0,"time":92.06896},{"$id":"589","type":0,"pos":1,"size":1,"_time":92.06896,"shift":0,"time":92.06896},{"$id":"590","type":0,"pos":-0.5,"size":1.2,"_time":92.15517,"shift":0,"time":92.15517},{"$id":"591","type":0,"pos":1.5,"size":1,"_time":92.15517,"shift":0,"time":92.15517},{"$id":"592","type":0,"pos":2,"size":1,"_time":92.24138,"shift":0,"time":92.24138},{"$id":"593","type":0,"pos":0,"size":1.2,"_time":92.24138,"shift":0,"time":92.24138},{"$id":"594","type":0,"pos":0.5,"size":1,"_time":92.49999,"shift":0,"time":92.49999},{"$id":"595","type":0,"pos":-1.5,"size":1.2,"_time":92.49999,"shift":0,"time":92.49999},{"$id":"596","type":0,"pos":1,"size":1,"_time":92.5862,"shift":0,"time":92.5862},{"$id":"597","type":0,"pos":-1,"size":1.2,"_time":92.5862,"shift":0,"time":92.5862},{"$id":"598","type":0,"pos":-0.5,"size":1.2,"_time":92.6724,"shift":0,"time":92.6724},{"$id":"599","type":0,"pos":1.5,"size":1,"_time":92.67241,"shift":0,"time":92.67241},{"$id":"600","type":0,"pos":0,"size":1.2,"_time":92.75861,"shift":0,"time":92.75861},{"$id":"601","type":0,"pos":2,"size":1,"_time":92.75861,"shift":0,"time":92.75861},{"$id":"602","type":0,"pos":1.25,"size":1.3,"_time":93.44827,"shift":0,"time":93.44827},{"$id":"603","type":0,"pos":-1.25,"size":1,"_time":93.62069,"shift":0,"time":93.62069},{"$id":"604","type":0,"pos":-0.5,"size":1,"_time":93.70689,"shift":0,"time":93.70689},{"$id":"605","type":0,"pos":0.25,"size":1,"_time":93.79311,"shift":0,"time":93.79311},{"$id":"606","type":0,"pos":-1.75,"size":1.4,"_time":93.87931,"shift":0,"time":93.87931},{"$id":"607","type":0,"pos":1,"size":1,"_time":93.87931,"shift":0,"time":93.87931},{"$id":"608","type":0,"pos":-1.5,"size":1,"_time":94.13793,"shift":0,"time":94.13793},{"$id":"609","type":0,"pos":-0.75,"size":1,"_time":94.22414,"shift":0,"time":94.22414},{"$id":"610","type":0,"pos":0,"size":1,"_time":94.31035,"shift":0,"time":94.31035},{"$id":"611","type":0,"pos":-1.25,"size":1.4,"_time":94.39655,"shift":0,"time":94.39655},{"$id":"612","type":0,"pos":0.75,"size":1,"_time":94.39655,"shift":0,"time":94.39655},{"$id":"613","type":0,"pos":-1,"size":1,"_time":94.65516,"shift":0,"time":94.65516},{"$id":"614","type":0,"pos":-0.25,"size":1,"_time":94.74136,"shift":0,"time":94.74136},{"$id":"615","type":0,"pos":0.5,"size":1,"_time":94.82758,"shift":0,"time":94.82758},{"$id":"616","type":0,"pos":-0.75,"size":1.4,"_time":94.91378,"shift":0,"time":94.91378},{"$id":"617","type":0,"pos":1.25,"size":1,"_time":94.91378,"shift":0,"time":94.91378},{"$id":"618","type":0,"pos":-0.5,"size":1,"_time":95.1724,"shift":0,"time":95.1724},{"$id":"619","type":0,"pos":0.25,"size":1,"_time":95.25861,"shift":0,"time":95.25861},{"$id":"620","type":0,"pos":1,"size":1,"_time":95.34482,"shift":0,"time":95.34482},{"$id":"621","type":0,"pos":-0.25,"size":1.4,"_time":95.43102,"shift":0,"time":95.43102},{"$id":"622","type":0,"pos":1.75,"size":1,"_time":95.43102,"shift":0,"time":95.43102},{"$id":"623","type":0,"pos":-1.25,"size":1.3,"_time":96.20689,"shift":0,"time":96.20689},{"$id":"624","type":0,"pos":-1.25,"size":1,"_time":96.37931,"shift":0,"time":96.37931},{"$id":"625","type":0,"pos":-0.5,"size":1,"_time":96.46552,"shift":0,"time":96.46552},{"$id":"626","type":0,"pos":0.25,"size":1,"_time":96.55172,"shift":0,"time":96.55172},{"$id":"627","type":0,"pos":1,"size":1,"_time":96.63793,"shift":0,"time":96.63793},{"$id":"628","type":0,"pos":-1.75,"size":1.4,"_time":96.63793,"shift":0,"time":96.63793},{"$id":"629","type":0,"pos":-1.5,"size":1,"_time":96.89655,"shift":0,"time":96.89655},{"$id":"630","type":0,"pos":-0.75,"size":1,"_time":96.98276,"shift":0,"time":96.98276},{"$id":"631","type":0,"pos":0,"size":1,"_time":97.06896,"shift":0,"time":97.06896},{"$id":"632","type":0,"pos":-1.25,"size":1.4,"_time":97.15517,"shift":0,"time":97.15517},{"$id":"633","type":0,"pos":0.75,"size":1,"_time":97.15517,"shift":0,"time":97.15517},{"$id":"634","type":0,"pos":-1,"size":1,"_time":97.4138,"shift":0,"time":97.4138},{"$id":"635","type":0,"pos":-0.25,"size":1,"_time":97.5,"shift":0,"time":97.5},{"$id":"636","type":0,"pos":0.5,"size":1,"_time":97.5862,"shift":0,"time":97.5862},{"$id":"637","type":0,"pos":-0.75,"size":1.4,"_time":97.67242,"shift":0,"time":97.67242},{"$id":"638","type":0,"pos":1.25,"size":1,"_time":97.67242,"shift":0,"time":97.67242},{"$id":"639","type":0,"pos":-0.5,"size":1,"_time":97.93104,"shift":0,"time":97.93104},{"$id":"640","type":0,"pos":0.25,"size":1,"_time":98.01724,"shift":0,"time":98.01724},{"$id":"641","type":0,"pos":1,"size":1,"_time":98.10345,"shift":0,"time":98.10345},{"$id":"642","type":0,"pos":1.75,"size":1,"_time":98.18966,"shift":0,"time":98.18966},{"$id":"643","type":0,"pos":-0.25,"size":1.4,"_time":98.18966,"shift":0,"time":98.18966},{"$id":"644","type":0,"pos":-2,"size":0.8,"_time":98.27586,"shift":0,"time":98.27586},{"$id":"645","type":0,"pos":2,"size":0.8,"_time":98.27685,"shift":0,"time":98.27685},{"$id":"646","type":0,"pos":1.5,"size":0.9,"_time":98.36205,"shift":0,"time":98.36205},{"$id":"647","type":0,"pos":-1.5,"size":0.9,"_time":98.36206,"shift":0,"time":98.36206},{"$id":"648","type":0,"pos":0.75,"size":1,"_time":98.44826,"shift":0,"time":98.44826},{"$id":"649","type":0,"pos":-0.75,"size":1,"_time":98.44827,"shift":0,"time":98.44827},{"$id":"650","type":0,"pos":0,"size":1.1,"_time":98.53447,"shift":0,"time":98.53447},{"$id":"651","type":0,"pos":-0.75,"size":1.2,"_time":98.62067,"shift":0,"time":98.62067},{"$id":"652","type":0,"pos":0.75,"size":1.2,"_time":98.62068,"shift":0,"time":98.62068},{"$id":"653","type":0,"pos":0,"size":1.3,"_time":98.70688,"shift":0,"time":98.70688},{"$id":"654","type":0,"pos":-0.5,"size":1.4,"_time":98.79308,"shift":0,"time":98.79308},{"$id":"655","type":0,"pos":0.5,"size":1.4,"_time":98.79309,"shift":0,"time":98.79309},{"$id":"656","type":0,"pos":-1.25,"size":1.5,"_time":98.8793,"shift":0,"time":98.8793},{"$id":"657","type":0,"pos":1.25,"size":1.5,"_time":98.87931,"shift":0,"time":98.87931},{"$id":"658","type":0,"pos":-2,"size":1.6,"_time":98.9655,"shift":0,"time":98.9655},{"$id":"659","type":0,"pos":2,"size":1.6,"_time":98.96552,"shift":0,"time":98.96552},{"$id":"660","type":0,"pos":-1.333367,"size":1.2,"_time":99.05173,"shift":0,"time":99.05173},{"$id":"661","type":0,"pos":-0.6667,"size":1.2,"_time":99.13792,"shift":0,"time":99.13792},{"$id":"662","type":0,"pos":-3.333886E-05,"size":1.2,"_time":99.22414,"shift":0,"time":99.22414},{"$id":"663","type":0,"pos":0.6666333,"size":1.2,"_time":99.31035,"shift":0,"time":99.31035},{"$id":"664","type":0,"pos":1.3333,"size":1.2,"_time":99.39655,"shift":0,"time":99.39655},{"$id":"665","type":0,"pos":2,"size":1.6,"_time":99.48276,"shift":0,"time":99.48276},{"$id":"666","type":0,"pos":-2,"size":1.6,"_time":99.48276,"shift":0,"time":99.48276},{"$id":"667","type":0,"pos":-1.333367,"size":1.2,"_time":99.56896,"shift":0,"time":99.56896},{"$id":"668","type":0,"pos":-0.6667,"size":1.2,"_time":99.65516,"shift":0,"time":99.65516},{"$id":"669","type":0,"pos":-3.333886E-05,"size":1.2,"_time":99.74137,"shift":0,"time":99.74137},{"$id":"670","type":0,"pos":0.6666333,"size":1.2,"_time":99.82758,"shift":0,"time":99.82758},{"$id":"671","type":0,"pos":1.3333,"size":1.2,"_time":99.91378,"shift":0,"time":99.91378},{"$id":"672","type":0,"pos":-2,"size":1.6,"_time":99.99999,"shift":0,"time":99.99999},{"$id":"673","type":0,"pos":2,"size":1.6,"_time":100,"shift":0,"time":100},{"$id":"674","type":0,"pos":-1.333367,"size":1.2,"_time":100.0862,"shift":0,"time":100.0862},{"$id":"675","type":0,"pos":-0.6667,"size":1.2,"_time":100.1724,"shift":0,"time":100.1724},{"$id":"676","type":0,"pos":-3.333886E-05,"size":1.2,"_time":100.2586,"shift":0,"time":100.2586},{"$id":"677","type":0,"pos":0.6666333,"size":1.2,"_time":100.3448,"shift":0,"time":100.3448},{"$id":"678","type":0,"pos":1.3333,"size":1.2,"_time":100.431,"shift":0,"time":100.431},{"$id":"679","type":0,"pos":-2,"size":1.6,"_time":100.5172,"shift":0,"time":100.5172},{"$id":"680","type":0,"pos":2,"size":1.6,"_time":100.5173,"shift":0,"time":100.5173},{"$id":"681","type":0,"pos":-1.333367,"size":1.2,"_time":100.6035,"shift":0,"time":100.6035},{"$id":"682","type":0,"pos":-0.6667,"size":1.2,"_time":100.6897,"shift":0,"time":100.6897},{"$id":"683","type":0,"pos":-3.333886E-05,"size":1.2,"_time":100.7759,"shift":0,"time":100.7759},{"$id":"684","type":0,"pos":0.6666333,"size":1.2,"_time":100.8621,"shift":0,"time":100.8621},{"$id":"685","type":0,"pos":1.3333,"size":1.2,"_time":100.9483,"shift":0,"time":100.9483},{"$id":"686","type":0,"pos":-1.333367,"size":1.3,"_time":101.0345,"shift":0,"time":101.0345},{"$id":"687","type":0,"pos":1.999967,"size":1.3,"_time":101.0345,"shift":0,"time":101.0345},{"$id":"688","type":0,"pos":0.6666333,"size":1.3,"_time":101.3362,"shift":0,"time":101.3362},{"$id":"689","type":0,"pos":-2,"size":1.3,"_time":101.3362,"shift":0,"time":101.3362},{"$id":"690","type":0,"pos":2,"size":1.6,"_time":101.681,"shift":0,"time":101.681},{"$id":"691","type":0,"pos":-2,"size":1.6,"_time":101.681,"shift":0,"time":101.681},{"$id":"692","type":0,"pos":-1.333367,"size":1.2,"_time":101.7672,"shift":0,"time":101.7672},{"$id":"693","type":0,"pos":-0.6667,"size":1.2,"_time":101.8534,"shift":0,"time":101.8534},{"$id":"694","type":0,"pos":-3.333886E-05,"size":1.2,"_time":101.9397,"shift":0,"time":101.9397},{"$id":"695","type":0,"pos":0.6666333,"size":1.2,"_time":102.0259,"shift":0,"time":102.0259},{"$id":"696","type":0,"pos":1.3333,"size":1.2,"_time":102.1121,"shift":0,"time":102.1121},{"$id":"697","type":0,"pos":-2,"size":1.6,"_time":102.1983,"shift":0,"time":102.1983},{"$id":"698","type":0,"pos":2,"size":1.6,"_time":102.1983,"shift":0,"time":102.1983},{"$id":"699","type":0,"pos":-1.333367,"size":1.2,"_time":102.2845,"shift":0,"time":102.2845},{"$id":"700","type":0,"pos":-0.6667,"size":1.2,"_time":102.3707,"shift":0,"time":102.3707},{"$id":"701","type":0,"pos":-3.333886E-05,"size":1.2,"_time":102.4569,"shift":0,"time":102.4569},{"$id":"702","type":0,"pos":0.6666333,"size":1.2,"_time":102.5431,"shift":0,"time":102.5431},{"$id":"703","type":0,"pos":1.3333,"size":1.2,"_time":102.6293,"shift":0,"time":102.6293},{"$id":"704","type":0,"pos":2,"size":1.6,"_time":102.7155,"shift":0,"time":102.7155},{"$id":"705","type":0,"pos":-2,"size":1.6,"_time":102.7155,"shift":0,"time":102.7155},{"$id":"706","type":0,"pos":-1.333367,"size":1.2,"_time":102.8017,"shift":0,"time":102.8017},{"$id":"707","type":0,"pos":-0.6667,"size":1.2,"_time":102.8879,"shift":0,"time":102.8879},{"$id":"708","type":0,"pos":-3.333886E-05,"size":1.2,"_time":102.9741,"shift":0,"time":102.9741},{"$id":"709","type":0,"pos":0.6666333,"size":1.2,"_time":103.0603,"shift":0,"time":103.0603},{"$id":"710","type":0,"pos":1.3333,"size":1.2,"_time":103.1465,"shift":0,"time":103.1465},{"$id":"711","type":0,"pos":0.6666333,"size":1.2,"_time":103.2328,"shift":0,"time":103.2328},{"$id":"712","type":0,"pos":-1.333367,"size":1.2,"_time":103.2328,"shift":0,"time":103.2328},{"$id":"713","type":0,"pos":-1.333367,"size":1.2,"_time":103.4483,"shift":0,"time":103.4483},{"$id":"714","type":0,"pos":0.6666333,"size":1.2,"_time":103.4483,"shift":0,"time":103.4483},{"$id":"715","type":0,"pos":-0.6667,"size":1.4,"_time":103.7931,"shift":0,"time":103.7931},{"$id":"716","type":0,"pos":2,"size":1.4,"_time":103.7931,"shift":0,"time":103.7931},{"$id":"717","type":0,"pos":0.6666333,"size":1.4,"_time":104.0948,"shift":0,"time":104.0948},{"$id":"718","type":0,"pos":-2,"size":1.4,"_time":104.0948,"shift":0,"time":104.0948},{"$id":"719","type":0,"pos":-2,"size":1.6,"_time":104.4827,"shift":0,"time":104.4827},{"$id":"720","type":0,"pos":2,"size":1.6,"_time":104.4828,"shift":0,"time":104.4828},{"$id":"721","type":0,"pos":-1.333367,"size":1.2,"_time":104.569,"shift":0,"time":104.569},{"$id":"722","type":0,"pos":0.6666333,"size":1.2,"_time":104.6552,"shift":0,"time":104.6552},{"$id":"723","type":0,"pos":-0.6667,"size":1.2,"_time":104.7414,"shift":0,"time":104.7414},{"$id":"724","type":0,"pos":1.3333,"size":1.2,"_time":104.8276,"shift":0,"time":104.8276},{"$id":"725","type":0,"pos":-3.333886E-05,"size":1.2,"_time":104.9138,"shift":0,"time":104.9138},{"$id":"726","type":0,"pos":-2,"size":1.6,"_time":105,"shift":0,"time":105},{"$id":"727","type":0,"pos":2,"size":1.6,"_time":105,"shift":0,"time":105},{"$id":"728","type":0,"pos":1.333367,"size":1.2,"_time":105.0862,"shift":0,"time":105.0862},{"$id":"729","type":0,"pos":-0.6667,"size":1.2,"_time":105.1724,"shift":0,"time":105.1724},{"$id":"730","type":0,"pos":0.6666333,"size":1.2,"_time":105.2586,"shift":0,"time":105.2586},{"$id":"731","type":0,"pos":-1.333367,"size":1.2,"_time":105.3448,"shift":0,"time":105.3448},{"$id":"732","type":0,"pos":-3.333886E-05,"size":1.2,"_time":105.431,"shift":0,"time":105.431},{"$id":"733","type":0,"pos":-2,"size":1.6,"_time":105.5172,"shift":0,"time":105.5172},{"$id":"734","type":0,"pos":2,"size":1.6,"_time":105.5173,"shift":0,"time":105.5173},{"$id":"735","type":0,"pos":-1.333367,"size":1.2,"_time":105.6035,"shift":0,"time":105.6035},{"$id":"736","type":0,"pos":0.6666333,"size":1.2,"_time":105.6897,"shift":0,"time":105.6897},{"$id":"737","type":0,"pos":-0.6667,"size":1.2,"_time":105.7759,"shift":0,"time":105.7759},{"$id":"738","type":0,"pos":1.3333,"size":1.2,"_time":105.8621,"shift":0,"time":105.8621},{"$id":"739","type":0,"pos":-3.333886E-05,"size":1.2,"_time":105.9483,"shift":0,"time":105.9483},{"$id":"740","type":0,"pos":-2,"size":1.6,"_time":106.0345,"shift":0,"time":106.0345},{"$id":"741","type":0,"pos":2,"size":1.6,"_time":106.0345,"shift":0,"time":106.0345},{"$id":"742","type":0,"pos":1.333367,"size":1.2,"_time":106.1207,"shift":0,"time":106.1207},{"$id":"743","type":0,"pos":-0.6666333,"size":1.2,"_time":106.2069,"shift":0,"time":106.2069},{"$id":"744","type":0,"pos":0.6667,"size":1.2,"_time":106.2931,"shift":0,"time":106.2931},{"$id":"745","type":0,"pos":-1.3333,"size":1.2,"_time":106.3793,"shift":0,"time":106.3793},{"$id":"746","type":0,"pos":3.333886E-05,"size":1.2,"_time":106.4655,"shift":0,"time":106.4655},{"$id":"747","type":0,"pos":2,"size":1.5,"_time":106.5517,"shift":0,"time":106.5517},{"$id":"748","type":0,"pos":-2,"size":1.5,"_time":106.5517,"shift":0,"time":106.5517},{"$id":"749","type":0,"pos":1.3333,"size":1.5,"_time":106.8535,"shift":0,"time":106.8535},{"$id":"750","type":0,"pos":-1.333367,"size":1.5,"_time":106.8535,"shift":0,"time":106.8535},{"$id":"751","type":0,"pos":-2,"size":1.6,"_time":107.1983,"shift":0,"time":107.1983},{"$id":"752","type":0,"pos":-1.2,"size":1.5,"_time":107.2845,"shift":0,"time":107.2845},{"$id":"753","type":0,"pos":-0.4,"size":1.4,"_time":107.3707,"shift":0,"time":107.3707},{"$id":"754","type":0,"pos":0.4,"size":1.3,"_time":107.4569,"shift":0,"time":107.4569},{"$id":"755","type":0,"pos":1.2,"size":1.2,"_time":107.5431,"shift":0,"time":107.5431},{"$id":"756","type":0,"pos":2,"size":1.1,"_time":107.6293,"shift":0,"time":107.6293},{"$id":"757","type":0,"pos":-2,"size":1.6,"_time":107.7155,"shift":0,"time":107.7155},{"$id":"758","type":0,"pos":-1.2,"size":1.5,"_time":107.8017,"shift":0,"time":107.8017},{"$id":"759","type":0,"pos":-0.4,"size":1.4,"_time":107.8879,"shift":0,"time":107.8879},{"$id":"760","type":0,"pos":0.4,"size":1.3,"_time":107.9741,"shift":0,"time":107.9741},{"$id":"761","type":0,"pos":1.2,"size":1.2,"_time":108.0603,"shift":0,"time":108.0603},{"$id":"762","type":0,"pos":2,"size":1.1,"_time":108.1465,"shift":0,"time":108.1465},{"$id":"763","type":0,"pos":-2,"size":1.6,"_time":108.2328,"shift":0,"time":108.2328},{"$id":"764","type":0,"pos":-1.2,"size":1.5,"_time":108.319,"shift":0,"time":108.319},{"$id":"765","type":0,"pos":-0.4,"size":1.4,"_time":108.4052,"shift":0,"time":108.4052},{"$id":"766","type":0,"pos":0.4,"size":1.3,"_time":108.4914,"shift":0,"time":108.4914},{"$id":"767","type":0,"pos":1.2,"size":1.2,"_time":108.5776,"shift":0,"time":108.5776},{"$id":"768","type":0,"pos":2,"size":1.1,"_time":108.6638,"shift":0,"time":108.6638},{"$id":"769","type":0,"pos":2,"size":1.3,"_time":108.75,"shift":0,"time":108.75},{"$id":"770","type":0,"pos":-1.2,"size":1.3,"_time":108.75,"shift":0,"time":108.75},{"$id":"771","type":0,"pos":-1.2,"size":1.3,"_time":108.9224,"shift":0,"time":108.9224},{"$id":"772","type":0,"pos":2,"size":1.3,"_time":108.9224,"shift":0,"time":108.9224},{"$id":"773","type":0,"pos":2,"size":1.3,"_time":109.3103,"shift":0,"time":109.3103},{"$id":"774","type":0,"pos":-0.4000001,"size":1.3,"_time":109.3103,"shift":0,"time":109.3103},{"$id":"775","type":0,"pos":0.4,"size":1.3,"_time":109.6552,"shift":0,"time":109.6552},{"$id":"776","type":0,"pos":-2,"size":1.3,"_time":109.6552,"shift":0,"time":109.6552},{"$id":"777","type":0,"pos":0,"size":2,"_time":110,"shift":0,"time":110}],"links":[{"notes":[{"$ref":"28"},{"$ref":"29"}]},{"notes":[{"$ref":"36"},{"$ref":"39"}]},{"notes":[{"$ref":"37"},{"$ref":"38"}]},{"notes":[{"$ref":"41"},{"$ref":"42"}]},{"notes":[{"$ref":"54"}]},{"notes":[{"$ref":"68"},{"$ref":"70"},{"$ref":"71"},{"$ref":"74"},{"$ref":"75"},{"$ref":"78"},{"$ref":"80"},{"$ref":"82"},{"$ref":"84"},{"$ref":"86"},{"$ref":"87"},{"$ref":"89"},{"$ref":"91"},{"$ref":"93"},{"$ref":"95"},{"$ref":"97"},{"$ref":"99"},{"$ref":"101"},{"$ref":"103"},{"$ref":"104"},{"$ref":"106"},{"$ref":"108"},{"$ref":"110"},{"$ref":"112"},{"$ref":"114"},{"$ref":"116"},{"$ref":"118"},{"$ref":"120"},{"$ref":"121"},{"$ref":"122"},{"$ref":"125"},{"$ref":"127"},{"$ref":"129"},{"$ref":"130"},{"$ref":"133"},{"$ref":"135"}]},{"notes":[{"$ref":"137"},{"$ref":"138"},{"$ref":"140"},{"$ref":"142"},{"$ref":"144"},{"$ref":"146"},{"$ref":"148"},{"$ref":"150"},{"$ref":"152"},{"$ref":"154"},{"$ref":"155"},{"$ref":"157"},{"$ref":"159"},{"$ref":"161"},{"$ref":"163"},{"$ref":"165"},{"$ref":"167"},{"$ref":"169"},{"$ref":"171"},{"$ref":"172"},{"$ref":"174"},{"$ref":"176"},{"$ref":"178"},{"$ref":"180"},{"$ref":"182"},{"$ref":"184"},{"$ref":"186"},{"$ref":"188"},{"$ref":"189"},{"$ref":"191"},{"$ref":"193"},{"$ref":"195"},{"$ref":"197"},{"$ref":"199"},{"$ref":"201"},{"$ref":"203"}]},{"notes":[{"$ref":"204"},{"$ref":"206"},{"$ref":"208"},{"$ref":"210"},{"$ref":"211"},{"$ref":"213"},{"$ref":"216"},{"$ref":"217"},{"$ref":"219"},{"$ref":"222"},{"$ref":"223"},{"$ref":"224"},{"$ref":"227"},{"$ref":"228"},{"$ref":"231"},{"$ref":"233"},{"$ref":"234"},{"$ref":"237"},{"$ref":"239"},{"$ref":"240"},{"$ref":"241"},{"$ref":"244"},{"$ref":"246"},{"$ref":"248"},{"$ref":"250"},{"$ref":"252"},{"$ref":"254"}]},{"notes":[{"$ref":"266"}]},{"notes":[{"$ref":"278"}]},{"notes":[{"$ref":"279"},{"$ref":"281"}]},{"notes":[{"$ref":"370"}]},{"notes":[{"$ref":"371"},{"$ref":"372"},{"$ref":"374"},{"$ref":"376"},{"$ref":"377"},{"$ref":"378"},{"$ref":"379"},{"$ref":"381"}]},{"notes":[{"$ref":"485"},{"$ref":"486"}]},{"notes":[{"$ref":"493"},{"$ref":"495"}]},{"notes":[{"$ref":"494"},{"$ref":"496"}]},{"notes":[{"$ref":"498"},{"$ref":"499"}]},{"notes":[{"$ref":"511"}]},{"notes":[{"$ref":"520"}]},{"notes":[{"$ref":"521"},{"$ref":"522"}]},{"notes":[{"$ref":"538"}]},{"notes":[{"$ref":"539"},{"$ref":"541"},{"$ref":"544"}]},{"notes":[{"$ref":"540"},{"$ref":"542"},{"$ref":"543"}]},{"notes":[{"$ref":"545"}]},{"notes":[{"$ref":"547"},{"$ref":"550"},{"$ref":"551"}]},{"notes":[{"$ref":"548"},{"$ref":"549"},{"$ref":"552"}]},{"notes":[{"$ref":"553"}]},{"notes":[{"$ref":"555"},{"$ref":"557"},{"$ref":"559"}]},{"notes":[{"$ref":"556"},{"$ref":"558"},{"$ref":"560"}]},{"notes":[{"$ref":"561"}]},{"notes":[{"$ref":"563"},{"$ref":"565"},{"$ref":"568"}]},{"notes":[{"$ref":"564"},{"$ref":"566"},{"$ref":"567"}]},{"notes":[{"$ref":"571"}]},{"notes":[{"$ref":"572"},{"$ref":"575"},{"$ref":"577"}]},{"notes":[{"$ref":"573"},{"$ref":"574"},{"$ref":"576"}]},{"notes":[{"$ref":"578"}]},{"notes":[{"$ref":"580"},{"$ref":"582"},{"$ref":"585"}]},{"notes":[{"$ref":"581"},{"$ref":"583"},{"$ref":"584"}]},{"notes":[{"$ref":"586"}]},{"notes":[{"$ref":"588"},{"$ref":"590"},{"$ref":"593"},{"$ref":"597"},{"$ref":"598"},{"$ref":"600"}]},{"notes":[{"$ref":"589"},{"$ref":"591"},{"$ref":"592"}]},{"notes":[{"$ref":"594"}]},{"notes":[{"$ref":"596"},{"$ref":"599"},{"$ref":"601"}]},{"notes":[{"$ref":"603"}]},{"notes":[{"$ref":"604"},{"$ref":"605"},{"$ref":"607"}]},{"notes":[{"$ref":"608"}]},{"notes":[{"$ref":"609"},{"$ref":"610"},{"$ref":"612"}]},{"notes":[{"$ref":"613"}]},{"notes":[{"$ref":"614"},{"$ref":"615"},{"$ref":"617"}]},{"notes":[{"$ref":"618"}]},{"notes":[{"$ref":"619"},{"$ref":"620"},{"$ref":"622"}]},{"notes":[{"$ref":"624"}]},{"notes":[{"$ref":"625"},{"$ref":"626"},{"$ref":"627"}]},{"notes":[{"$ref":"629"}]},{"notes":[{"$ref":"630"},{"$ref":"631"},{"$ref":"633"}]},{"notes":[{"$ref":"634"}]},{"notes":[{"$ref":"635"},{"$ref":"636"},{"$ref":"638"}]},{"notes":[{"$ref":"639"}]},{"notes":[{"$ref":"640"},{"$ref":"641"},{"$ref":"642"}]},{"notes":[{"$ref":"646"},{"$ref":"648"},{"$ref":"651"},{"$ref":"653"},{"$ref":"654"},{"$ref":"656"}]},{"notes":[{"$ref":"647"},{"$ref":"649"},{"$ref":"652"},{"$ref":"655"},{"$ref":"657"}]},{"notes":[{"$ref":"650"}]},{"notes":[{"$ref":"660"},{"$ref":"661"},{"$ref":"662"}]},{"notes":[{"$ref":"663"},{"$ref":"664"}]},{"notes":[{"$ref":"667"},{"$ref":"668"},{"$ref":"669"}]},{"notes":[{"$ref":"670"},{"$ref":"671"}]},{"notes":[{"$ref":"674"},{"$ref":"675"},{"$ref":"676"}]},{"notes":[{"$ref":"677"},{"$ref":"678"}]},{"notes":[{"$ref":"681"},{"$ref":"682"},{"$ref":"683"}]},{"notes":[{"$ref":"684"},{"$ref":"685"}]},{"notes":[{"$ref":"692"},{"$ref":"693"},{"$ref":"694"}]},{"notes":[{"$ref":"695"},{"$ref":"696"}]},{"notes":[{"$ref":"699"},{"$ref":"700"},{"$ref":"701"}]},{"notes":[{"$ref":"702"},{"$ref":"703"}]},{"notes":[{"$ref":"706"},{"$ref":"707"},{"$ref":"708"}]},{"notes":[{"$ref":"709"},{"$ref":"710"}]}]}